[    9867ms] [WARNING] A parser-blocking, cross site (i.e. different eTLD+1) script, https://tam.cdn-go.cn/aegis-sdk/latest/aegis.min.js, is invoked via document.write. The network request for this script MAY be blocked by the browser in this or a future page load due to poor network connectivity. If blocked in this page load, it will be confirmed in a subsequent console message. See https://www.chromestatus.com/feature/5718547946799104 for more details. @ https://tcb.cloud.tencent.com/dev?envId=portfolio-site-v1-d1duqacaea7e51:0
[    9868ms] [WARNING] A parser-blocking, cross site (i.e. different eTLD+1) script, https://tam.cdn-go.cn/aegis-sdk/latest/aegis.min.js, is invoked via document.write. The network request for this script MAY be blocked by the browser in this or a future page load due to poor network connectivity. If blocked in this page load, it will be confirmed in a subsequent console message. See https://www.chromestatus.com/feature/5718547946799104 for more details. @ https://tcb.cloud.tencent.com/dev?envId=portfolio-site-v1-d1duqacaea7e51:0
[   15321ms] [ERROR] Failed to load resource: net::ERR_CONNECTION_CLOSED @ https://oth.str.beacon.qq.com/trpc.beacon.configserver.BeaconConfigService/QueryConfig:0
[   15355ms] [ERROR] Failed to load resource: net::ERR_CONNECTION_CLOSED @ https://0fd6-static-portfolio-site-v1-d1duqacaea7e51-1426158833.cos.ap-shanghai.myqcloud.com/?website:0
[   15400ms] [ERROR] Failed to load resource: net::ERR_CONNECTION_CLOSED @ https://helix.cloud.tencent.com/web-sdk.js:0
[   15401ms] [WARNING] Retrying %d (classic): %s 1 https://cloudcache.tencent-cloud.com/web-sdk.js @ https://console.cloud.tencent.com/tcb/platform/env?from=dev-platform-iframe:1023
[   15458ms] [ERROR] Failed to load resource: net::ERR_CONNECTION_CLOSED @ https://weda-api.cloud.tencent.com/qcloud-weida/v1/capi?i=tcb/DescribeBillingInfo:0
[   15463ms] [ERROR] Error: [tcb/DescribeBillingInfo][NETWORK_ERROR] 网络异常：网络不通或被代理拦截，请检查网络和代理状态后重试。 (Failed to fetch)
    at Yce (https://tcb.cloud.tencent.com/dev-platform/1.18.1/assets/main.ebcb9918.js:57:52267)
    at async wd.refreshDeps (https://tcb.cloud.tencent.com/dev-platform/1.18.1/assets/main.ebcb9918.js:57:182134) @ https://tcb.cloud.tencent.com/dev-platform/1.18.1/assets/main.ebcb9918.js:12
[   15553ms] [ERROR] Failed to load resource: net::ERR_CONNECTION_CLOSED @ https://lowcode-5g5llxbq5bc9299e.ap-shanghai.tcb-api.tencentcloudapi.com/auth/v1/signin/anonymously?client_id=lowcode-5g5llxbq5bc9299e:0
[   15583ms] [ERROR] Failed to load resource: net::ERR_CONNECTION_CLOSED @ https://rumt-zh.com/speed?from=https%3A%2F%2Ftcb.cloud.tencent.com%2Fdev%3FenvId%3Dportfolio-site-v1-d1duqacaea7e51%23%2Fstatic-hosting&sampled=1&id=0GVQESz2JVkP10XQ7X&uin=100048431065&version=1.18.1&aid=a95a81b8-471c-45ee-8817-74e2f7d750bb&env=production&platform=3&netType=4&vp=1707%20*%20932&sr=1707%20*%201067&sessionId=b29647ca0c4d407a8b9d717adf935f57&referer=:0
[   16289ms] [ERROR] Failed to load resource: the server responded with a status of 404 () @ https://cloudcache.tencent-cloud.com/web-sdk.js:0
[   16379ms] [ERROR] Failed to load resource: net::ERR_CONNECTION_CLOSED @ https://weda-api.cloud.tencent.com/qcloud-weida/v1/capi?i=tcb/DescribeEnvs:0
[   16385ms] [ERROR] Error: [tcb/DescribeEnvs][NETWORK_ERROR] 网络异常：网络不通或被代理拦截，请检查网络和代理状态后重试。 (Failed to fetch)
    at Yce (https://tcb.cloud.tencent.com/dev-platform/1.18.1/assets/main.ebcb9918.js:57:52267)
    at async wd.refreshDeps (https://tcb.cloud.tencent.com/dev-platform/1.18.1/assets/main.ebcb9918.js:57:182219) @ https://tcb.cloud.tencent.com/dev-platform/1.18.1/assets/main.ebcb9918.js:12
[   16515ms] Failed to set the 'domain' property on 'Document': Assignment is forbidden for sandboxed iframes.
[   16682ms] [ERROR] SecurityError: Failed to set the 'domain' property on 'Document': Assignment is forbidden for sandboxed iframes.
    at Ju (https://slscache.tencent-cloud.cn/qcact-ssr/1azSIPRi4JLt7YjU9nP5q/_next/static/chunks/framework-26c7ef1740bba62bfbe1.js:1:94669)
    at ys (https://slscache.tencent-cloud.cn/qcact-ssr/1azSIPRi4JLt7YjU9nP5q/_next/static/chunks/framework-26c7ef1740bba62bfbe1.js:1:115021)
    at https://slscache.tencent-cloud.cn/qcact-ssr/1azSIPRi4JLt7YjU9nP5q/_next/static/chunks/framework-26c7ef1740bba62bfbe1.js:1:111605
    at S (https://slscache.tencent-cloud.cn/qcact-ssr/1azSIPRi4JLt7YjU9nP5q/_next/static/chunks/framework-26c7ef1740bba62bfbe1.js:1:132397)
    at MessagePort.T (https://slscache.tencent-cloud.cn/qcact-ssr/1azSIPRi4JLt7YjU9nP5q/_next/static/chunks/framework-26c7ef1740bba62bfbe1.js:1:132931) @ https://slscache.tencent-cloud.cn/qcact-ssr/1azSIPRi4JLt7YjU9nP5q/_next/static/chunks/framework-26c7ef1740bba62bfbe1.js:0
[   16683ms] [ERROR] SecurityError: Failed to set the 'domain' property on 'Document': Assignment is forbidden for sandboxed iframes.
    at Ju (https://slscache.tencent-cloud.cn/qcact-ssr/1azSIPRi4JLt7YjU9nP5q/_next/static/chunks/framework-26c7ef1740bba62bfbe1.js:1:94669)
    at ys (https://slscache.tencent-cloud.cn/qcact-ssr/1azSIPRi4JLt7YjU9nP5q/_next/static/chunks/framework-26c7ef1740bba62bfbe1.js:1:115021)
    at https://slscache.tencent-cloud.cn/qcact-ssr/1azSIPRi4JLt7YjU9nP5q/_next/static/chunks/framework-26c7ef1740bba62bfbe1.js:1:111605
    at S (https://slscache.tencent-cloud.cn/qcact-ssr/1azSIPRi4JLt7YjU9nP5q/_next/static/chunks/framework-26c7ef1740bba62bfbe1.js:1:132397)
    at MessagePort.T (https://slscache.tencent-cloud.cn/qcact-ssr/1azSIPRi4JLt7YjU9nP5q/_next/static/chunks/framework-26c7ef1740bba62bfbe1.js:1:132931) @ https://slscache.tencent-cloud.cn/qcact-ssr/1azSIPRi4JLt7YjU9nP5q/_next/static/chunks/main-1f414af3347d8995ac17.js:0
[   16683ms] [ERROR] A client-side exception has occurred, see here for more info: https://nextjs.org/docs/messages/client-side-exception-occurred @ https://slscache.tencent-cloud.cn/qcact-ssr/1azSIPRi4JLt7YjU9nP5q/_next/static/chunks/main-1f414af3347d8995ac17.js:0
[   16804ms] [ERROR] Failed to load resource: net::ERR_CONNECTION_CLOSED @ https://rumt-zh.com/collect?sampled=1&id=0GVQESz2JVkP10XQ7X&uin=100048431065&version=1.18.1&aid=a95a81b8-471c-45ee-8817-74e2f7d750bb&env=production&platform=3&netType=4&vp=1707%20*%20932&sr=1707%20*%201067&sessionId=b29647ca0c4d407a8b9d717adf935f57&from=https%3A%2F%2Ftcb.cloud.tencent.com%2Fdev%3FenvId%3Dportfolio-site-v1-d1duqacaea7e51%23%2Fstatic-hosting&referer=:0
[   16902ms] [ERROR] Failed to load resource: net::ERR_CONNECTION_CLOSED @ https://main.qcloudimg.com/qcloud/main/scripts/release/common/tag.publish.json?random=0.32184434422310637:0
[   16903ms] [ERROR] TypeError: Failed to fetch
    at https://cloudcache.tencent-cloud.com/qcloud/app/qcconsole_web/insight/insight-client.ae58d4552.js:1:56623
    at https://cloudcache.tencent-cloud.com/qcloud/app/qcconsole_web/insight/insight-client.ae58d4552.js:1:24944
    at new Promise (<anonymous>)
    at new e (https://cloudcache.tencent-cloud.com/qcloud/app/qcconsole_web/insight/insight-client.ae58d4552.js:1:24917)
    at https://cloudcache.tencent-cloud.com/qcloud/app/qcconsole_web/insight/insight-client.ae58d4552.js:1:56597
    at window.fetch (https://cloudcache.tencent-cloud.com/qcloud/tea/sdk/ban.zh.b82594aab1.js?max_age=31536000:1:2266994)
    at https://cloudcache.tencent-cloud.com/qcloud/tea/sdk/ai-assistant.zh.1e42f61afa.js?max_age=31536000:1:3306652
    at https://cloudcache.tencent-cloud.com/qcloud/tea/sdk/ai-assistant.zh.1e42f61afa.js?max_age=31536000:1:3305838
    at Object.next (https://cloudcache.tencent-cloud.com/qcloud/tea/sdk/ai-assistant.zh.1e42f61afa.js?max_age=31536000:1:3305943)
    at https://cloudcache.tencent-cloud.com/qcloud/tea/sdk/ai-assistant.zh.1e42f61afa.js?max_age=31536000:1:3304785
    at https://cloudcache.tencent-cloud.com/qcloud/app/qcconsole_web/insight/insight-client.ae58d4552.js:1:24944
    at new Promise (<anonymous>)
    at new e (https://cloudcache.tencent-cloud.com/qcloud/app/qcconsole_web/insight/insight-client.ae58d4552.js:1:24917)
    at pg (https://cloudcache.tencent-cloud.com/qcloud/tea/sdk/ai-assistant.zh.1e42f61afa.js?max_age=31536000:1:3304522)
    at hg (https://cloudcache.tencent-cloud.com/qcloud/tea/sdk/ai-assistant.zh.1e42f61afa.js?max_age=31536000:1:3306546)
    at Object.<anonymous> (https://cloudcache.tencent-cloud.com/qcloud/tea/sdk/ai-assistant.zh.1e42f61afa.js?max_age=31536000:1:3306210)
    at https://cloudcache.tencent-cloud.com/qcloud/tea/sdk/ai-assistant.zh.1e42f61afa.js?max_age=31536000:1:3305838
    at Object.next (https://cloudcache.tencent-cloud.com/qcloud/tea/sdk/ai-assistant.zh.1e42f61afa.js?max_age=31536000:1:3305943)
    at https://cloudcache.tencent-cloud.com/qcloud/tea/sdk/ai-assistant.zh.1e42f61afa.js?max_age=31536000:1:3304785
    at https://cloudcache.tencent-cloud.com/qcloud/app/qcconsole_web/insight/insight-client.ae58d4552.js:1:24944
    at new Promise (<anonymous>)
    at new e (https://cloudcache.tencent-cloud.com/qcloud/app/qcconsole_web/insight/insight-client.ae58d4552.js:1:24917)
    at pg (https://cloudcache.tencent-cloud.com/qcloud/tea/sdk/ai-assistant.zh.1e42f61afa.js?max_age=31536000:1:3304522)
    at Object.load (https://cloudcache.tencent-cloud.com/qcloud/tea/sdk/ai-assistant.zh.1e42f61afa.js?max_age=31536000:1:3306081)
    at Object.init (https://cloudcache.tencent-cloud.com/qcloud/tea/sdk/ai-assistant.zh.1e42f61afa.js?max_age=31536000:1:6174173)
    at https://cloudcache.tencent-cloud.com/qcloud/tea/sdk/menus.zh.c961e00b62.js?max_age=31536000:1:4511390
    at https://cloudcache.tencent-cloud.com/qcloud/tea/sdk/menus.zh.c961e00b62.js?max_age=31536000:1:4510984
    at Object.next (https://cloudcache.tencent-cloud.com/qcloud/tea/sdk/menus.zh.c961e00b62.js?max_age=31536000:1:4511089)
    at a (https://cloudcache.tencent-cloud.com/qcloud/tea/sdk/menus.zh.c961e00b62.js?max_age=31536000:1:4509796) @ https://cloudcache.tencent-cloud.com/qcloud/app/qcconsole_web/insight/insight-client.ae58d4552.js:0
[   17123ms] [ERROR] Failed to load resource: net::ERR_CONNECTION_CLOSED @ https://rumt-zh.com/collect?from=https%3A%2F%2Ftcb.cloud.tencent.com%2Fdev%3FenvId%3Dportfolio-site-v1-d1duqacaea7e51%23%2Fstatic-hosting&sampled=1&id=0GVQESz2JVkP10XQ7X&uin=100048431065&version=1.18.1&aid=a95a81b8-471c-45ee-8817-74e2f7d750bb&env=production&platform=3&netType=4&vp=1707%20*%20932&sr=1707%20*%201067&sessionId=b29647ca0c4d407a8b9d717adf935f57&referer=:0
[   17155ms] [ERROR] Failed to load resource: net::ERR_CONNECTION_CLOSED @ https://cloudcache.tencentcs.com/web-sdk.js:0
[   17468ms] [ERROR] Failed to load resource: net::ERR_CONNECTION_CLOSED @ https://lowcode-5g5llxbq5bc9299e.ap-shanghai.tcb-api.tencentcloudapi.com/auth/v1/signin/anonymously?client_id=lowcode-5g5llxbq5bc9299e:0
[   17509ms] [ERROR] Failed to load resource: the server responded with a status of 404 () @ https://cloudcache.tencent-cloud.cn/web-sdk.js:0
[   17544ms] [ERROR] Failed to load resource: net::ERR_CONNECTION_CLOSED @ https://sensors.cloud.tencent.com:8106/sa.gif?project=default&token=schemaLimited-zEb9s3Rz:0
[   18806ms] [ERROR] Failed to load resource: the server responded with a status of 404 () @ https://cloudcache.tencentcs.cn/web-sdk.js:0
[   18806ms] [WARNING] Retrying %d (classic): %s 2 https://cloudcache.tencent-cloud.com/web-sdk.js @ https://console.cloud.tencent.com/tcb/platform/env?from=dev-platform-iframe:1006
[   19225ms] [ERROR] Failed to load resource: net::ERR_CONNECTION_CLOSED @ https://lowcode-5g5llxbq5bc9299e.ap-shanghai.tcb-api.tencentcloudapi.com/auth/v1/signin/anonymously?client_id=lowcode-5g5llxbq5bc9299e:0
[   19229ms] [ERROR] Failed to load resource: net::ERR_CONNECTION_CLOSED @ https://sensors.cloud.tencent.com:8106/sa.gif?project=default&token=schemaLimited-zEb9s3Rz:0
[   19763ms] [ERROR] Failed to load resource: net::ERR_CONNECTION_CLOSED @ https://cloudcache.tencentcs.com/web-sdk.js:0
[   19764ms] [WARNING] Retrying %d (classic): %s 3 https://cloudcache.tencentcs.com/web-sdk.js @ https://console.cloud.tencent.com/tcb/platform/env?from=dev-platform-iframe:1006
[   19877ms] [ERROR] Failed to load resource: net::ERR_CONNECTION_CLOSED @ https://lowcode-5g5llxbq5bc9299e.ap-shanghai.tcb-api.tencentcloudapi.com/web?env=lowcode-5g5llxbq5bc9299e:0
[   20104ms] [ERROR] Failed to load resource: net::ERR_CONNECTION_CLOSED @ https://lowcode-5g5llxbq5bc9299e.ap-shanghai.tcb-api.tencentcloudapi.com/web?env=lowcode-5g5llxbq5bc9299e:0
[   20307ms] [ERROR] Failed to load resource: the server responded with a status of 404 () @ https://cloudcache.tencent-cloud.cn/web-sdk.js:0
[   20308ms] [WARNING] Retrying %d (classic): %s 4 https://cloudcache.tencent-cloud.com/web-sdk.js @ https://console.cloud.tencent.com/tcb/platform/env?from=dev-platform-iframe:1023
[   20832ms] [WARNING] Retrying %d (classic): %s 5 https://cloudcache.tencent-cloud.com/web-sdk.js @ https://console.cloud.tencent.com/tcb/platform/env?from=dev-platform-iframe:1023
[   21358ms] [ERROR] Failed to load resource: the server responded with a status of 404 () @ https://cloudcache.tencent-cloud.com/web-sdk.js:0
[   21359ms] [WARNING] Retrying %d (xhr): %s 6 https://cloudcache.tencent-cloud.com/web-sdk.js @ https://console.cloud.tencent.com/tcb/platform/env?from=dev-platform-iframe:1039
[   22376ms] [ERROR] Failed to load resource: the server responded with a status of 404 () @ https://cloudcache.tencent-cloud.com/web-sdk.js?r=0.24770721065017043:0
[   23027ms] [ERROR] Failed to load resource: net::ERR_CONNECTION_CLOSED @ https://rumt-zh.com/speed?from=https%3A%2F%2Ftcb.cloud.tencent.com%2Fdev%3FenvId%3Dportfolio-site-v1-d1duqacaea7e51%23%2Fstatic-hosting&sampled=1&id=0GVQESz2JVkP10XQ7X&uin=100048431065&version=1.18.1&aid=a95a81b8-471c-45ee-8817-74e2f7d750bb&env=production&platform=3&netType=4&vp=1707%20*%20932&sr=1707%20*%201067&sessionId=b29647ca0c4d407a8b9d717adf935f57&referer=:0
[   23027ms] [ERROR] Failed to load resource: net::ERR_CONNECTION_CLOSED @ https://rumt-zh.com/collect?from=https%3A%2F%2Ftcb.cloud.tencent.com%2Fdev%3FenvId%3Dportfolio-site-v1-d1duqacaea7e51%23%2Fstatic-hosting&sampled=1&id=0GVQESz2JVkP10XQ7X&uin=100048431065&version=1.18.1&aid=a95a81b8-471c-45ee-8817-74e2f7d750bb&env=production&platform=3&netType=4&vp=1707%20*%20932&sr=1707%20*%201067&sessionId=b29647ca0c4d407a8b9d717adf935f57&referer=:0
[   23027ms] [ERROR] Failed to load resource: net::ERR_CONNECTION_CLOSED @ https://rumt-zh.com/collect?from=https%3A%2F%2Ftcb.cloud.tencent.com%2Fdev%3FenvId%3Dportfolio-site-v1-d1duqacaea7e51%23%2Fstatic-hosting&sampled=1&id=0GVQESz2JVkP10XQ7X&uin=100048431065&version=1.18.1&aid=a95a81b8-471c-45ee-8817-74e2f7d750bb&env=production&platform=3&netType=4&vp=1707%20*%20932&sr=1707%20*%201067&sessionId=b29647ca0c4d407a8b9d717adf935f57&referer=:0
[   23028ms] [ERROR] Failed to load resource: net::ERR_CONNECTION_CLOSED @ https://rumt-zh.com/collect?sampled=1&id=0GVQESz2JVkP10XQ7X&uin=100048431065&version=1.18.1&aid=a95a81b8-471c-45ee-8817-74e2f7d750bb&env=production&platform=3&netType=4&vp=1707%20*%20932&sr=1707%20*%201067&sessionId=b29647ca0c4d407a8b9d717adf935f57&from=https%3A%2F%2Ftcb.cloud.tencent.com%2Fdev%3FenvId%3Dportfolio-site-v1-d1duqacaea7e51%23%2Fstatic-hosting&referer=:0
[   23234ms] [ERROR] Failed to load resource: net::ERR_CONNECTION_CLOSED @ https://rumt-zh.com/speed?from=https%3A%2F%2Ftcb.cloud.tencent.com%2Fdev%3FenvId%3Dportfolio-site-v1-d1duqacaea7e51%23%2Fstatic-hosting&sampled=1&id=0GVQESz2JVkP10XQ7X&uin=100048431065&version=1.18.1&aid=a95a81b8-471c-45ee-8817-74e2f7d750bb&env=production&platform=3&netType=4&vp=1707%20*%20932&sr=1707%20*%201067&sessionId=b29647ca0c4d407a8b9d717adf935f57&referer=:0
[   23682ms] [ERROR] Failed to load resource: net::ERR_CONNECTION_CLOSED @ https://rumt-zh.com/speed/performance?dnsLookup=0&tcp=0&ssl=0&ttfb=157&contentDownload=2&domParse=7&resourceDownload=0&firstScreenTiming=3240&from=https%3A%2F%2Ftcb.cloud.tencent.com%2Fdev%3FenvId%3Dportfolio-site-v1-d1duqacaea7e51%23%2Fstatic-hosting&sampled=1&id=0GVQESz2JVkP10XQ7X&uin=100048431065&version=1.18.1&aid=a95a81b8-471c-45ee-8817-74e2f7d750bb&env=production&platform=3&netType=4&vp=1707%20*%20932&sr=1707%20*%201067&sessionId=b29647ca0c4d407a8b9d717adf935f57&referer=&:0
[   24613ms] [ERROR] Failed to load resource: net::ERR_CONNECTION_CLOSED @ https://ping.cloud.tencent.com/trafficCollect.php?uin=100048431065&ul=https%3A%2F%2Fconsole.cloud.tencent.com%2Ftcb%2Fplatform&referer=https%3A%2F%2Ftcb.cloud.tencent.com%2F&fromSource=qcloud.directEnter.login&visitId=9ef819f9c814ce53d099ec8282d2cc8d&landingpage=&language=zh&lastLoginType=&_ga=&pageTitle=%E8%85%BE%E8%AE%AF%E4%BA%91%20-%20%E6%8E%A7%E5%88%B6%E5%8F%B0&type=OfficialNetworkTraffic&expKey=browse&expValue=https%3A%2F%2Fconsole.cloud.tencent.com%2Ftcb%2Fplatform%2Fenv%3Ffrom%3Ddev-platform-iframe&url=https%3A%2F%2Fconsole.cloud.tencent.com%2Ftcb%2Fplatform&t=1777210169108:0
[   42064ms] [ERROR] Failed to load resource: net::ERR_CONNECTION_CLOSED @ https://weda-api.cloud.tencent.com/qcloud-weida/v1/capi?i=account/DescribeCurrentUserDetails:0
[   43486ms] [ERROR] Failed to load resource: net::ERR_CONNECTION_CLOSED @ https://rumt-zh.com/speed?from=https%3A%2F%2Ftcb.cloud.tencent.com%2Fdev%3FenvId%3Dportfolio-site-v1-d1duqacaea7e51%23%2Fstatic-hosting&sampled=1&id=0GVQESz2JVkP10XQ7X&uin=100048431065&version=1.18.1&aid=a95a81b8-471c-45ee-8817-74e2f7d750bb&env=production&platform=3&netType=4&vp=1707%20*%20932&sr=1707%20*%201067&sessionId=b29647ca0c4d407a8b9d717adf935f57&referer=:0
[   44137ms] [ERROR] Failed to load resource: net::ERR_CONNECTION_CLOSED @ https://rumt-zh.com/collect?sampled=1&id=0GVQESz2JVkP10XQ7X&uin=100048431065&version=1.18.1&aid=a95a81b8-471c-45ee-8817-74e2f7d750bb&env=production&platform=3&netType=4&vp=1707%20*%20932&sr=1707%20*%201067&sessionId=b29647ca0c4d407a8b9d717adf935f57&from=https%3A%2F%2Ftcb.cloud.tencent.com%2Fdev%3FenvId%3Dportfolio-site-v1-d1duqacaea7e51%23%2Fstatic-hosting&referer=:0
[   44137ms] [ERROR] Failed to load resource: net::ERR_CONNECTION_CLOSED @ https://rumt-zh.com/collect?from=https%3A%2F%2Ftcb.cloud.tencent.com%2Fdev%3FenvId%3Dportfolio-site-v1-d1duqacaea7e51%23%2Fstatic-hosting&sampled=1&id=0GVQESz2JVkP10XQ7X&uin=100048431065&version=1.18.1&aid=a95a81b8-471c-45ee-8817-74e2f7d750bb&env=production&platform=3&netType=4&vp=1707%20*%20932&sr=1707%20*%201067&sessionId=b29647ca0c4d407a8b9d717adf935f57&referer=:0
[   48270ms] [ERROR] Failed to load resource: net::ERR_CONNECTION_CLOSED @ https://tcb.cloud.tencent.com/dev-platform/1.18.1/assets/page-static-hosting-create-index.0759fad8.js:0
[   48505ms] [ERROR] Failed to load resource: net::ERR_CONNECTION_CLOSED @ https://tcb.cloud.tencent.com/dev-platform/1.18.1/assets/utils.9d2af54d.js:0
[   48507ms] [ERROR] Failed to load resource: net::ERR_CONNECTION_CLOSED @ https://tcb.cloud.tencent.com/dev-platform/1.18.1/assets/fileUtil.9334c74b.js:0
[   48507ms] [ERROR] Failed to load resource: net::ERR_CONNECTION_CLOSED @ https://tcb.cloud.tencent.com/dev-platform/1.18.1/assets/CreateRunLayout.c0ee7a9e.js:0
[   48507ms] [ERROR] Failed to load resource: net::ERR_CONNECTION_CLOSED @ https://tcb.cloud.tencent.com/dev-platform/1.18.1/assets/BranchSelect.a49e9ac1.js:0
[   48507ms] [ERROR] Failed to load resource: net::ERR_CONNECTION_CLOSED @ https://tcb.cloud.tencent.com/dev-platform/1.18.1/assets/serverFormTool.5c106b8d.js:0
[   48904ms] [ERROR] Failed to load resource: net::ERR_CONNECTION_CLOSED @ https://tcb.cloud.tencent.com/dev-platform/1.18.1/assets/getRunStatusV2.d368fcd5.js:0
[   49122ms] [ERROR] Failed to load resource: net::ERR_CONNECTION_CLOSED @ https://tcb.cloud.tencent.com/dev-platform/1.18.1/assets/model.9aa480a6.js:0
[   49124ms] [ERROR] Failed to load resource: net::ERR_CONNECTION_CLOSED @ https://tcb.cloud.tencent.com/dev-platform/1.18.1/assets/urlParams.31718863.js:0
[   49124ms] [ERROR] Failed to load resource: net::ERR_CONNECTION_CLOSED @ https://tcb.cloud.tencent.com/dev-platform/1.18.1/assets/EnvParamsFieldText.a709a37b.js:0
[   49230ms] [ERROR] Failed to load resource: net::ERR_CONNECTION_CLOSED @ https://rumt-zh.com/collect?from=https%3A%2F%2Ftcb.cloud.tencent.com%2Fdev%3FenvId%3Dportfolio-site-v1-d1duqacaea7e51%23%2Fstatic-hosting&sampled=1&id=0GVQESz2JVkP10XQ7X&uin=100048431065&version=1.18.1&aid=a95a81b8-471c-45ee-8817-74e2f7d750bb&env=production&platform=3&netType=4&vp=1707%20*%20932&sr=1707%20*%201067&sessionId=b29647ca0c4d407a8b9d717adf935f57&referer=:0
[   49234ms] [ERROR] Failed to load resource: net::ERR_CONNECTION_CLOSED @ https://rumt-zh.com/collect?sampled=1&id=0GVQESz2JVkP10XQ7X&uin=100048431065&version=1.18.1&aid=a95a81b8-471c-45ee-8817-74e2f7d750bb&env=production&platform=3&netType=4&vp=1707%20*%20932&sr=1707%20*%201067&sessionId=b29647ca0c4d407a8b9d717adf935f57&from=https%3A%2F%2Ftcb.cloud.tencent.com%2Fdev%3FenvId%3Dportfolio-site-v1-d1duqacaea7e51%23%2Fstatic-hosting%2Fservice%2Fcreate%3Ftype%3Dpackage&referer=:0
[   49465ms] [ERROR] Failed to load resource: net::ERR_CONNECTION_CLOSED @ https://rumt-zh.com/collect?from=https%3A%2F%2Ftcb.cloud.tencent.com%2Fdev%3FenvId%3Dportfolio-site-v1-d1duqacaea7e51%23%2Fstatic-hosting%2Fservice%2Fcreate%3Ftype%3Dpackage&sampled=1&id=0GVQESz2JVkP10XQ7X&uin=100048431065&version=1.18.1&aid=a95a81b8-471c-45ee-8817-74e2f7d750bb&env=production&platform=3&netType=4&vp=1707%20*%20932&sr=1707%20*%201067&sessionId=b29647ca0c4d407a8b9d717adf935f57&referer=:0
[   49549ms] [ERROR] Failed to load resource: net::ERR_CONNECTION_CLOSED @ https://tcb.cloud.tencent.com/dev-platform/1.18.1/assets/ArrayInput.e77da9d3.js:0
[   49550ms] [ERROR] Failed to load resource: net::ERR_CONNECTION_CLOSED @ https://tcb.cloud.tencent.com/dev-platform/1.18.1/assets/index.57b69123.js:0
[   49758ms] [ERROR] Failed to load resource: net::ERR_CONNECTION_CLOSED @ https://tcb.cloud.tencent.com/dev-platform/1.18.1/assets/index.5912ff07.js:0
[   49758ms] [ERROR] Failed to load resource: net::ERR_CONNECTION_CLOSED @ https://tcb.cloud.tencent.com/dev-platform/1.18.1/assets/index.2a78085b.js:0
[   49758ms] [ERROR] Failed to load resource: net::ERR_CONNECTION_CLOSED @ https://tcb.cloud.tencent.com/dev-platform/1.18.1/assets/index.6d574140.js:0
[   49777ms] [ERROR] Failed to load resource: net::ERR_CONNECTION_CLOSED @ https://tcb.cloud.tencent.com/dev-platform/1.18.1/assets/InfoHelper.3f4e6a3e.js:0
[   49880ms] [ERROR] Failed to load resource: net::ERR_CONNECTION_CLOSED @ https://rumt-zh.com/collect?from=https%3A%2F%2Ftcb.cloud.tencent.com%2Fdev%3FenvId%3Dportfolio-site-v1-d1duqacaea7e51%23%2Fstatic-hosting%2Fservice%2Fcreate%3Ftype%3Dpackage&sampled=1&id=0GVQESz2JVkP10XQ7X&uin=100048431065&version=1.18.1&aid=a95a81b8-471c-45ee-8817-74e2f7d750bb&env=production&platform=3&netType=4&vp=1707%20*%20932&sr=1707%20*%201067&sessionId=b29647ca0c4d407a8b9d717adf935f57&referer=:0
[   50318ms] [ERROR] Failed to load resource: net::ERR_CONNECTION_CLOSED @ https://rumt-zh.com/collect?from=https%3A%2F%2Ftcb.cloud.tencent.com%2Fdev%3FenvId%3Dportfolio-site-v1-d1duqacaea7e51%23%2Fstatic-hosting%2Fservice%2Fcreate%3Ftype%3Dpackage&sampled=1&id=0GVQESz2JVkP10XQ7X&uin=100048431065&version=1.18.1&aid=a95a81b8-471c-45ee-8817-74e2f7d750bb&env=production&platform=3&netType=4&vp=1707%20*%20932&sr=1707%20*%201067&sessionId=b29647ca0c4d407a8b9d717adf935f57&referer=:0
[   51236ms] [WARNING] A parser-blocking, cross site (i.e. different eTLD+1) script, https://tam.cdn-go.cn/aegis-sdk/latest/aegis.min.js, is invoked via document.write. The network request for this script MAY be blocked by the browser in this or a future page load due to poor network connectivity. If blocked in this page load, it will be confirmed in a subsequent console message. See https://www.chromestatus.com/feature/5718547946799104 for more details. @ https://tcb.cloud.tencent.com/dev?envId=portfolio-site-v1-d1duqacaea7e51:0
[   51237ms] [WARNING] A parser-blocking, cross site (i.e. different eTLD+1) script, https://tam.cdn-go.cn/aegis-sdk/latest/aegis.min.js, is invoked via document.write. The network request for this script MAY be blocked by the browser in this or a future page load due to poor network connectivity. If blocked in this page load, it will be confirmed in a subsequent console message. See https://www.chromestatus.com/feature/5718547946799104 for more details. @ https://tcb.cloud.tencent.com/dev?envId=portfolio-site-v1-d1duqacaea7e51:0
[   55597ms] Failed to set the 'domain' property on 'Document': Assignment is forbidden for sandboxed iframes.
[   55688ms] [ERROR] SecurityError: Failed to set the 'domain' property on 'Document': Assignment is forbidden for sandboxed iframes.
    at Ju (https://slscache.tencent-cloud.cn/qcact-ssr/1azSIPRi4JLt7YjU9nP5q/_next/static/chunks/framework-26c7ef1740bba62bfbe1.js:1:94669)
    at ys (https://slscache.tencent-cloud.cn/qcact-ssr/1azSIPRi4JLt7YjU9nP5q/_next/static/chunks/framework-26c7ef1740bba62bfbe1.js:1:115021)
    at https://slscache.tencent-cloud.cn/qcact-ssr/1azSIPRi4JLt7YjU9nP5q/_next/static/chunks/framework-26c7ef1740bba62bfbe1.js:1:111605
    at S (https://slscache.tencent-cloud.cn/qcact-ssr/1azSIPRi4JLt7YjU9nP5q/_next/static/chunks/framework-26c7ef1740bba62bfbe1.js:1:132397)
    at MessagePort.T (https://slscache.tencent-cloud.cn/qcact-ssr/1azSIPRi4JLt7YjU9nP5q/_next/static/chunks/framework-26c7ef1740bba62bfbe1.js:1:132931) @ https://slscache.tencent-cloud.cn/qcact-ssr/1azSIPRi4JLt7YjU9nP5q/_next/static/chunks/framework-26c7ef1740bba62bfbe1.js:0
[   55688ms] [ERROR] SecurityError: Failed to set the 'domain' property on 'Document': Assignment is forbidden for sandboxed iframes.
    at Ju (https://slscache.tencent-cloud.cn/qcact-ssr/1azSIPRi4JLt7YjU9nP5q/_next/static/chunks/framework-26c7ef1740bba62bfbe1.js:1:94669)
    at ys (https://slscache.tencent-cloud.cn/qcact-ssr/1azSIPRi4JLt7YjU9nP5q/_next/static/chunks/framework-26c7ef1740bba62bfbe1.js:1:115021)
    at https://slscache.tencent-cloud.cn/qcact-ssr/1azSIPRi4JLt7YjU9nP5q/_next/static/chunks/framework-26c7ef1740bba62bfbe1.js:1:111605
    at S (https://slscache.tencent-cloud.cn/qcact-ssr/1azSIPRi4JLt7YjU9nP5q/_next/static/chunks/framework-26c7ef1740bba62bfbe1.js:1:132397)
    at MessagePort.T (https://slscache.tencent-cloud.cn/qcact-ssr/1azSIPRi4JLt7YjU9nP5q/_next/static/chunks/framework-26c7ef1740bba62bfbe1.js:1:132931) @ https://slscache.tencent-cloud.cn/qcact-ssr/1azSIPRi4JLt7YjU9nP5q/_next/static/chunks/main-1f414af3347d8995ac17.js:0
[   55688ms] [ERROR] A client-side exception has occurred, see here for more info: https://nextjs.org/docs/messages/client-side-exception-occurred @ https://slscache.tencent-cloud.cn/qcact-ssr/1azSIPRi4JLt7YjU9nP5q/_next/static/chunks/main-1f414af3347d8995ac17.js:0
[   78171ms] [WARNING] [ Formily warn ]:  Component registration naming conflict. Please change the name. Globally registered components will no longer support overlay registration in the future. @ https://tcb.cloud.tencent.com/dev-platform/1.18.1/assets/index.16f4a05f.js:0
[   78172ms] [WARNING] [ Formily warn ]:  Component registration naming conflict. Please change the name. Globally registered components will no longer support overlay registration in the future. @ https://tcb.cloud.tencent.com/dev-platform/1.18.1/assets/index.16f4a05f.js:0
[   78172ms] [WARNING] [ Formily warn ]:  Component registration naming conflict. Please change the name. Globally registered components will no longer support overlay registration in the future. @ https://tcb.cloud.tencent.com/dev-platform/1.18.1/assets/index.16f4a05f.js:0
[  145987ms] [ERROR] Failed to load resource: the server responded with a status of 405 () @ https://tcb.cloud.tencent.com/dev?envId=portfolio-site-v1-d1duqacaea7e51:0
[  165079ms] [WARNING] reducer not found @@redux/INITx.j.z.5.b.p @ https://cloudcache.tencent-cloud.com/qcloud/tea/sdk/tag.zh.b8991dd01d.js?max_age=31536000:0
[  165079ms] [WARNING] reducer not found @@redux/INITx.j.z.5.b.p @ https://cloudcache.tencent-cloud.com/qcloud/tea/sdk/tag.zh.b8991dd01d.js?max_age=31536000:0
[  205366ms] [ERROR] Failed to load resource: the server responded with a status of 405 () @ https://tcb.cloud.tencent.com/dev?envId=portfolio-site-v1-d1duqacaea7e51:0
[  263058ms] [WARNING] Blocked aria-hidden on an element because its descendant retained focus. The focus must not be hidden from assistive technology users. Avoid using aria-hidden on a focused element or its ancestor. Consider using the inert attribute instead, which will also prevent focus. For more details, see the aria-hidden section of the WAI-ARIA specification at https://w3c.github.io/aria/#aria-hidden.
Element with focus: <div>
Ancestor with aria-hidden: <div> @ https://tcb.cloud.tencent.com/dev?envId=portfolio-site-v1-d1duqacaea7e51#/static-hosting/service/create?type=package:0
[  292923ms] [ERROR] Failed to load resource: net::ERR_CONNECTION_CLOSED @ https://weda-api.cloud.tencent.com/qcloud-weida/v1/capi?i=account/DescribeCurrentUserDetails:0
[  294633ms] [ERROR] Failed to load resource: net::ERR_CONNECTION_CLOSED @ https://rumt-zh.com/collect?sampled=1&id=0GVQESz2JVkP10XQ7X&uin=100048431065&version=1.18.1&aid=a95a81b8-471c-45ee-8817-74e2f7d750bb&env=production&platform=3&netType=4&vp=1707%20*%20932&sr=1707%20*%201067&sessionId=b29647ca0c4d407a8b9d717adf935f57&from=https%3A%2F%2Ftcb.cloud.tencent.com%2Fdev%3FenvId%3Dportfolio-site-v1-d1duqacaea7e51%23%2Fstatic-hosting%2Fservice%2Fdeploy%2Fdetail%3FserverName%3Dcodex_self_introduction_web%26buildId%3D2600826538%26versionName%3Dcodex_self_introduction_web-001&referer=https%3A%2F%2Ftcb.cloud.tencent.com%2Fdev%3FenvId%3Dportfolio-site-v1-d1duqacaea7e51:0
[  294636ms] [ERROR] Failed to load resource: net::ERR_CONNECTION_CLOSED @ https://rumt-zh.com/collect?from=https%3A%2F%2Ftcb.cloud.tencent.com%2Fdev%3FenvId%3Dportfolio-site-v1-d1duqacaea7e51%23%2Fstatic-hosting%2Fservice%2Fdeploy%2Fdetail%3FserverName%3Dcodex_self_introduction_web%26buildId%3D2600826538%26versionName%3Dcodex_self_introduction_web-001&sampled=1&id=0GVQESz2JVkP10XQ7X&uin=100048431065&version=1.18.1&aid=a95a81b8-471c-45ee-8817-74e2f7d750bb&env=production&platform=3&netType=4&vp=1707%20*%20932&sr=1707%20*%201067&sessionId=b29647ca0c4d407a8b9d717adf935f57&referer=https%3A%2F%2Ftcb.cloud.tencent.com%2Fdev%3FenvId%3Dportfolio-site-v1-d1duqacaea7e51:0
[  328074ms] [ERROR] Failed to load resource: net::ERR_CONNECTION_CLOSED @ https://weda-api.cloud.tencent.com/qcloud-weida/v1/capi?i=account/DescribeCurrentUserDetails:0
[  329478ms] [ERROR] Failed to load resource: net::ERR_CONNECTION_CLOSED @ https://rumt-zh.com/collect?sampled=1&id=0GVQESz2JVkP10XQ7X&uin=100048431065&version=1.18.1&aid=a95a81b8-471c-45ee-8817-74e2f7d750bb&env=production&platform=3&netType=4&vp=1707%20*%20932&sr=1707%20*%201067&sessionId=b29647ca0c4d407a8b9d717adf935f57&from=https%3A%2F%2Ftcb.cloud.tencent.com%2Fdev%3FenvId%3Dportfolio-site-v1-d1duqacaea7e51%23%2Fstatic-hosting%2Fservice%2Fdeploy%2Fdetail%3FserverName%3Dcodex_self_introduction_web%26buildId%3D2600826538%26versionName%3Dcodex_self_introduction_web-001&referer=https%3A%2F%2Ftcb.cloud.tencent.com%2Fdev%3FenvId%3Dportfolio-site-v1-d1duqacaea7e51:0
[  330040ms] [ERROR] Failed to load resource: net::ERR_CONNECTION_CLOSED @ https://rumt-zh.com/collect?from=https%3A%2F%2Ftcb.cloud.tencent.com%2Fdev%3FenvId%3Dportfolio-site-v1-d1duqacaea7e51%23%2Fstatic-hosting%2Fservice%2Fdeploy%2Fdetail%3FserverName%3Dcodex_self_introduction_web%26buildId%3D2600826538%26versionName%3Dcodex_self_introduction_web-001&sampled=1&id=0GVQESz2JVkP10XQ7X&uin=100048431065&version=1.18.1&aid=a95a81b8-471c-45ee-8817-74e2f7d750bb&env=production&platform=3&netType=4&vp=1707%20*%20932&sr=1707%20*%201067&sessionId=b29647ca0c4d407a8b9d717adf935f57&referer=https%3A%2F%2Ftcb.cloud.tencent.com%2Fdev%3FenvId%3Dportfolio-site-v1-d1duqacaea7e51:0
[  346576ms] [ERROR] Failed to load resource: net::ERR_CONNECTION_CLOSED @ https://tcb.cloud.tencent.com/dev-platform/1.18.1/assets/page-static-hosting-detail-index.426b179d.js:0
[  347380ms] [ERROR] Failed to load resource: net::ERR_CONNECTION_CLOSED @ https://tcb.cloud.tencent.com/dev-platform/1.18.1/assets/DefaultDomainTips.996ebd85.js:0
[  348792ms] [ERROR] Failed to load resource: net::ERR_CONNECTION_CLOSED @ https://rumt-zh.com/collect?sampled=1&id=0GVQESz2JVkP10XQ7X&uin=100048431065&version=1.18.1&aid=a95a81b8-471c-45ee-8817-74e2f7d750bb&env=production&platform=3&netType=4&vp=1707%20*%20932&sr=1707%20*%201067&sessionId=b29647ca0c4d407a8b9d717adf935f57&from=https%3A%2F%2Ftcb.cloud.tencent.com%2Fdev%3FenvId%3Dportfolio-site-v1-d1duqacaea7e51%23%2Fstatic-hosting%2Fservice%2Fdetail%3FserverName%3Dcodex_self_introduction_web%26tabId%3Ddeploy&referer=https%3A%2F%2Ftcb.cloud.tencent.com%2Fdev%3FenvId%3Dportfolio-site-v1-d1duqacaea7e51:0
[  349077ms] [ERROR] Failed to load resource: net::ERR_CONNECTION_CLOSED @ https://rumt-zh.com/collect?from=https%3A%2F%2Ftcb.cloud.tencent.com%2Fdev%3FenvId%3Dportfolio-site-v1-d1duqacaea7e51%23%2Fstatic-hosting%2Fservice%2Fdetail%3FserverName%3Dcodex_self_introduction_web%26tabId%3Ddeploy&sampled=1&id=0GVQESz2JVkP10XQ7X&uin=100048431065&version=1.18.1&aid=a95a81b8-471c-45ee-8817-74e2f7d750bb&env=production&platform=3&netType=4&vp=1707%20*%20932&sr=1707%20*%201067&sessionId=b29647ca0c4d407a8b9d717adf935f57&referer=https%3A%2F%2Ftcb.cloud.tencent.com%2Fdev%3FenvId%3Dportfolio-site-v1-d1duqacaea7e51:0
[  349077ms] [ERROR] Failed to load resource: net::ERR_CONNECTION_CLOSED @ https://rumt-zh.com/speed?from=https%3A%2F%2Ftcb.cloud.tencent.com%2Fdev%3FenvId%3Dportfolio-site-v1-d1duqacaea7e51%23%2Fstatic-hosting%2Fservice%2Fdetail%3FserverName%3Dcodex_self_introduction_web%26tabId%3Ddeploy&sampled=1&id=0GVQESz2JVkP10XQ7X&uin=100048431065&version=1.18.1&aid=a95a81b8-471c-45ee-8817-74e2f7d750bb&env=production&platform=3&netType=4&vp=1707%20*%20932&sr=1707%20*%201067&sessionId=b29647ca0c4d407a8b9d717adf935f57&referer=https%3A%2F%2Ftcb.cloud.tencent.com%2Fdev%3FenvId%3Dportfolio-site-v1-d1duqacaea7e51:0
[  351385ms] [WARNING] A parser-blocking, cross site (i.e. different eTLD+1) script, https://tam.cdn-go.cn/aegis-sdk/latest/aegis.min.js, is invoked via document.write. The network request for this script MAY be blocked by the browser in this or a future page load due to poor network connectivity. If blocked in this page load, it will be confirmed in a subsequent console message. See https://www.chromestatus.com/feature/5718547946799104 for more details. @ https://tcb.cloud.tencent.com/dev?envId=portfolio-site-v1-d1duqacaea7e51:0
[  351385ms] [WARNING] A parser-blocking, cross site (i.e. different eTLD+1) script, https://tam.cdn-go.cn/aegis-sdk/latest/aegis.min.js, is invoked via document.write. The network request for this script MAY be blocked by the browser in this or a future page load due to poor network connectivity. If blocked in this page load, it will be confirmed in a subsequent console message. See https://www.chromestatus.com/feature/5718547946799104 for more details. @ https://tcb.cloud.tencent.com/dev?envId=portfolio-site-v1-d1duqacaea7e51:0
[  355580ms] Failed to set the 'domain' property on 'Document': Assignment is forbidden for sandboxed iframes.
[  355604ms] [ERROR] SecurityError: Failed to set the 'domain' property on 'Document': Assignment is forbidden for sandboxed iframes.
    at Ju (https://slscache.tencent-cloud.cn/qcact-ssr/1azSIPRi4JLt7YjU9nP5q/_next/static/chunks/framework-26c7ef1740bba62bfbe1.js:1:94669)
    at ys (https://slscache.tencent-cloud.cn/qcact-ssr/1azSIPRi4JLt7YjU9nP5q/_next/static/chunks/framework-26c7ef1740bba62bfbe1.js:1:115021)
    at https://slscache.tencent-cloud.cn/qcact-ssr/1azSIPRi4JLt7YjU9nP5q/_next/static/chunks/framework-26c7ef1740bba62bfbe1.js:1:111605
    at S (https://slscache.tencent-cloud.cn/qcact-ssr/1azSIPRi4JLt7YjU9nP5q/_next/static/chunks/framework-26c7ef1740bba62bfbe1.js:1:132397)
    at MessagePort.T (https://slscache.tencent-cloud.cn/qcact-ssr/1azSIPRi4JLt7YjU9nP5q/_next/static/chunks/framework-26c7ef1740bba62bfbe1.js:1:132931) @ https://slscache.tencent-cloud.cn/qcact-ssr/1azSIPRi4JLt7YjU9nP5q/_next/static/chunks/framework-26c7ef1740bba62bfbe1.js:0
[  355604ms] [ERROR] SecurityError: Failed to set the 'domain' property on 'Document': Assignment is forbidden for sandboxed iframes.
    at Ju (https://slscache.tencent-cloud.cn/qcact-ssr/1azSIPRi4JLt7YjU9nP5q/_next/static/chunks/framework-26c7ef1740bba62bfbe1.js:1:94669)
    at ys (https://slscache.tencent-cloud.cn/qcact-ssr/1azSIPRi4JLt7YjU9nP5q/_next/static/chunks/framework-26c7ef1740bba62bfbe1.js:1:115021)
    at https://slscache.tencent-cloud.cn/qcact-ssr/1azSIPRi4JLt7YjU9nP5q/_next/static/chunks/framework-26c7ef1740bba62bfbe1.js:1:111605
    at S (https://slscache.tencent-cloud.cn/qcact-ssr/1azSIPRi4JLt7YjU9nP5q/_next/static/chunks/framework-26c7ef1740bba62bfbe1.js:1:132397)
    at MessagePort.T (https://slscache.tencent-cloud.cn/qcact-ssr/1azSIPRi4JLt7YjU9nP5q/_next/static/chunks/framework-26c7ef1740bba62bfbe1.js:1:132931) @ https://slscache.tencent-cloud.cn/qcact-ssr/1azSIPRi4JLt7YjU9nP5q/_next/static/chunks/main-1f414af3347d8995ac17.js:0
[  355604ms] [ERROR] A client-side exception has occurred, see here for more info: https://nextjs.org/docs/messages/client-side-exception-occurred @ https://slscache.tencent-cloud.cn/qcact-ssr/1azSIPRi4JLt7YjU9nP5q/_next/static/chunks/main-1f414af3347d8995ac17.js:0
[  363846ms] [WARNING] Blocked aria-hidden on an element because its descendant retained focus. The focus must not be hidden from assistive technology users. Avoid using aria-hidden on a focused element or its ancestor. Consider using the inert attribute instead, which will also prevent focus. For more details, see the aria-hidden section of the WAI-ARIA specification at https://w3c.github.io/aria/#aria-hidden.
Element with focus: <div>
Ancestor with aria-hidden: <div> @ https://tcb.cloud.tencent.com/dev?envId=portfolio-site-v1-d1duqacaea7e51#/static-hosting/service/detail?serverName=codex_self_introduction_web&tabId=overview:0
[  399013ms] [ERROR] Failed to load resource: the server responded with a status of 405 () @ https://tcb.cloud.tencent.com/dev?envId=portfolio-site-v1-d1duqacaea7e51:0
[  440412ms] [WARNING] Blocked aria-hidden on an element because its descendant retained focus. The focus must not be hidden from assistive technology users. Avoid using aria-hidden on a focused element or its ancestor. Consider using the inert attribute instead, which will also prevent focus. For more details, see the aria-hidden section of the WAI-ARIA specification at https://w3c.github.io/aria/#aria-hidden.
Element with focus: <div>
Ancestor with aria-hidden: <div> @ https://tcb.cloud.tencent.com/dev?envId=portfolio-site-v1-d1duqacaea7e51#/static-hosting/service/create?type=package:0
[  533132ms] [ERROR] Failed to load resource: net::ERR_CONNECTION_CLOSED @ https://weda-api.cloud.tencent.com/qcloud-weida/v1/capi?i=account/DescribeCurrentUserDetails:0
[  534800ms] [ERROR] Failed to load resource: net::ERR_CONNECTION_CLOSED @ https://rumt-zh.com/speed?from=https%3A%2F%2Ftcb.cloud.tencent.com%2Fdev%3FenvId%3Dportfolio-site-v1-d1duqacaea7e51%23%2Fstatic-hosting%2Fservice%2Fdeploy%2Fdetail%3FserverName%3Dcodex_self_introduction_web%26buildId%3D2600826541%26versionName%3Dcodex_self_introduction_web-001&sampled=1&id=0GVQESz2JVkP10XQ7X&uin=100048431065&version=1.18.1&aid=a95a81b8-471c-45ee-8817-74e2f7d750bb&env=production&platform=3&netType=4&vp=1707%20*%20932&sr=1707%20*%201067&sessionId=b29647ca0c4d407a8b9d717adf935f57&referer=https%3A%2F%2Ftcb.cloud.tencent.com%2Fdev%3FenvId%3Dportfolio-site-v1-d1duqacaea7e51:0
[  535615ms] [ERROR] Failed to load resource: net::ERR_CONNECTION_CLOSED @ https://rumt-zh.com/collect?sampled=1&id=0GVQESz2JVkP10XQ7X&uin=100048431065&version=1.18.1&aid=a95a81b8-471c-45ee-8817-74e2f7d750bb&env=production&platform=3&netType=4&vp=1707%20*%20932&sr=1707%20*%201067&sessionId=b29647ca0c4d407a8b9d717adf935f57&from=https%3A%2F%2Ftcb.cloud.tencent.com%2Fdev%3FenvId%3Dportfolio-site-v1-d1duqacaea7e51%23%2Fstatic-hosting%2Fservice%2Fdeploy%2Fdetail%3FserverName%3Dcodex_self_introduction_web%26buildId%3D2600826541%26versionName%3Dcodex_self_introduction_web-001&referer=https%3A%2F%2Ftcb.cloud.tencent.com%2Fdev%3FenvId%3Dportfolio-site-v1-d1duqacaea7e51:0
[  535615ms] [ERROR] Failed to load resource: net::ERR_CONNECTION_CLOSED @ https://rumt-zh.com/collect?from=https%3A%2F%2Ftcb.cloud.tencent.com%2Fdev%3FenvId%3Dportfolio-site-v1-d1duqacaea7e51%23%2Fstatic-hosting%2Fservice%2Fdeploy%2Fdetail%3FserverName%3Dcodex_self_introduction_web%26buildId%3D2600826541%26versionName%3Dcodex_self_introduction_web-001&sampled=1&id=0GVQESz2JVkP10XQ7X&uin=100048431065&version=1.18.1&aid=a95a81b8-471c-45ee-8817-74e2f7d750bb&env=production&platform=3&netType=4&vp=1707%20*%20932&sr=1707%20*%201067&sessionId=b29647ca0c4d407a8b9d717adf935f57&referer=https%3A%2F%2Ftcb.cloud.tencent.com%2Fdev%3FenvId%3Dportfolio-site-v1-d1duqacaea7e51:0
[  563333ms] [ERROR] Failed to load resource: net::ERR_CONNECTION_CLOSED @ https://weda-api.cloud.tencent.com/qcloud-weida/v1/capi?i=account/DescribeCurrentUserDetails:0
[  564735ms] [ERROR] Failed to load resource: net::ERR_CONNECTION_CLOSED @ https://rumt-zh.com/speed?from=https%3A%2F%2Ftcb.cloud.tencent.com%2Fdev%3FenvId%3Dportfolio-site-v1-d1duqacaea7e51%23%2Fstatic-hosting%2Fservice%2Fdeploy%2Fdetail%3FserverName%3Dcodex_self_introduction_web%26buildId%3D2600826541%26versionName%3Dcodex_self_introduction_web-001&sampled=1&id=0GVQESz2JVkP10XQ7X&uin=100048431065&version=1.18.1&aid=a95a81b8-471c-45ee-8817-74e2f7d750bb&env=production&platform=3&netType=4&vp=1707%20*%20932&sr=1707%20*%201067&sessionId=b29647ca0c4d407a8b9d717adf935f57&referer=https%3A%2F%2Ftcb.cloud.tencent.com%2Fdev%3FenvId%3Dportfolio-site-v1-d1duqacaea7e51:0
[  565046ms] [ERROR] Failed to load resource: net::ERR_CONNECTION_CLOSED @ https://rumt-zh.com/collect?sampled=1&id=0GVQESz2JVkP10XQ7X&uin=100048431065&version=1.18.1&aid=a95a81b8-471c-45ee-8817-74e2f7d750bb&env=production&platform=3&netType=4&vp=1707%20*%20932&sr=1707%20*%201067&sessionId=b29647ca0c4d407a8b9d717adf935f57&from=https%3A%2F%2Ftcb.cloud.tencent.com%2Fdev%3FenvId%3Dportfolio-site-v1-d1duqacaea7e51%23%2Fstatic-hosting%2Fservice%2Fdeploy%2Fdetail%3FserverName%3Dcodex_self_introduction_web%26buildId%3D2600826541%26versionName%3Dcodex_self_introduction_web-001&referer=https%3A%2F%2Ftcb.cloud.tencent.com%2Fdev%3FenvId%3Dportfolio-site-v1-d1duqacaea7e51:0
[  565047ms] [ERROR] Failed to load resource: net::ERR_CONNECTION_CLOSED @ https://rumt-zh.com/collect?from=https%3A%2F%2Ftcb.cloud.tencent.com%2Fdev%3FenvId%3Dportfolio-site-v1-d1duqacaea7e51%23%2Fstatic-hosting%2Fservice%2Fdeploy%2Fdetail%3FserverName%3Dcodex_self_introduction_web%26buildId%3D2600826541%26versionName%3Dcodex_self_introduction_web-001&sampled=1&id=0GVQESz2JVkP10XQ7X&uin=100048431065&version=1.18.1&aid=a95a81b8-471c-45ee-8817-74e2f7d750bb&env=production&platform=3&netType=4&vp=1707%20*%20932&sr=1707%20*%201067&sessionId=b29647ca0c4d407a8b9d717adf935f57&referer=https%3A%2F%2Ftcb.cloud.tencent.com%2Fdev%3FenvId%3Dportfolio-site-v1-d1duqacaea7e51:0
[  593126ms] [ERROR] Failed to load resource: net::ERR_CONNECTION_CLOSED @ https://weda-api.cloud.tencent.com/qcloud-weida/v1/capi?i=account/DescribeCurrentUserDetails:0
[  594816ms] [ERROR] Failed to load resource: net::ERR_CONNECTION_CLOSED @ https://rumt-zh.com/speed?from=https%3A%2F%2Ftcb.cloud.tencent.com%2Fdev%3FenvId%3Dportfolio-site-v1-d1duqacaea7e51%23%2Fstatic-hosting%2Fservice%2Fdeploy%2Fdetail%3FserverName%3Dcodex_self_introduction_web%26buildId%3D2600826541%26versionName%3Dcodex_self_introduction_web-001&sampled=1&id=0GVQESz2JVkP10XQ7X&uin=100048431065&version=1.18.1&aid=a95a81b8-471c-45ee-8817-74e2f7d750bb&env=production&platform=3&netType=4&vp=1707%20*%20932&sr=1707%20*%201067&sessionId=b29647ca0c4d407a8b9d717adf935f57&referer=https%3A%2F%2Ftcb.cloud.tencent.com%2Fdev%3FenvId%3Dportfolio-site-v1-d1duqacaea7e51:0
[  594821ms] [ERROR] Failed to load resource: net::ERR_CONNECTION_CLOSED @ https://rumt-zh.com/collect?sampled=1&id=0GVQESz2JVkP10XQ7X&uin=100048431065&version=1.18.1&aid=a95a81b8-471c-45ee-8817-74e2f7d750bb&env=production&platform=3&netType=4&vp=1707%20*%20932&sr=1707%20*%201067&sessionId=b29647ca0c4d407a8b9d717adf935f57&from=https%3A%2F%2Ftcb.cloud.tencent.com%2Fdev%3FenvId%3Dportfolio-site-v1-d1duqacaea7e51%23%2Fstatic-hosting%2Fservice%2Fdeploy%2Fdetail%3FserverName%3Dcodex_self_introduction_web%26buildId%3D2600826541%26versionName%3Dcodex_self_introduction_web-001&referer=https%3A%2F%2Ftcb.cloud.tencent.com%2Fdev%3FenvId%3Dportfolio-site-v1-d1duqacaea7e51:0
[  595216ms] [ERROR] Failed to load resource: net::ERR_CONNECTION_CLOSED @ https://rumt-zh.com/collect?from=https%3A%2F%2Ftcb.cloud.tencent.com%2Fdev%3FenvId%3Dportfolio-site-v1-d1duqacaea7e51%23%2Fstatic-hosting%2Fservice%2Fdeploy%2Fdetail%3FserverName%3Dcodex_self_introduction_web%26buildId%3D2600826541%26versionName%3Dcodex_self_introduction_web-001&sampled=1&id=0GVQESz2JVkP10XQ7X&uin=100048431065&version=1.18.1&aid=a95a81b8-471c-45ee-8817-74e2f7d750bb&env=production&platform=3&netType=4&vp=1707%20*%20932&sr=1707%20*%201067&sessionId=b29647ca0c4d407a8b9d717adf935f57&referer=https%3A%2F%2Ftcb.cloud.tencent.com%2Fdev%3FenvId%3Dportfolio-site-v1-d1duqacaea7e51:0
[  616341ms] [ERROR] Failed to load resource: net::ERR_CONNECTION_CLOSED @ https://tcb.cloud.tencent.com/dev-platform/1.18.1/assets/index.7defab7d.css:0
[  616691ms] [ERROR] Failed to load resource: net::ERR_CONNECTION_CLOSED @ https://tcb.cloud.tencent.com/dev-platform/1.18.1/assets/module.81596608.css:0
[  616693ms] [ERROR] Failed to load resource: net::ERR_CONNECTION_CLOSED @ https://tcb.cloud.tencent.com/dev-platform/1.18.1/assets/index.1d5689d2.css:0
[  616693ms] [ERROR] Failed to load resource: net::ERR_CONNECTION_CLOSED @ https://tcb.cloud.tencent.com/dev-platform/1.18.1/assets/index.8940cfd0.css:0
[  616693ms] [ERROR] Failed to load resource: net::ERR_CONNECTION_CLOSED @ https://tcb.cloud.tencent.com/dev-platform/1.18.1/assets/index.d0b3fb32.css:0
[  616714ms] [ERROR] Failed to load resource: net::ERR_CONNECTION_CLOSED @ https://rumt-zh.com/speed?from=https%3A%2F%2Ftcb.cloud.tencent.com%2Fdev%3FenvId%3Dportfolio-site-v1-d1duqacaea7e51%23%2Fstatic-hosting%2Fservice%2Fdeploy%2Fdetail%3FserverName%3Dcodex_self_introduction_web%26buildId%3D2600826541%26versionName%3Dcodex_self_introduction_web-001&sampled=1&id=0GVQESz2JVkP10XQ7X&uin=100048431065&version=1.18.1&aid=a95a81b8-471c-45ee-8817-74e2f7d750bb&env=production&platform=3&netType=4&vp=1707%20*%20932&sr=1707%20*%201067&sessionId=b29647ca0c4d407a8b9d717adf935f57&referer=https%3A%2F%2Ftcb.cloud.tencent.com%2Fdev%3FenvId%3Dportfolio-site-v1-d1duqacaea7e51:0
[  617096ms] [ERROR] Failed to load resource: net::ERR_CONNECTION_CLOSED @ https://tcb.cloud.tencent.com/dev-platform/1.18.1/assets/index.ff84f808.css:0
[  617098ms] [ERROR] Failed to load resource: net::ERR_CONNECTION_CLOSED @ https://tcb.cloud.tencent.com/dev-platform/1.18.1/assets/instance-db-selector.d65bc4fa.css:0
[  617290ms] [ERROR] Failed to load resource: net::ERR_CONNECTION_CLOSED @ https://tcb.cloud.tencent.com/dev-platform/1.18.1/assets/db-mysql-layout.3d3f6f74.css:0
[  617499ms] [ERROR] Failed to load resource: net::ERR_CONNECTION_CLOSED @ https://tcb.cloud.tencent.com/dev-platform/1.18.1/assets/index.65eaab13.css:0
[  617501ms] [ERROR] Failed to load resource: net::ERR_CONNECTION_CLOSED @ https://tcb.cloud.tencent.com/dev-platform/1.18.1/assets/db-mysql-layout.b1f839a2.js:0
[  617884ms] [ERROR] Failed to load resource: net::ERR_CONNECTION_CLOSED @ https://tcb.cloud.tencent.com/dev-platform/1.18.1/assets/index.98013429.js:0
[  617884ms] [ERROR] Failed to load resource: net::ERR_CONNECTION_CLOSED @ https://tcb.cloud.tencent.com/dev-platform/1.18.1/assets/index.32e125cd.js:0
[  617884ms] [ERROR] Failed to load resource: net::ERR_CONNECTION_CLOSED @ https://tcb.cloud.tencent.com/dev-platform/1.18.1/assets/adapter.c05c7d93.js:0
[  618498ms] [ERROR] Failed to load resource: net::ERR_CONNECTION_CLOSED @ https://tcb.cloud.tencent.com/dev-platform/1.18.1/assets/utils.d0818435.js:0
[  619041ms] [ERROR] Failed to load resource: net::ERR_CONNECTION_CLOSED @ https://tcb.cloud.tencent.com/dev-platform/1.18.1/assets/index.c1aac2c1.js:0
[  619043ms] [ERROR] Failed to load resource: net::ERR_CONNECTION_CLOSED @ https://tcb.cloud.tencent.com/dev-platform/1.18.1/assets/index.80c8fcb5.js:0
[  619227ms] [ERROR] Failed to load resource: net::ERR_CONNECTION_CLOSED @ https://tcb.cloud.tencent.com/dev-platform/1.18.1/assets/getDefaultDs.eb0ad087.js:0
[  619228ms] [ERROR] Failed to load resource: net::ERR_CONNECTION_CLOSED @ https://tcb.cloud.tencent.com/dev-platform/1.18.1/assets/index.773acf04.js:0
[  619611ms] [ERROR] Failed to load resource: net::ERR_CONNECTION_CLOSED @ https://tcb.cloud.tencent.com/dev-platform/1.18.1/assets/svg.58c58fe0.js:0
[  619616ms] [ERROR] Failed to load resource: net::ERR_CONNECTION_CLOSED @ https://tcb.cloud.tencent.com/dev-platform/1.18.1/assets/index.f215e68f.js:0
[  620185ms] [ERROR] Failed to load resource: net::ERR_CONNECTION_CLOSED @ https://tcb.cloud.tencent.com/dev-platform/1.18.1/assets/index.338803f7.js:0
[  620207ms] [ERROR] Failed to load resource: net::ERR_CONNECTION_CLOSED @ https://tcb.cloud.tencent.com/dev-platform/1.18.1/assets/omit.c42ba5b1.js:0
[  620402ms] [ERROR] Failed to load resource: net::ERR_CONNECTION_CLOSED @ https://tcb.cloud.tencent.com/dev-platform/1.18.1/assets/module.b91c3152.js:0
[  620403ms] [ERROR] Failed to load resource: net::ERR_CONNECTION_CLOSED @ https://tcb.cloud.tencent.com/dev-platform/1.18.1/assets/index.f008e2a6.js:0
[  620588ms] [ERROR] Failed to load resource: net::ERR_CONNECTION_CLOSED @ https://tcb.cloud.tencent.com/dev-platform/1.18.1/assets/redux.77dc388f.js:0
[  620763ms] [ERROR] Failed to load resource: net::ERR_CONNECTION_CLOSED @ https://tcb.cloud.tencent.com/dev-platform/1.18.1/assets/tiki.519692c8.js:0
[  620764ms] [ERROR] Failed to load resource: net::ERR_CONNECTION_CLOSED @ https://tcb.cloud.tencent.com/dev-platform/1.18.1/assets/raf-schd.esm.b8ee7308.js:0
[  620764ms] [ERROR] Failed to load resource: net::ERR_CONNECTION_CLOSED @ https://tcb.cloud.tencent.com/dev-platform/1.18.1/assets/index.af2c7b2b.js:0
[  621158ms] [ERROR] Failed to load resource: net::ERR_CONNECTION_CLOSED @ https://tcb.cloud.tencent.com/dev-platform/1.18.1/assets/util.f067c134.js:0
[  621160ms] [ERROR] Failed to load resource: net::ERR_CONNECTION_CLOSED @ https://tcb.cloud.tencent.com/dev-platform/1.18.1/assets/depsEqual.6abc6dc8.js:0
[  621160ms] [ERROR] Failed to load resource: net::ERR_CONNECTION_CLOSED @ https://tcb.cloud.tencent.com/dev-platform/1.18.1/assets/main.ae7441d6.js:0
[  621563ms] [ERROR] Failed to load resource: net::ERR_CONNECTION_CLOSED @ https://tcb.cloud.tencent.com/dev-platform/1.18.1/assets/index.16f4a05f.js:0
[  621564ms] [ERROR] Failed to load resource: net::ERR_CONNECTION_CLOSED @ https://tcb.cloud.tencent.com/dev-platform/1.18.1/assets/index.88959e62.js:0
[  621564ms] [ERROR] Failed to load resource: net::ERR_CONNECTION_CLOSED @ https://tcb.cloud.tencent.com/dev-platform/1.18.1/assets/pickBy.82948756.js:0
[  621946ms] [ERROR] Failed to load resource: net::ERR_CONNECTION_CLOSED @ https://tcb.cloud.tencent.com/dev-platform/1.18.1/assets/data-source-scene.2f2181f9.js:0
[  621946ms] [ERROR] Failed to load resource: net::ERR_CONNECTION_CLOSED @ https://tcb.cloud.tencent.com/dev-platform/1.18.1/assets/cloud-mysql.8165127d.js:0
[  621967ms] [ERROR] Failed to load resource: net::ERR_CONNECTION_CLOSED @ https://tcb.cloud.tencent.com/dev-platform/1.18.1/assets/getBillingOrders.52bea9f9.js:0
[  621968ms] [ERROR] Failed to load resource: net::ERR_CONNECTION_CLOSED @ https://tcb.cloud.tencent.com/dev-platform/1.18.1/assets/docDbModule.4951c70b.js:0
[  622290ms] [ERROR] Failed to load resource: net::ERR_CONNECTION_CLOSED @ https://rumt-zh.com/collect?from=https%3A%2F%2Ftcb.cloud.tencent.com%2Fdev%3FenvId%3Dportfolio-site-v1-d1duqacaea7e51%23%2Fdb%2Fmysql%2Ftable%2Fdefault%2F&sampled=1&id=0GVQESz2JVkP10XQ7X&uin=100048431065&version=1.18.1&aid=a95a81b8-471c-45ee-8817-74e2f7d750bb&env=production&platform=3&netType=4&vp=1707%20*%20932&sr=1707%20*%201067&sessionId=b29647ca0c4d407a8b9d717adf935f57&referer=https%3A%2F%2Ftcb.cloud.tencent.com%2Fdev%3FenvId%3Dportfolio-site-v1-d1duqacaea7e51:0
[  622290ms] [ERROR] Failed to load resource: net::ERR_CONNECTION_CLOSED @ https://rumt-zh.com/collect?from=https%3A%2F%2Ftcb.cloud.tencent.com%2Fdev%3FenvId%3Dportfolio-site-v1-d1duqacaea7e51%23%2Fstatic-hosting%2Fservice%2Fdeploy%2Fdetail%3FserverName%3Dcodex_self_introduction_web%26buildId%3D2600826541%26versionName%3Dcodex_self_introduction_web-001&sampled=1&id=0GVQESz2JVkP10XQ7X&uin=100048431065&version=1.18.1&aid=a95a81b8-471c-45ee-8817-74e2f7d750bb&env=production&platform=3&netType=4&vp=1707%20*%20932&sr=1707%20*%201067&sessionId=b29647ca0c4d407a8b9d717adf935f57&referer=https%3A%2F%2Ftcb.cloud.tencent.com%2Fdev%3FenvId%3Dportfolio-site-v1-d1duqacaea7e51:0
[  622290ms] [ERROR] Failed to load resource: net::ERR_CONNECTION_CLOSED @ https://rumt-zh.com/collect?from=https%3A%2F%2Ftcb.cloud.tencent.com%2Fdev%3FenvId%3Dportfolio-site-v1-d1duqacaea7e51%23%2Fdb%2Fmysql%2Ftable%2Fdefault%2F&sampled=1&id=0GVQESz2JVkP10XQ7X&uin=100048431065&version=1.18.1&aid=a95a81b8-471c-45ee-8817-74e2f7d750bb&env=production&platform=3&netType=4&vp=1707%20*%20932&sr=1707%20*%201067&sessionId=b29647ca0c4d407a8b9d717adf935f57&referer=https%3A%2F%2Ftcb.cloud.tencent.com%2Fdev%3FenvId%3Dportfolio-site-v1-d1duqacaea7e51:0
[  622337ms] [ERROR] Failed to load resource: net::ERR_CONNECTION_CLOSED @ https://tcb.cloud.tencent.com/dev-platform/1.18.1/assets/index.10512991.js:0
[  622482ms] [ERROR] Failed to load resource: net::ERR_CONNECTION_CLOSED @ https://rumt-zh.com/collect?sampled=1&id=0GVQESz2JVkP10XQ7X&uin=100048431065&version=1.18.1&aid=a95a81b8-471c-45ee-8817-74e2f7d750bb&env=production&platform=3&netType=4&vp=1707%20*%20932&sr=1707%20*%201067&sessionId=b29647ca0c4d407a8b9d717adf935f57&from=https%3A%2F%2Ftcb.cloud.tencent.com%2Fdev%3FenvId%3Dportfolio-site-v1-d1duqacaea7e51%23%2Fdb%2Fmysql%2Ftable%2Fdefault%2F&referer=https%3A%2F%2Ftcb.cloud.tencent.com%2Fdev%3FenvId%3Dportfolio-site-v1-d1duqacaea7e51:0
[  622718ms] [ERROR] Failed to load resource: net::ERR_CONNECTION_CLOSED @ https://rumt-zh.com/collect?from=https%3A%2F%2Ftcb.cloud.tencent.com%2Fdev%3FenvId%3Dportfolio-site-v1-d1duqacaea7e51%23%2Fdb%2Fmysql%2Ftable%2Fdefault%2F&sampled=1&id=0GVQESz2JVkP10XQ7X&uin=100048431065&version=1.18.1&aid=a95a81b8-471c-45ee-8817-74e2f7d750bb&env=production&platform=3&netType=4&vp=1707%20*%20932&sr=1707%20*%201067&sessionId=b29647ca0c4d407a8b9d717adf935f57&referer=https%3A%2F%2Ftcb.cloud.tencent.com%2Fdev%3FenvId%3Dportfolio-site-v1-d1duqacaea7e51:0
[  622882ms] [ERROR] Failed to load resource: net::ERR_CONNECTION_CLOSED @ https://tcb.cloud.tencent.com/dev-platform/1.18.1/assets/subHours.16d569fe.js:0
[  622904ms] [ERROR] Failed to load resource: net::ERR_CONNECTION_CLOSED @ https://rumt-zh.com/collect?from=https%3A%2F%2Ftcb.cloud.tencent.com%2Fdev%3FenvId%3Dportfolio-site-v1-d1duqacaea7e51%23%2Fdb%2Fmysql%2Ftable%2Fdefault%2F&sampled=1&id=0GVQESz2JVkP10XQ7X&uin=100048431065&version=1.18.1&aid=a95a81b8-471c-45ee-8817-74e2f7d750bb&env=production&platform=3&netType=4&vp=1707%20*%20932&sr=1707%20*%201067&sessionId=b29647ca0c4d407a8b9d717adf935f57&referer=https%3A%2F%2Ftcb.cloud.tencent.com%2Fdev%3FenvId%3Dportfolio-site-v1-d1duqacaea7e51:0
[  622905ms] [ERROR] Failed to load resource: net::ERR_CONNECTION_CLOSED @ https://rumt-zh.com/collect?from=https%3A%2F%2Ftcb.cloud.tencent.com%2Fdev%3FenvId%3Dportfolio-site-v1-d1duqacaea7e51%23%2Fdb%2Fmysql%2Ftable%2Fdefault%2F&sampled=1&id=0GVQESz2JVkP10XQ7X&uin=100048431065&version=1.18.1&aid=a95a81b8-471c-45ee-8817-74e2f7d750bb&env=production&platform=3&netType=4&vp=1707%20*%20932&sr=1707%20*%201067&sessionId=b29647ca0c4d407a8b9d717adf935f57&referer=https%3A%2F%2Ftcb.cloud.tencent.com%2Fdev%3FenvId%3Dportfolio-site-v1-d1duqacaea7e51:0
[  623265ms] [ERROR] Failed to load resource: net::ERR_CONNECTION_CLOSED @ https://rumt-zh.com/collect?from=https%3A%2F%2Ftcb.cloud.tencent.com%2Fdev%3FenvId%3Dportfolio-site-v1-d1duqacaea7e51%23%2Fdb%2Fmysql%2Ftable%2Fdefault%2F&sampled=1&id=0GVQESz2JVkP10XQ7X&uin=100048431065&version=1.18.1&aid=a95a81b8-471c-45ee-8817-74e2f7d750bb&env=production&platform=3&netType=4&vp=1707%20*%20932&sr=1707%20*%201067&sessionId=b29647ca0c4d407a8b9d717adf935f57&referer=https%3A%2F%2Ftcb.cloud.tencent.com%2Fdev%3FenvId%3Dportfolio-site-v1-d1duqacaea7e51:0
[  623270ms] [ERROR] Failed to load resource: net::ERR_CONNECTION_CLOSED @ https://tcb.cloud.tencent.com/dev-platform/1.18.1/assets/index.0af3cd2c.js:0
[  623271ms] [ERROR] Failed to load resource: net::ERR_CONNECTION_CLOSED @ https://tcb.cloud.tencent.com/dev-platform/1.18.1/assets/preview-data.63f25af6.js:0
[  623271ms] [ERROR] Failed to load resource: net::ERR_CONNECTION_CLOSED @ https://tcb.cloud.tencent.com/dev-platform/1.18.1/assets/adapter.cbbade66.js:0
[  623271ms] [ERROR] Failed to load resource: net::ERR_CONNECTION_CLOSED @ https://tcb.cloud.tencent.com/dev-platform/1.18.1/assets/index.20f715f4.js:0
[  623460ms] [ERROR] Failed to load resource: net::ERR_CONNECTION_CLOSED @ https://tcb.cloud.tencent.com/dev-platform/1.18.1/assets/ds-adapter.194a4da3.js:0
[  623473ms] [ERROR] Failed to load resource: net::ERR_CONNECTION_CLOSED @ https://rumt-zh.com/collect?from=https%3A%2F%2Ftcb.cloud.tencent.com%2Fdev%3FenvId%3Dportfolio-site-v1-d1duqacaea7e51%23%2Fdb%2Fmysql%2Ftable%2Fdefault%2F&sampled=1&id=0GVQESz2JVkP10XQ7X&uin=100048431065&version=1.18.1&aid=a95a81b8-471c-45ee-8817-74e2f7d750bb&env=production&platform=3&netType=4&vp=1707%20*%20932&sr=1707%20*%201067&sessionId=b29647ca0c4d407a8b9d717adf935f57&referer=https%3A%2F%2Ftcb.cloud.tencent.com%2Fdev%3FenvId%3Dportfolio-site-v1-d1duqacaea7e51:0
[  623655ms] [ERROR] Failed to load resource: net::ERR_CONNECTION_CLOSED @ https://tcb.cloud.tencent.com/dev-platform/1.18.1/assets/flexdb.3b080964.js:0
[  623655ms] [ERROR] Failed to load resource: net::ERR_CONNECTION_CLOSED @ https://tcb.cloud.tencent.com/dev-platform/1.18.1/assets/TcbPage.7149642e.js:0
[  623658ms] [ERROR] Failed to load resource: net::ERR_CONNECTION_CLOSED @ https://weda-api.cloud.tencent.com/qcloud-weida/v1/capi?i=account/DescribeCurrentUserDetails:0
[  623840ms] [ERROR] Failed to load resource: net::ERR_CONNECTION_CLOSED @ https://tcb.cloud.tencent.com/dev-platform/1.18.1/assets/envStore.95fe3f9a.js:0
[  623846ms] [ERROR] Failed to load resource: net::ERR_CONNECTION_CLOSED @ https://tcb.cloud.tencent.com/dev-platform/1.18.1/assets/index.b096d708.js:0
[  623846ms] [ERROR] Failed to load resource: net::ERR_CONNECTION_CLOSED @ https://tcb.cloud.tencent.com/dev-platform/1.18.1/assets/helper.f5984b10.js:0
[  624057ms] [ERROR] Failed to load resource: net::ERR_CONNECTION_CLOSED @ https://tcb.cloud.tencent.com/dev-platform/1.18.1/assets/Dialog.51cb192f.js:0
[  624252ms] [ERROR] Failed to load resource: net::ERR_CONNECTION_CLOSED @ https://tcb.cloud.tencent.com/dev-platform/1.18.1/assets/cloud-admin.e5c79557.js:0
[  624253ms] [ERROR] Failed to load resource: net::ERR_CONNECTION_CLOSED @ https://rumt-zh.com/collect?from=https%3A%2F%2Ftcb.cloud.tencent.com%2Fdev%3FenvId%3Dportfolio-site-v1-d1duqacaea7e51%23%2Fdb%2Fmysql%2Ftable%2Fdefault%2F&sampled=1&id=0GVQESz2JVkP10XQ7X&uin=100048431065&version=1.18.1&aid=a95a81b8-471c-45ee-8817-74e2f7d750bb&env=production&platform=3&netType=4&vp=1707%20*%20932&sr=1707%20*%201067&sessionId=b29647ca0c4d407a8b9d717adf935f57&referer=https%3A%2F%2Ftcb.cloud.tencent.com%2Fdev%3FenvId%3Dportfolio-site-v1-d1duqacaea7e51:0
[  624253ms] [ERROR] Failed to load resource: net::ERR_CONNECTION_CLOSED @ https://tcb.cloud.tencent.com/dev-platform/1.18.1/assets/utils.8553e00c.js:0
[  624253ms] [ERROR] Failed to load resource: net::ERR_CONNECTION_CLOSED @ https://tcb.cloud.tencent.com/dev-platform/1.18.1/assets/system-role.39d1c22a.js:0
[  624515ms] [ERROR] Failed to load resource: net::ERR_CONNECTION_CLOSED @ https://tcb.cloud.tencent.com/dev-platform/1.18.1/assets/model.e452102c.js:0
[  624739ms] [ERROR] Failed to load resource: net::ERR_CONNECTION_CLOSED @ https://tcb.cloud.tencent.com/dev-platform/1.18.1/assets/usePostpayQuotaLimit.cfff9666.js:0
[  625252ms] [ERROR] Failed to load resource: net::ERR_CONNECTION_CLOSED @ https://tcb.cloud.tencent.com/dev-platform/1.18.1/assets/instance-db-selector.c863dee1.js:0
[  625439ms] [ERROR] Failed to load resource: net::ERR_CONNECTION_CLOSED @ https://tcb.cloud.tencent.com/dev-platform/1.18.1/assets/api.291fa214.js:0
[  625468ms] [ERROR] Failed to load resource: net::ERR_CONNECTION_CLOSED @ https://tcb.cloud.tencent.com/dev-platform/1.18.1/assets/CreateDbConnector.74173125.js:0
[  625469ms] [ERROR] Failed to load resource: net::ERR_CONNECTION_CLOSED @ https://tcb.cloud.tencent.com/dev-platform/1.18.1/assets/voronoi.fed7652e.js:0
[  627038ms] [ERROR] Failed to load resource: net::ERR_CONNECTION_CLOSED @ https://tcb.cloud.tencent.com/dev-platform/1.18.1/assets/index.8fd195db.js:0
[  627043ms] [ERROR] Failed to load resource: net::ERR_CONNECTION_CLOSED @ https://rumt-zh.com/collect?sampled=1&id=0GVQESz2JVkP10XQ7X&uin=100048431065&version=1.18.1&aid=a95a81b8-471c-45ee-8817-74e2f7d750bb&env=production&platform=3&netType=4&vp=1707%20*%20932&sr=1707%20*%201067&sessionId=b29647ca0c4d407a8b9d717adf935f57&from=https%3A%2F%2Ftcb.cloud.tencent.com%2Fdev%3FenvId%3Dportfolio-site-v1-d1duqacaea7e51%23%2Fdb%2Fmysql%2Ftable%2Fdefault%2F&referer=https%3A%2F%2Ftcb.cloud.tencent.com%2Fdev%3FenvId%3Dportfolio-site-v1-d1duqacaea7e51:0
[  627043ms] [ERROR] Failed to load resource: net::ERR_CONNECTION_CLOSED @ https://rumt-zh.com/collect?from=https%3A%2F%2Ftcb.cloud.tencent.com%2Fdev%3FenvId%3Dportfolio-site-v1-d1duqacaea7e51%23%2Fdb%2Fmysql%2Ftable%2Fdefault%2F&sampled=1&id=0GVQESz2JVkP10XQ7X&uin=100048431065&version=1.18.1&aid=a95a81b8-471c-45ee-8817-74e2f7d750bb&env=production&platform=3&netType=4&vp=1707%20*%20932&sr=1707%20*%201067&sessionId=b29647ca0c4d407a8b9d717adf935f57&referer=https%3A%2F%2Ftcb.cloud.tencent.com%2Fdev%3FenvId%3Dportfolio-site-v1-d1duqacaea7e51:0
[  627043ms] [ERROR] Failed to load resource: net::ERR_CONNECTION_CLOSED @ https://tcb.cloud.tencent.com/dev-platform/1.18.1/assets/useCam.5dbc8a2c.js:0
[  627043ms] [ERROR] Failed to load resource: net::ERR_CONNECTION_CLOSED @ https://tcb.cloud.tencent.com/dev-platform/1.18.1/assets/page-db-mysql-table-index.fd374018.js:0
[  627043ms] [ERROR] Failed to load resource: net::ERR_CONNECTION_CLOSED @ https://rumt-zh.com/collect?from=https%3A%2F%2Ftcb.cloud.tencent.com%2Fdev%3FenvId%3Dportfolio-site-v1-d1duqacaea7e51%23%2Fdb%2Fmysql%2Ftable%2Fdefault%2F&sampled=1&id=0GVQESz2JVkP10XQ7X&uin=100048431065&version=1.18.1&aid=a95a81b8-471c-45ee-8817-74e2f7d750bb&env=production&platform=3&netType=4&vp=1707%20*%20932&sr=1707%20*%201067&sessionId=b29647ca0c4d407a8b9d717adf935f57&referer=https%3A%2F%2Ftcb.cloud.tencent.com%2Fdev%3FenvId%3Dportfolio-site-v1-d1duqacaea7e51:0
[  627043ms] [ERROR] Failed to load resource: net::ERR_CONNECTION_CLOSED @ https://tcb.cloud.tencent.com/dev-platform/1.18.1/assets/useMiddleTableCheck.1a7c81bf.js:0
[  627043ms] [ERROR] Failed to load resource: net::ERR_CONNECTION_CLOSED @ https://rumt-zh.com/collect?from=https%3A%2F%2Ftcb.cloud.tencent.com%2Fdev%3FenvId%3Dportfolio-site-v1-d1duqacaea7e51%23%2Fdb%2Fmysql%2Ftable%2Fdefault%2F&sampled=1&id=0GVQESz2JVkP10XQ7X&uin=100048431065&version=1.18.1&aid=a95a81b8-471c-45ee-8817-74e2f7d750bb&env=production&platform=3&netType=4&vp=1707%20*%20932&sr=1707%20*%201067&sessionId=b29647ca0c4d407a8b9d717adf935f57&referer=https%3A%2F%2Ftcb.cloud.tencent.com%2Fdev%3FenvId%3Dportfolio-site-v1-d1duqacaea7e51:0
[  627043ms] [ERROR] Failed to load resource: net::ERR_CONNECTION_CLOSED @ https://rumt-zh.com/collect?from=https%3A%2F%2Ftcb.cloud.tencent.com%2Fdev%3FenvId%3Dportfolio-site-v1-d1duqacaea7e51%23%2Fdb%2Fmysql%2Ftable%2Fdefault%2F&sampled=1&id=0GVQESz2JVkP10XQ7X&uin=100048431065&version=1.18.1&aid=a95a81b8-471c-45ee-8817-74e2f7d750bb&env=production&platform=3&netType=4&vp=1707%20*%20932&sr=1707%20*%201067&sessionId=b29647ca0c4d407a8b9d717adf935f57&referer=https%3A%2F%2Ftcb.cloud.tencent.com%2Fdev%3FenvId%3Dportfolio-site-v1-d1duqacaea7e51:0
[  627043ms] [ERROR] Failed to load resource: net::ERR_CONNECTION_CLOSED @ https://tcb.cloud.tencent.com/dev-platform/1.18.1/assets/index.20602c5a.js:0
[  627043ms] [ERROR] Failed to load resource: net::ERR_CONNECTION_CLOSED @ https://tcb.cloud.tencent.com/dev-platform/1.18.1/assets/useFormTableQuery.d4780666.js:0
[  627045ms] [ERROR] Failed to load resource: net::ERR_CONNECTION_CLOSED @ https://rumt-zh.com/speed?from=https%3A%2F%2Ftcb.cloud.tencent.com%2Fdev%3FenvId%3Dportfolio-site-v1-d1duqacaea7e51%23%2Fstatic-hosting%2Fservice%2Fdeploy%2Fdetail%3FserverName%3Dcodex_self_introduction_web%26buildId%3D2600826541%26versionName%3Dcodex_self_introduction_web-001&sampled=1&id=0GVQESz2JVkP10XQ7X&uin=100048431065&version=1.18.1&aid=a95a81b8-471c-45ee-8817-74e2f7d750bb&env=production&platform=3&netType=4&vp=1707%20*%20932&sr=1707%20*%201067&sessionId=b29647ca0c4d407a8b9d717adf935f57&referer=https%3A%2F%2Ftcb.cloud.tencent.com%2Fdev%3FenvId%3Dportfolio-site-v1-d1duqacaea7e51:0
[  627045ms] [ERROR] Failed to load resource: net::ERR_SOCKET_NOT_CONNECTED @ https://rumt-zh.com/speed?from=https%3A%2F%2Ftcb.cloud.tencent.com%2Fdev%3FenvId%3Dportfolio-site-v1-d1duqacaea7e51%23%2Fdb%2Fmysql%2Ftable%2Fdefault%2F&sampled=1&id=0GVQESz2JVkP10XQ7X&uin=100048431065&version=1.18.1&aid=a95a81b8-471c-45ee-8817-74e2f7d750bb&env=production&platform=3&netType=4&vp=1707%20*%20932&sr=1707%20*%201067&sessionId=b29647ca0c4d407a8b9d717adf935f57&referer=https%3A%2F%2Ftcb.cloud.tencent.com%2Fdev%3FenvId%3Dportfolio-site-v1-d1duqacaea7e51:0
[  627045ms] [ERROR] Failed to load resource: net::ERR_CONNECTION_CLOSED @ https://tcb.cloud.tencent.com/dev-platform/1.18.1/assets/index.4e465d1d.js:0
[  628425ms] [WARNING] A parser-blocking, cross site (i.e. different eTLD+1) script, https://tam.cdn-go.cn/aegis-sdk/latest/aegis.min.js, is invoked via document.write. The network request for this script MAY be blocked by the browser in this or a future page load due to poor network connectivity. If blocked in this page load, it will be confirmed in a subsequent console message. See https://www.chromestatus.com/feature/5718547946799104 for more details. @ https://tcb.cloud.tencent.com/dev?envId=portfolio-site-v1-d1duqacaea7e51:0
[  628425ms] [WARNING] A parser-blocking, cross site (i.e. different eTLD+1) script, https://tam.cdn-go.cn/aegis-sdk/latest/aegis.min.js, is invoked via document.write. The network request for this script MAY be blocked by the browser in this or a future page load due to poor network connectivity. If blocked in this page load, it will be confirmed in a subsequent console message. See https://www.chromestatus.com/feature/5718547946799104 for more details. @ https://tcb.cloud.tencent.com/dev?envId=portfolio-site-v1-d1duqacaea7e51:0
[  630738ms] [WARNING] [ Formily warn ]:  Component registration naming conflict. Please change the name. Globally registered components will no longer support overlay registration in the future. @ https://tcb.cloud.tencent.com/dev-platform/1.18.1/assets/index.16f4a05f.js:0
[  630738ms] [WARNING] [ Formily warn ]:  Component registration naming conflict. Please change the name. Globally registered components will no longer support overlay registration in the future. @ https://tcb.cloud.tencent.com/dev-platform/1.18.1/assets/index.16f4a05f.js:0
[  630738ms] [WARNING] [ Formily warn ]:  Component registration naming conflict. Please change the name. Globally registered components will no longer support overlay registration in the future. @ https://tcb.cloud.tencent.com/dev-platform/1.18.1/assets/index.16f4a05f.js:0
[  633004ms] Failed to set the 'domain' property on 'Document': Assignment is forbidden for sandboxed iframes.
[  633061ms] [ERROR] SecurityError: Failed to set the 'domain' property on 'Document': Assignment is forbidden for sandboxed iframes.
    at Ju (https://slscache.tencent-cloud.cn/qcact-ssr/1azSIPRi4JLt7YjU9nP5q/_next/static/chunks/framework-26c7ef1740bba62bfbe1.js:1:94669)
    at ys (https://slscache.tencent-cloud.cn/qcact-ssr/1azSIPRi4JLt7YjU9nP5q/_next/static/chunks/framework-26c7ef1740bba62bfbe1.js:1:115021)
    at https://slscache.tencent-cloud.cn/qcact-ssr/1azSIPRi4JLt7YjU9nP5q/_next/static/chunks/framework-26c7ef1740bba62bfbe1.js:1:111605
    at S (https://slscache.tencent-cloud.cn/qcact-ssr/1azSIPRi4JLt7YjU9nP5q/_next/static/chunks/framework-26c7ef1740bba62bfbe1.js:1:132397)
    at MessagePort.T (https://slscache.tencent-cloud.cn/qcact-ssr/1azSIPRi4JLt7YjU9nP5q/_next/static/chunks/framework-26c7ef1740bba62bfbe1.js:1:132931) @ https://slscache.tencent-cloud.cn/qcact-ssr/1azSIPRi4JLt7YjU9nP5q/_next/static/chunks/framework-26c7ef1740bba62bfbe1.js:0
[  633062ms] [ERROR] SecurityError: Failed to set the 'domain' property on 'Document': Assignment is forbidden for sandboxed iframes.
    at Ju (https://slscache.tencent-cloud.cn/qcact-ssr/1azSIPRi4JLt7YjU9nP5q/_next/static/chunks/framework-26c7ef1740bba62bfbe1.js:1:94669)
    at ys (https://slscache.tencent-cloud.cn/qcact-ssr/1azSIPRi4JLt7YjU9nP5q/_next/static/chunks/framework-26c7ef1740bba62bfbe1.js:1:115021)
    at https://slscache.tencent-cloud.cn/qcact-ssr/1azSIPRi4JLt7YjU9nP5q/_next/static/chunks/framework-26c7ef1740bba62bfbe1.js:1:111605
    at S (https://slscache.tencent-cloud.cn/qcact-ssr/1azSIPRi4JLt7YjU9nP5q/_next/static/chunks/framework-26c7ef1740bba62bfbe1.js:1:132397)
    at MessagePort.T (https://slscache.tencent-cloud.cn/qcact-ssr/1azSIPRi4JLt7YjU9nP5q/_next/static/chunks/framework-26c7ef1740bba62bfbe1.js:1:132931) @ https://slscache.tencent-cloud.cn/qcact-ssr/1azSIPRi4JLt7YjU9nP5q/_next/static/chunks/main-1f414af3347d8995ac17.js:0
[  633062ms] [ERROR] A client-side exception has occurred, see here for more info: https://nextjs.org/docs/messages/client-side-exception-occurred @ https://slscache.tencent-cloud.cn/qcact-ssr/1azSIPRi4JLt7YjU9nP5q/_next/static/chunks/main-1f414af3347d8995ac17.js:0
[  750208ms] [ERROR] Failed to load resource: net::ERR_CONNECTION_CLOSED @ https://weda-api.cloud.tencent.com/qcloud-weida/v1/capi?i=account/DescribeCurrentUserDetails:0
[  751832ms] [ERROR] Failed to load resource: net::ERR_CONNECTION_CLOSED @ https://rumt-zh.com/speed?from=https%3A%2F%2Ftcb.cloud.tencent.com%2Fdev%3FenvId%3Dportfolio-site-v1-d1duqacaea7e51%23%2Fdb%2Fmysql%2Ftable%2Fdefault%2Fportfolio-site-v1-d1duqacaea7e51&sampled=1&id=0GVQESz2JVkP10XQ7X&uin=100048431065&version=1.18.1&aid=a95a81b8-471c-45ee-8817-74e2f7d750bb&env=production&platform=3&netType=4&vp=1707%20*%20932&sr=1707%20*%201067&sessionId=b29647ca0c4d407a8b9d717adf935f57&referer=https%3A%2F%2Ftcb.cloud.tencent.com%2Fdev%3FenvId%3Dportfolio-site-v1-d1duqacaea7e51:0
[  752412ms] [ERROR] Failed to load resource: net::ERR_CONNECTION_CLOSED @ https://rumt-zh.com/collect?sampled=1&id=0GVQESz2JVkP10XQ7X&uin=100048431065&version=1.18.1&aid=a95a81b8-471c-45ee-8817-74e2f7d750bb&env=production&platform=3&netType=4&vp=1707%20*%20932&sr=1707%20*%201067&sessionId=b29647ca0c4d407a8b9d717adf935f57&from=https%3A%2F%2Ftcb.cloud.tencent.com%2Fdev%3FenvId%3Dportfolio-site-v1-d1duqacaea7e51%23%2Fdb%2Fmysql%2Ftable%2Fdefault%2Fportfolio-site-v1-d1duqacaea7e51&referer=https%3A%2F%2Ftcb.cloud.tencent.com%2Fdev%3FenvId%3Dportfolio-site-v1-d1duqacaea7e51:0
[  752412ms] [ERROR] Failed to load resource: net::ERR_CONNECTION_CLOSED @ https://rumt-zh.com/collect?from=https%3A%2F%2Ftcb.cloud.tencent.com%2Fdev%3FenvId%3Dportfolio-site-v1-d1duqacaea7e51%23%2Fdb%2Fmysql%2Ftable%2Fdefault%2Fportfolio-site-v1-d1duqacaea7e51&sampled=1&id=0GVQESz2JVkP10XQ7X&uin=100048431065&version=1.18.1&aid=a95a81b8-471c-45ee-8817-74e2f7d750bb&env=production&platform=3&netType=4&vp=1707%20*%20932&sr=1707%20*%201067&sessionId=b29647ca0c4d407a8b9d717adf935f57&referer=https%3A%2F%2Ftcb.cloud.tencent.com%2Fdev%3FenvId%3Dportfolio-site-v1-d1duqacaea7e51:0
[  780499ms] [ERROR] Failed to load resource: net::ERR_CONNECTION_CLOSED @ https://weda-api.cloud.tencent.com/qcloud-weida/v1/capi?i=account/DescribeCurrentUserDetails:0
[  782213ms] [ERROR] Failed to load resource: net::ERR_CONNECTION_CLOSED @ https://rumt-zh.com/speed?from=https%3A%2F%2Ftcb.cloud.tencent.com%2Fdev%3FenvId%3Dportfolio-site-v1-d1duqacaea7e51%23%2Fdb%2Fmysql%2Ftable%2Fdefault%2Fportfolio-site-v1-d1duqacaea7e51&sampled=1&id=0GVQESz2JVkP10XQ7X&uin=100048431065&version=1.18.1&aid=a95a81b8-471c-45ee-8817-74e2f7d750bb&env=production&platform=3&netType=4&vp=1707%20*%20932&sr=1707%20*%201067&sessionId=b29647ca0c4d407a8b9d717adf935f57&referer=https%3A%2F%2Ftcb.cloud.tencent.com%2Fdev%3FenvId%3Dportfolio-site-v1-d1duqacaea7e51:0
[  782218ms] [ERROR] Failed to load resource: net::ERR_CONNECTION_CLOSED @ https://rumt-zh.com/collect?sampled=1&id=0GVQESz2JVkP10XQ7X&uin=100048431065&version=1.18.1&aid=a95a81b8-471c-45ee-8817-74e2f7d750bb&env=production&platform=3&netType=4&vp=1707%20*%20932&sr=1707%20*%201067&sessionId=b29647ca0c4d407a8b9d717adf935f57&from=https%3A%2F%2Ftcb.cloud.tencent.com%2Fdev%3FenvId%3Dportfolio-site-v1-d1duqacaea7e51%23%2Fdb%2Fmysql%2Ftable%2Fdefault%2Fportfolio-site-v1-d1duqacaea7e51&referer=https%3A%2F%2Ftcb.cloud.tencent.com%2Fdev%3FenvId%3Dportfolio-site-v1-d1duqacaea7e51:0
[  782432ms] [ERROR] Failed to load resource: net::ERR_CONNECTION_CLOSED @ https://rumt-zh.com/collect?from=https%3A%2F%2Ftcb.cloud.tencent.com%2Fdev%3FenvId%3Dportfolio-site-v1-d1duqacaea7e51%23%2Fdb%2Fmysql%2Ftable%2Fdefault%2Fportfolio-site-v1-d1duqacaea7e51&sampled=1&id=0GVQESz2JVkP10XQ7X&uin=100048431065&version=1.18.1&aid=a95a81b8-471c-45ee-8817-74e2f7d750bb&env=production&platform=3&netType=4&vp=1707%20*%20932&sr=1707%20*%201067&sessionId=b29647ca0c4d407a8b9d717adf935f57&referer=https%3A%2F%2Ftcb.cloud.tencent.com%2Fdev%3FenvId%3Dportfolio-site-v1-d1duqacaea7e51:0
[  810445ms] [ERROR] Failed to load resource: net::ERR_CONNECTION_CLOSED @ https://weda-api.cloud.tencent.com/qcloud-weida/v1/capi?i=account/DescribeCurrentUserDetails:0
[  811851ms] [ERROR] Failed to load resource: net::ERR_CONNECTION_CLOSED @ https://rumt-zh.com/speed?from=https%3A%2F%2Ftcb.cloud.tencent.com%2Fdev%3FenvId%3Dportfolio-site-v1-d1duqacaea7e51%23%2Fdb%2Fmysql%2Ftable%2Fdefault%2Fportfolio-site-v1-d1duqacaea7e51&sampled=1&id=0GVQESz2JVkP10XQ7X&uin=100048431065&version=1.18.1&aid=a95a81b8-471c-45ee-8817-74e2f7d750bb&env=production&platform=3&netType=4&vp=1707%20*%20932&sr=1707%20*%201067&sessionId=b29647ca0c4d407a8b9d717adf935f57&referer=https%3A%2F%2Ftcb.cloud.tencent.com%2Fdev%3FenvId%3Dportfolio-site-v1-d1duqacaea7e51:0
[  812163ms] [ERROR] Failed to load resource: net::ERR_CONNECTION_CLOSED @ https://rumt-zh.com/collect?sampled=1&id=0GVQESz2JVkP10XQ7X&uin=100048431065&version=1.18.1&aid=a95a81b8-471c-45ee-8817-74e2f7d750bb&env=production&platform=3&netType=4&vp=1707%20*%20932&sr=1707%20*%201067&sessionId=b29647ca0c4d407a8b9d717adf935f57&from=https%3A%2F%2Ftcb.cloud.tencent.com%2Fdev%3FenvId%3Dportfolio-site-v1-d1duqacaea7e51%23%2Fdb%2Fmysql%2Ftable%2Fdefault%2Fportfolio-site-v1-d1duqacaea7e51&referer=https%3A%2F%2Ftcb.cloud.tencent.com%2Fdev%3FenvId%3Dportfolio-site-v1-d1duqacaea7e51:0
[  812588ms] [ERROR] Failed to load resource: net::ERR_CONNECTION_CLOSED @ https://rumt-zh.com/collect?from=https%3A%2F%2Ftcb.cloud.tencent.com%2Fdev%3FenvId%3Dportfolio-site-v1-d1duqacaea7e51%23%2Fdb%2Fmysql%2Ftable%2Fdefault%2Fportfolio-site-v1-d1duqacaea7e51&sampled=1&id=0GVQESz2JVkP10XQ7X&uin=100048431065&version=1.18.1&aid=a95a81b8-471c-45ee-8817-74e2f7d750bb&env=production&platform=3&netType=4&vp=1707%20*%20932&sr=1707%20*%201067&sessionId=b29647ca0c4d407a8b9d717adf935f57&referer=https%3A%2F%2Ftcb.cloud.tencent.com%2Fdev%3FenvId%3Dportfolio-site-v1-d1duqacaea7e51:0
[  845255ms] [ERROR] Failed to load resource: net::ERR_CONNECTION_CLOSED @ https://weda-api.cloud.tencent.com/qcloud-weida/v1/capi?i=account/DescribeCurrentUserDetails:0
[  846680ms] [ERROR] Failed to load resource: net::ERR_CONNECTION_CLOSED @ https://rumt-zh.com/speed?from=https%3A%2F%2Ftcb.cloud.tencent.com%2Fdev%3FenvId%3Dportfolio-site-v1-d1duqacaea7e51%23%2Fdb%2Fmysql%2Ftable%2Fdefault%2Fportfolio-site-v1-d1duqacaea7e51&sampled=1&id=0GVQESz2JVkP10XQ7X&uin=100048431065&version=1.18.1&aid=a95a81b8-471c-45ee-8817-74e2f7d750bb&env=production&platform=3&netType=4&vp=1707%20*%20932&sr=1707%20*%201067&sessionId=b29647ca0c4d407a8b9d717adf935f57&referer=https%3A%2F%2Ftcb.cloud.tencent.com%2Fdev%3FenvId%3Dportfolio-site-v1-d1duqacaea7e51:0
[  848065ms] [ERROR] Failed to load resource: net::ERR_CONNECTION_CLOSED @ https://rumt-zh.com/collect?sampled=1&id=0GVQESz2JVkP10XQ7X&uin=100048431065&version=1.18.1&aid=a95a81b8-471c-45ee-8817-74e2f7d750bb&env=production&platform=3&netType=4&vp=1707%20*%20932&sr=1707%20*%201067&sessionId=b29647ca0c4d407a8b9d717adf935f57&from=https%3A%2F%2Ftcb.cloud.tencent.com%2Fdev%3FenvId%3Dportfolio-site-v1-d1duqacaea7e51%23%2Fdb%2Fmysql%2Ftable%2Fdefault%2Fportfolio-site-v1-d1duqacaea7e51&referer=https%3A%2F%2Ftcb.cloud.tencent.com%2Fdev%3FenvId%3Dportfolio-site-v1-d1duqacaea7e51:0
[  848065ms] [ERROR] Failed to load resource: net::ERR_CONNECTION_CLOSED @ https://rumt-zh.com/collect?from=https%3A%2F%2Ftcb.cloud.tencent.com%2Fdev%3FenvId%3Dportfolio-site-v1-d1duqacaea7e51%23%2Fdb%2Fmysql%2Ftable%2Fdefault%2Fportfolio-site-v1-d1duqacaea7e51&sampled=1&id=0GVQESz2JVkP10XQ7X&uin=100048431065&version=1.18.1&aid=a95a81b8-471c-45ee-8817-74e2f7d750bb&env=production&platform=3&netType=4&vp=1707%20*%20932&sr=1707%20*%201067&sessionId=b29647ca0c4d407a8b9d717adf935f57&referer=https%3A%2F%2Ftcb.cloud.tencent.com%2Fdev%3FenvId%3Dportfolio-site-v1-d1duqacaea7e51:0
[  868814ms] [ERROR] Failed to load resource: net::ERR_CONNECTION_CLOSED @ https://tcb.cloud.tencent.com/dev-platform/1.18.1/assets/AdvancedConfigCard.1d3e39c3.css:0
[  868853ms] [ERROR] Failed to load resource: net::ERR_CONNECTION_CLOSED @ https://tcb.cloud.tencent.com/dev-platform/1.18.1/assets/CreateDomainAndRouteModal.75c01cd9.css:0
[  868856ms] [ERROR] Failed to load resource: net::ERR_CONNECTION_CLOSED @ https://tcb.cloud.tencent.com/dev-platform/1.18.1/assets/layout.4fecb798.js:0
[  868856ms] [ERROR] Failed to load resource: net::ERR_CONNECTION_CLOSED @ https://tcb.cloud.tencent.com/dev-platform/1.18.1/assets/page-static-hosting-index.c41f199f.js:0
[  868888ms] [ERROR] Failed to load resource: net::ERR_CONNECTION_CLOSED @ https://tcb.cloud.tencent.com/dev-platform/1.18.1/assets/useFrameworkConfig.176930e7.js:0
[  868888ms] [ERROR] Failed to load resource: net::ERR_CONNECTION_CLOSED @ https://tcb.cloud.tencent.com/dev-platform/1.18.1/assets/index.5347427b.js:0
[  869802ms] [ERROR] Failed to load resource: net::ERR_CONNECTION_CLOSED @ https://rumt-zh.com/collect?from=https%3A%2F%2Ftcb.cloud.tencent.com%2Fdev%3FenvId%3Dportfolio-site-v1-d1duqacaea7e51%23%2Fdb%2Fmysql%2Ftable%2Fdefault%2Fportfolio-site-v1-d1duqacaea7e51&sampled=1&id=0GVQESz2JVkP10XQ7X&uin=100048431065&version=1.18.1&aid=a95a81b8-471c-45ee-8817-74e2f7d750bb&env=production&platform=3&netType=4&vp=1707%20*%20932&sr=1707%20*%201067&sessionId=b29647ca0c4d407a8b9d717adf935f57&referer=https%3A%2F%2Ftcb.cloud.tencent.com%2Fdev%3FenvId%3Dportfolio-site-v1-d1duqacaea7e51:0
[  869928ms] [ERROR] Failed to load resource: net::ERR_CONNECTION_CLOSED @ https://tcb.cloud.tencent.com/dev-platform/1.18.1/assets/utils.34e6477d.js:0
[  869928ms] [ERROR] Failed to load resource: net::ERR_CONNECTION_CLOSED @ https://tcb.cloud.tencent.com/dev-platform/1.18.1/assets/AppDeployTable.0169d5a2.js:0
[  869974ms] [ERROR] Failed to load resource: net::ERR_CONNECTION_CLOSED @ https://tcb.cloud.tencent.com/dev-platform/1.18.1/assets/getCos.b97d1abc.js:0
[  869999ms] [ERROR] Failed to load resource: net::ERR_CONNECTION_CLOSED @ https://tcb.cloud.tencent.com/dev-platform/1.18.1/assets/ToQpsLimit.26ea5647.js:0
[  870001ms] [ERROR] Failed to load resource: net::ERR_CONNECTION_CLOSED @ https://tcb.cloud.tencent.com/dev-platform/1.18.1/assets/AdvancedConfigList.d164ec29.js:0
[  870002ms] [ERROR] Failed to load resource: net::ERR_CONNECTION_CLOSED @ https://tcb.cloud.tencent.com/dev-platform/1.18.1/assets/AdvancedConfigCard.ef9be2ee.js:0
[  870060ms] [ERROR] Failed to load resource: net::ERR_CONNECTION_CLOSED @ https://rumt-zh.com/collect?from=https%3A%2F%2Ftcb.cloud.tencent.com%2Fdev%3FenvId%3Dportfolio-site-v1-d1duqacaea7e51%23%2Fstatic-hosting&sampled=1&id=0GVQESz2JVkP10XQ7X&uin=100048431065&version=1.18.1&aid=a95a81b8-471c-45ee-8817-74e2f7d750bb&env=production&platform=3&netType=4&vp=1707%20*%20932&sr=1707%20*%201067&sessionId=b29647ca0c4d407a8b9d717adf935f57&referer=https%3A%2F%2Ftcb.cloud.tencent.com%2Fdev%3FenvId%3Dportfolio-site-v1-d1duqacaea7e51:0
[  870060ms] [ERROR] Failed to load resource: net::ERR_CONNECTION_CLOSED @ https://rumt-zh.com/collect?sampled=1&id=0GVQESz2JVkP10XQ7X&uin=100048431065&version=1.18.1&aid=a95a81b8-471c-45ee-8817-74e2f7d750bb&env=production&platform=3&netType=4&vp=1707%20*%20932&sr=1707%20*%201067&sessionId=b29647ca0c4d407a8b9d717adf935f57&from=https%3A%2F%2Ftcb.cloud.tencent.com%2Fdev%3FenvId%3Dportfolio-site-v1-d1duqacaea7e51%23%2Fstatic-hosting&referer=https%3A%2F%2Ftcb.cloud.tencent.com%2Fdev%3FenvId%3Dportfolio-site-v1-d1duqacaea7e51:0
[  870327ms] [ERROR] Failed to load resource: net::ERR_CONNECTION_CLOSED @ https://rumt-zh.com/collect?from=https%3A%2F%2Ftcb.cloud.tencent.com%2Fdev%3FenvId%3Dportfolio-site-v1-d1duqacaea7e51%23%2Fstatic-hosting&sampled=1&id=0GVQESz2JVkP10XQ7X&uin=100048431065&version=1.18.1&aid=a95a81b8-471c-45ee-8817-74e2f7d750bb&env=production&platform=3&netType=4&vp=1707%20*%20932&sr=1707%20*%201067&sessionId=b29647ca0c4d407a8b9d717adf935f57&referer=https%3A%2F%2Ftcb.cloud.tencent.com%2Fdev%3FenvId%3Dportfolio-site-v1-d1duqacaea7e51:0
[  870634ms] [ERROR] Failed to load resource: net::ERR_CONNECTION_CLOSED @ https://rumt-zh.com/speed?from=https%3A%2F%2Ftcb.cloud.tencent.com%2Fdev%3FenvId%3Dportfolio-site-v1-d1duqacaea7e51%23%2Fdb%2Fmysql%2Ftable%2Fdefault%2Fportfolio-site-v1-d1duqacaea7e51&sampled=1&id=0GVQESz2JVkP10XQ7X&uin=100048431065&version=1.18.1&aid=a95a81b8-471c-45ee-8817-74e2f7d750bb&env=production&platform=3&netType=4&vp=1707%20*%20932&sr=1707%20*%201067&sessionId=b29647ca0c4d407a8b9d717adf935f57&referer=https%3A%2F%2Ftcb.cloud.tencent.com%2Fdev%3FenvId%3Dportfolio-site-v1-d1duqacaea7e51:0
[  870661ms] [ERROR] Failed to load resource: net::ERR_CONNECTION_CLOSED @ https://rumt-zh.com/speed?from=https%3A%2F%2Ftcb.cloud.tencent.com%2Fdev%3FenvId%3Dportfolio-site-v1-d1duqacaea7e51%23%2Fstatic-hosting&sampled=1&id=0GVQESz2JVkP10XQ7X&uin=100048431065&version=1.18.1&aid=a95a81b8-471c-45ee-8817-74e2f7d750bb&env=production&platform=3&netType=4&vp=1707%20*%20932&sr=1707%20*%201067&sessionId=b29647ca0c4d407a8b9d717adf935f57&referer=https%3A%2F%2Ftcb.cloud.tencent.com%2Fdev%3FenvId%3Dportfolio-site-v1-d1duqacaea7e51:0
[  870737ms] [ERROR] Failed to load resource: net::ERR_CONNECTION_CLOSED @ https://rumt-zh.com/collect?from=https%3A%2F%2Ftcb.cloud.tencent.com%2Fdev%3FenvId%3Dportfolio-site-v1-d1duqacaea7e51%23%2Fdb%2Fmysql%2Ftable%2Fdefault%2Fportfolio-site-v1-d1duqacaea7e51&sampled=1&id=0GVQESz2JVkP10XQ7X&uin=100048431065&version=1.18.1&aid=a95a81b8-471c-45ee-8817-74e2f7d750bb&env=production&platform=3&netType=4&vp=1707%20*%20932&sr=1707%20*%201067&sessionId=b29647ca0c4d407a8b9d717adf935f57&referer=https%3A%2F%2Ftcb.cloud.tencent.com%2Fdev%3FenvId%3Dportfolio-site-v1-d1duqacaea7e51:0
[  871162ms] [ERROR] Failed to load resource: net::ERR_CONNECTION_CLOSED @ https://tcb.cloud.tencent.com/dev-platform/1.18.1/assets/DefaultDomainTip.c0b1b77c.js:0
[  871368ms] [ERROR] Failed to load resource: net::ERR_CONNECTION_CLOSED @ https://tcb.cloud.tencent.com/dev-platform/1.18.1/assets/CreateDomainAndRouteModal.3d72ac80.js:0
[  871368ms] [ERROR] Failed to load resource: net::ERR_CONNECTION_CLOSED @ https://tcb.cloud.tencent.com/dev-platform/1.18.1/assets/model.8e21b830.js:0
[  871368ms] [ERROR] Failed to load resource: net::ERR_CONNECTION_CLOSED @ https://tcb.cloud.tencent.com/dev-platform/1.18.1/assets/request.67bc58ec.js:0
[  871768ms] [ERROR] Failed to load resource: net::ERR_CONNECTION_CLOSED @ https://tcb.cloud.tencent.com/dev-platform/1.18.1/assets/Finder.ce5dad3c.js:0
[  871785ms] [ERROR] Failed to load resource: net::ERR_CONNECTION_CLOSED @ https://rumt-zh.com/collect?from=https%3A%2F%2Ftcb.cloud.tencent.com%2Fdev%3FenvId%3Dportfolio-site-v1-d1duqacaea7e51%23%2Fdb%2Fmysql%2Ftable%2Fdefault%2Fportfolio-site-v1-d1duqacaea7e51&sampled=1&id=0GVQESz2JVkP10XQ7X&uin=100048431065&version=1.18.1&aid=a95a81b8-471c-45ee-8817-74e2f7d750bb&env=production&platform=3&netType=4&vp=1707%20*%20932&sr=1707%20*%201067&sessionId=b29647ca0c4d407a8b9d717adf935f57&referer=https%3A%2F%2Ftcb.cloud.tencent.com%2Fdev%3FenvId%3Dportfolio-site-v1-d1duqacaea7e51:0
[  871973ms] [ERROR] Failed to load resource: net::ERR_CONNECTION_CLOSED @ https://rumt-zh.com/speed?from=https%3A%2F%2Ftcb.cloud.tencent.com%2Fdev%3FenvId%3Dportfolio-site-v1-d1duqacaea7e51%23%2Fdb%2Fmysql%2Ftable%2Fdefault%2Fportfolio-site-v1-d1duqacaea7e51&sampled=1&id=0GVQESz2JVkP10XQ7X&uin=100048431065&version=1.18.1&aid=a95a81b8-471c-45ee-8817-74e2f7d750bb&env=production&platform=3&netType=4&vp=1707%20*%20932&sr=1707%20*%201067&sessionId=b29647ca0c4d407a8b9d717adf935f57&referer=https%3A%2F%2Ftcb.cloud.tencent.com%2Fdev%3FenvId%3Dportfolio-site-v1-d1duqacaea7e51:0
[  875393ms] [ERROR] Failed to load resource: net::ERR_CONNECTION_CLOSED @ https://weda-api.cloud.tencent.com/qcloud-weida/v1/capi?i=lowcode/DescribePrepareResourceStatus:0
[  875399ms] [ERROR] Failed to load resource: net::ERR_CONNECTION_CLOSED @ https://weda-api.cloud.tencent.com/qcloud-weida/v1/capi?i=lowcode/DescribeDataSourcePluginList:0
[  875409ms] Error: [lowcode/DescribePrepareResourceStatus][NETWORK_ERROR] 网络异常：网络不通或被代理拦截，请检查网络和代理状态后重试。 (Failed to fetch)
    at Yce (https://tcb.cloud.tencent.com/dev-platform/1.18.1/assets/main.ebcb9918.js:57:52267)
    at async Z (https://tcb.cloud.tencent.com/dev-platform/1.18.1/assets/index.32e125cd.js:1:4205)
    at async Qf.RG (https://tcb.cloud.tencent.com/dev-platform/1.18.1/assets/main.ebcb9918.js:57:116663)
[  875409ms] Error: [lowcode/DescribeDataSourcePluginList][NETWORK_ERROR] 网络异常：网络不通或被代理拦截，请检查网络和代理状态后重试。 (Failed to fetch)
    at Yce (https://tcb.cloud.tencent.com/dev-platform/1.18.1/assets/main.ebcb9918.js:57:52267)
    at async Proxy.o (https://tcb.cloud.tencent.com/dev-platform/1.18.1/assets/main.ebcb9918.js:57:42175)
    at async N.ready (https://tcb.cloud.tencent.com/dev-platform/1.18.1/assets/useSequentialDeps.e2746f17.js:12:9077)
    at async Qf.RG (https://tcb.cloud.tencent.com/dev-platform/1.18.1/assets/main.ebcb9918.js:57:116663)
[  875597ms] [ERROR] Failed to load resource: net::ERR_CONNECTION_CLOSED @ https://weda-api.cloud.tencent.com/qcloud-weida/v1/capi?i=account/DescribeCurrentUserDetails:0
[  877417ms] [ERROR] Failed to load resource: net::ERR_CONNECTION_CLOSED @ https://rumt-zh.com/speed?from=https%3A%2F%2Ftcb.cloud.tencent.com%2Fdev%3FenvId%3Dportfolio-site-v1-d1duqacaea7e51%23%2Fdb%2Fmysql%2Ftable%2Fdefault%2Fportfolio-site-v1-d1duqacaea7e51&sampled=1&id=0GVQESz2JVkP10XQ7X&uin=100048431065&version=1.18.1&aid=a95a81b8-471c-45ee-8817-74e2f7d750bb&env=production&platform=3&netType=4&vp=1707%20*%20932&sr=1707%20*%201067&sessionId=b29647ca0c4d407a8b9d717adf935f57&referer=https%3A%2F%2Ftcb.cloud.tencent.com%2Fdev%3FenvId%3Dportfolio-site-v1-d1duqacaea7e51:0
[  877417ms] [ERROR] Failed to load resource: net::ERR_CONNECTION_CLOSED @ https://rumt-zh.com/collect?sampled=1&id=0GVQESz2JVkP10XQ7X&uin=100048431065&version=1.18.1&aid=a95a81b8-471c-45ee-8817-74e2f7d750bb&env=production&platform=3&netType=4&vp=1707%20*%20932&sr=1707%20*%201067&sessionId=b29647ca0c4d407a8b9d717adf935f57&from=https%3A%2F%2Ftcb.cloud.tencent.com%2Fdev%3FenvId%3Dportfolio-site-v1-d1duqacaea7e51%23%2Fdb%2Fmysql%2Ftable%2Fdefault%2Fportfolio-site-v1-d1duqacaea7e51&referer=https%3A%2F%2Ftcb.cloud.tencent.com%2Fdev%3FenvId%3Dportfolio-site-v1-d1duqacaea7e51:0
[  877623ms] [ERROR] Failed to load resource: net::ERR_CONNECTION_CLOSED @ https://rumt-zh.com/collect?from=https%3A%2F%2Ftcb.cloud.tencent.com%2Fdev%3FenvId%3Dportfolio-site-v1-d1duqacaea7e51%23%2Fdb%2Fmysql%2Ftable%2Fdefault%2Fportfolio-site-v1-d1duqacaea7e51&sampled=1&id=0GVQESz2JVkP10XQ7X&uin=100048431065&version=1.18.1&aid=a95a81b8-471c-45ee-8817-74e2f7d750bb&env=production&platform=3&netType=4&vp=1707%20*%20932&sr=1707%20*%201067&sessionId=b29647ca0c4d407a8b9d717adf935f57&referer=https%3A%2F%2Ftcb.cloud.tencent.com%2Fdev%3FenvId%3Dportfolio-site-v1-d1duqacaea7e51:0
[  877819ms] [ERROR] Failed to load resource: net::ERR_CONNECTION_CLOSED @ https://rumt-zh.com/collect?sampled=1&id=0GVQESz2JVkP10XQ7X&uin=100048431065&version=1.18.1&aid=a95a81b8-471c-45ee-8817-74e2f7d750bb&env=production&platform=3&netType=4&vp=1707%20*%20932&sr=1707%20*%201067&sessionId=b29647ca0c4d407a8b9d717adf935f57&from=https%3A%2F%2Ftcb.cloud.tencent.com%2Fdev%3FenvId%3Dportfolio-site-v1-d1duqacaea7e51%23%2Fdb%2Fmysql%2Ftable%2Fdefault%2Fportfolio-site-v1-d1duqacaea7e51&referer=https%3A%2F%2Ftcb.cloud.tencent.com%2Fdev%3FenvId%3Dportfolio-site-v1-d1duqacaea7e51:0
[  877825ms] [ERROR] Failed to load resource: net::ERR_CONNECTION_CLOSED @ https://rumt-zh.com/speed?from=https%3A%2F%2Ftcb.cloud.tencent.com%2Fdev%3FenvId%3Dportfolio-site-v1-d1duqacaea7e51%23%2Fdb%2Fmysql%2Ftable%2Fdefault%2Fportfolio-site-v1-d1duqacaea7e51&sampled=1&id=0GVQESz2JVkP10XQ7X&uin=100048431065&version=1.18.1&aid=a95a81b8-471c-45ee-8817-74e2f7d750bb&env=production&platform=3&netType=4&vp=1707%20*%20932&sr=1707%20*%201067&sessionId=b29647ca0c4d407a8b9d717adf935f57&referer=https%3A%2F%2Ftcb.cloud.tencent.com%2Fdev%3FenvId%3Dportfolio-site-v1-d1duqacaea7e51:0
[  877825ms] [ERROR] Failed to load resource: net::ERR_CONNECTION_CLOSED @ https://rumt-zh.com/collect?from=https%3A%2F%2Ftcb.cloud.tencent.com%2Fdev%3FenvId%3Dportfolio-site-v1-d1duqacaea7e51%23%2Fdb%2Fmysql%2Ftable%2Fdefault%2Fportfolio-site-v1-d1duqacaea7e51&sampled=1&id=0GVQESz2JVkP10XQ7X&uin=100048431065&version=1.18.1&aid=a95a81b8-471c-45ee-8817-74e2f7d750bb&env=production&platform=3&netType=4&vp=1707%20*%20932&sr=1707%20*%201067&sessionId=b29647ca0c4d407a8b9d717adf935f57&referer=https%3A%2F%2Ftcb.cloud.tencent.com%2Fdev%3FenvId%3Dportfolio-site-v1-d1duqacaea7e51:0
[  894316ms] [WARNING] A parser-blocking, cross site (i.e. different eTLD+1) script, https://tam.cdn-go.cn/aegis-sdk/latest/aegis.min.js, is invoked via document.write. The network request for this script MAY be blocked by the browser in this or a future page load due to poor network connectivity. If blocked in this page load, it will be confirmed in a subsequent console message. See https://www.chromestatus.com/feature/5718547946799104 for more details. @ https://tcb.cloud.tencent.com/dev?envId=portfolio-site-v1-d1duqacaea7e51:0
[  894317ms] [WARNING] A parser-blocking, cross site (i.e. different eTLD+1) script, https://tam.cdn-go.cn/aegis-sdk/latest/aegis.min.js, is invoked via document.write. The network request for this script MAY be blocked by the browser in this or a future page load due to poor network connectivity. If blocked in this page load, it will be confirmed in a subsequent console message. See https://www.chromestatus.com/feature/5718547946799104 for more details. @ https://tcb.cloud.tencent.com/dev?envId=portfolio-site-v1-d1duqacaea7e51:0
[  897895ms] Failed to set the 'domain' property on 'Document': Assignment is forbidden for sandboxed iframes.
[  897922ms] [ERROR] SecurityError: Failed to set the 'domain' property on 'Document': Assignment is forbidden for sandboxed iframes.
    at Ju (https://slscache.tencent-cloud.cn/qcact-ssr/1azSIPRi4JLt7YjU9nP5q/_next/static/chunks/framework-26c7ef1740bba62bfbe1.js:1:94669)
    at ys (https://slscache.tencent-cloud.cn/qcact-ssr/1azSIPRi4JLt7YjU9nP5q/_next/static/chunks/framework-26c7ef1740bba62bfbe1.js:1:115021)
    at https://slscache.tencent-cloud.cn/qcact-ssr/1azSIPRi4JLt7YjU9nP5q/_next/static/chunks/framework-26c7ef1740bba62bfbe1.js:1:111605
    at S (https://slscache.tencent-cloud.cn/qcact-ssr/1azSIPRi4JLt7YjU9nP5q/_next/static/chunks/framework-26c7ef1740bba62bfbe1.js:1:132397)
    at MessagePort.T (https://slscache.tencent-cloud.cn/qcact-ssr/1azSIPRi4JLt7YjU9nP5q/_next/static/chunks/framework-26c7ef1740bba62bfbe1.js:1:132931) @ https://slscache.tencent-cloud.cn/qcact-ssr/1azSIPRi4JLt7YjU9nP5q/_next/static/chunks/framework-26c7ef1740bba62bfbe1.js:0
[  897923ms] [ERROR] SecurityError: Failed to set the 'domain' property on 'Document': Assignment is forbidden for sandboxed iframes.
    at Ju (https://slscache.tencent-cloud.cn/qcact-ssr/1azSIPRi4JLt7YjU9nP5q/_next/static/chunks/framework-26c7ef1740bba62bfbe1.js:1:94669)
    at ys (https://slscache.tencent-cloud.cn/qcact-ssr/1azSIPRi4JLt7YjU9nP5q/_next/static/chunks/framework-26c7ef1740bba62bfbe1.js:1:115021)
    at https://slscache.tencent-cloud.cn/qcact-ssr/1azSIPRi4JLt7YjU9nP5q/_next/static/chunks/framework-26c7ef1740bba62bfbe1.js:1:111605
    at S (https://slscache.tencent-cloud.cn/qcact-ssr/1azSIPRi4JLt7YjU9nP5q/_next/static/chunks/framework-26c7ef1740bba62bfbe1.js:1:132397)
    at MessagePort.T (https://slscache.tencent-cloud.cn/qcact-ssr/1azSIPRi4JLt7YjU9nP5q/_next/static/chunks/framework-26c7ef1740bba62bfbe1.js:1:132931) @ https://slscache.tencent-cloud.cn/qcact-ssr/1azSIPRi4JLt7YjU9nP5q/_next/static/chunks/main-1f414af3347d8995ac17.js:0
[  897923ms] [ERROR] A client-side exception has occurred, see here for more info: https://nextjs.org/docs/messages/client-side-exception-occurred @ https://slscache.tencent-cloud.cn/qcact-ssr/1azSIPRi4JLt7YjU9nP5q/_next/static/chunks/main-1f414af3347d8995ac17.js:0
[  920635ms] [WARNING] Blocked aria-hidden on an element because its descendant retained focus. The focus must not be hidden from assistive technology users. Avoid using aria-hidden on a focused element or its ancestor. Consider using the inert attribute instead, which will also prevent focus. For more details, see the aria-hidden section of the WAI-ARIA specification at https://w3c.github.io/aria/#aria-hidden.
Element with focus: <div>
Ancestor with aria-hidden: <div> @ https://tcb.cloud.tencent.com/dev?envId=portfolio-site-v1-d1duqacaea7e51#/static-hosting?tab=hosting:0
[ 1016177ms] [ERROR] Failed to load resource: net::ERR_CONNECTION_CLOSED @ https://weda-api.cloud.tencent.com/qcloud-weida/v1/capi?i=account/DescribeCurrentUserDetails:0
[ 1017604ms] [ERROR] Failed to load resource: net::ERR_CONNECTION_CLOSED @ https://rumt-zh.com/collect?sampled=1&id=0GVQESz2JVkP10XQ7X&uin=100048431065&version=1.18.1&aid=a95a81b8-471c-45ee-8817-74e2f7d750bb&env=production&platform=3&netType=4&vp=1707%20*%20932&sr=1707%20*%201067&sessionId=b29647ca0c4d407a8b9d717adf935f57&from=https%3A%2F%2Ftcb.cloud.tencent.com%2Fdev%3FenvId%3Dportfolio-site-v1-d1duqacaea7e51%23%2Fstatic-hosting%2Fservice%2Fdetail%3FserverName%3Dcodex_self_introduction_web%26tabId%3Doverview&referer=https%3A%2F%2Ftcb.cloud.tencent.com%2Fdev%3FenvId%3Dportfolio-site-v1-d1duqacaea7e51:0
[ 1017916ms] [ERROR] Failed to load resource: net::ERR_CONNECTION_CLOSED @ https://rumt-zh.com/collect?from=https%3A%2F%2Ftcb.cloud.tencent.com%2Fdev%3FenvId%3Dportfolio-site-v1-d1duqacaea7e51%23%2Fstatic-hosting%2Fservice%2Fdetail%3FserverName%3Dcodex_self_introduction_web%26tabId%3Doverview&sampled=1&id=0GVQESz2JVkP10XQ7X&uin=100048431065&version=1.18.1&aid=a95a81b8-471c-45ee-8817-74e2f7d750bb&env=production&platform=3&netType=4&vp=1707%20*%20932&sr=1707%20*%201067&sessionId=b29647ca0c4d407a8b9d717adf935f57&referer=https%3A%2F%2Ftcb.cloud.tencent.com%2Fdev%3FenvId%3Dportfolio-site-v1-d1duqacaea7e51:0
[ 1051450ms] [ERROR] Failed to load resource: net::ERR_CONNECTION_CLOSED @ https://weda-api.cloud.tencent.com/qcloud-weida/v1/capi?i=account/DescribeCurrentUserDetails:0
[ 1053265ms] [ERROR] Failed to load resource: net::ERR_CONNECTION_CLOSED @ https://rumt-zh.com/speed?from=https%3A%2F%2Ftcb.cloud.tencent.com%2Fdev%3FenvId%3Dportfolio-site-v1-d1duqacaea7e51%23%2Fstatic-hosting%2Fservice%2Fdetail%3FserverName%3Dcodex_self_introduction_web%26tabId%3Doverview&sampled=1&id=0GVQESz2JVkP10XQ7X&uin=100048431065&version=1.18.1&aid=a95a81b8-471c-45ee-8817-74e2f7d750bb&env=production&platform=3&netType=4&vp=1707%20*%20932&sr=1707%20*%201067&sessionId=b29647ca0c4d407a8b9d717adf935f57&referer=https%3A%2F%2Ftcb.cloud.tencent.com%2Fdev%3FenvId%3Dportfolio-site-v1-d1duqacaea7e51:0
[ 1053919ms] [ERROR] Failed to load resource: net::ERR_CONNECTION_CLOSED @ https://rumt-zh.com/collect?sampled=1&id=0GVQESz2JVkP10XQ7X&uin=100048431065&version=1.18.1&aid=a95a81b8-471c-45ee-8817-74e2f7d750bb&env=production&platform=3&netType=4&vp=1707%20*%20932&sr=1707%20*%201067&sessionId=b29647ca0c4d407a8b9d717adf935f57&from=https%3A%2F%2Ftcb.cloud.tencent.com%2Fdev%3FenvId%3Dportfolio-site-v1-d1duqacaea7e51%23%2Fstatic-hosting%2Fservice%2Fdetail%3FserverName%3Dcodex_self_introduction_web%26tabId%3Doverview&referer=https%3A%2F%2Ftcb.cloud.tencent.com%2Fdev%3FenvId%3Dportfolio-site-v1-d1duqacaea7e51:0
[ 1054129ms] [ERROR] Failed to load resource: net::ERR_CONNECTION_CLOSED @ https://rumt-zh.com/collect?from=https%3A%2F%2Ftcb.cloud.tencent.com%2Fdev%3FenvId%3Dportfolio-site-v1-d1duqacaea7e51%23%2Fstatic-hosting%2Fservice%2Fdetail%3FserverName%3Dcodex_self_introduction_web%26tabId%3Doverview&sampled=1&id=0GVQESz2JVkP10XQ7X&uin=100048431065&version=1.18.1&aid=a95a81b8-471c-45ee-8817-74e2f7d750bb&env=production&platform=3&netType=4&vp=1707%20*%20932&sr=1707%20*%201067&sessionId=b29647ca0c4d407a8b9d717adf935f57&referer=https%3A%2F%2Ftcb.cloud.tencent.com%2Fdev%3FenvId%3Dportfolio-site-v1-d1duqacaea7e51:0
[ 1075924ms] [ERROR] Failed to load resource: net::ERR_CONNECTION_CLOSED @ https://weda-api.cloud.tencent.com/qcloud-weida/v1/capi?i=account/DescribeCurrentUserDetails:0
[ 1076581ms] [ERROR] Failed to load resource: net::ERR_CONNECTION_CLOSED @ https://weda-api.cloud.tencent.com/qcloud-weida/v1/capi?i=tcb/DescribeBuildServiceVersionList:0
[ 1076585ms] [ERROR] Error: [tcb/DescribeBuildServiceVersionList][NETWORK_ERROR] 网络异常：网络不通或被代理拦截，请检查网络和代理状态后重试。 (Failed to fetch)
    at Yce (https://tcb.cloud.tencent.com/dev-platform/1.18.1/assets/main.ebcb9918.js:57:52267)
    at async Proxy.o (https://tcb.cloud.tencent.com/dev-platform/1.18.1/assets/main.ebcb9918.js:57:42175)
    at async ne.ready (https://tcb.cloud.tencent.com/dev-platform/1.18.1/assets/page-static-hosting-detail-index.426b179d.js:12:4399) @ https://tcb.cloud.tencent.com/dev-platform/1.18.1/assets/main.ebcb9918.js:12
[ 1077998ms] [ERROR] Failed to load resource: net::ERR_CONNECTION_CLOSED @ https://rumt-zh.com/speed?from=https%3A%2F%2Ftcb.cloud.tencent.com%2Fdev%3FenvId%3Dportfolio-site-v1-d1duqacaea7e51%23%2Fstatic-hosting%2Fservice%2Fdetail%3FserverName%3Dcodex_self_introduction_web%26tabId%3Doverview&sampled=1&id=0GVQESz2JVkP10XQ7X&uin=100048431065&version=1.18.1&aid=a95a81b8-471c-45ee-8817-74e2f7d750bb&env=production&platform=3&netType=4&vp=1707%20*%20932&sr=1707%20*%201067&sessionId=b29647ca0c4d407a8b9d717adf935f57&referer=https%3A%2F%2Ftcb.cloud.tencent.com%2Fdev%3FenvId%3Dportfolio-site-v1-d1duqacaea7e51:0
[ 1078310ms] [ERROR] Failed to load resource: net::ERR_CONNECTION_CLOSED @ https://rumt-zh.com/speed?from=https%3A%2F%2Ftcb.cloud.tencent.com%2Fdev%3FenvId%3Dportfolio-site-v1-d1duqacaea7e51%23%2Fstatic-hosting%2Fservice%2Fdetail%3FserverName%3Dcodex_self_introduction_web%26tabId%3Ddeploy&sampled=1&id=0GVQESz2JVkP10XQ7X&uin=100048431065&version=1.18.1&aid=a95a81b8-471c-45ee-8817-74e2f7d750bb&env=production&platform=3&netType=4&vp=1707%20*%20932&sr=1707%20*%201067&sessionId=b29647ca0c4d407a8b9d717adf935f57&referer=https%3A%2F%2Ftcb.cloud.tencent.com%2Fdev%3FenvId%3Dportfolio-site-v1-d1duqacaea7e51:0
[ 1078311ms] [ERROR] Failed to load resource: net::ERR_CONNECTION_CLOSED @ https://rumt-zh.com/collect?from=https%3A%2F%2Ftcb.cloud.tencent.com%2Fdev%3FenvId%3Dportfolio-site-v1-d1duqacaea7e51%23%2Fstatic-hosting%2Fservice%2Fdetail%3FserverName%3Dcodex_self_introduction_web%26tabId%3Doverview&sampled=1&id=0GVQESz2JVkP10XQ7X&uin=100048431065&version=1.18.1&aid=a95a81b8-471c-45ee-8817-74e2f7d750bb&env=production&platform=3&netType=4&vp=1707%20*%20932&sr=1707%20*%201067&sessionId=b29647ca0c4d407a8b9d717adf935f57&referer=https%3A%2F%2Ftcb.cloud.tencent.com%2Fdev%3FenvId%3Dportfolio-site-v1-d1duqacaea7e51:0
[ 1078311ms] [ERROR] Failed to load resource: net::ERR_CONNECTION_CLOSED @ https://rumt-zh.com/collect?from=https%3A%2F%2Ftcb.cloud.tencent.com%2Fdev%3FenvId%3Dportfolio-site-v1-d1duqacaea7e51%23%2Fstatic-hosting%2Fservice%2Fdetail%3FserverName%3Dcodex_self_introduction_web%26tabId%3Ddeploy&sampled=1&id=0GVQESz2JVkP10XQ7X&uin=100048431065&version=1.18.1&aid=a95a81b8-471c-45ee-8817-74e2f7d750bb&env=production&platform=3&netType=4&vp=1707%20*%20932&sr=1707%20*%201067&sessionId=b29647ca0c4d407a8b9d717adf935f57&referer=https%3A%2F%2Ftcb.cloud.tencent.com%2Fdev%3FenvId%3Dportfolio-site-v1-d1duqacaea7e51:0
[ 1078311ms] [ERROR] Failed to load resource: net::ERR_CONNECTION_CLOSED @ https://rumt-zh.com/collect?sampled=1&id=0GVQESz2JVkP10XQ7X&uin=100048431065&version=1.18.1&aid=a95a81b8-471c-45ee-8817-74e2f7d750bb&env=production&platform=3&netType=4&vp=1707%20*%20932&sr=1707%20*%201067&sessionId=b29647ca0c4d407a8b9d717adf935f57&from=https%3A%2F%2Ftcb.cloud.tencent.com%2Fdev%3FenvId%3Dportfolio-site-v1-d1duqacaea7e51%23%2Fstatic-hosting%2Fservice%2Fdetail%3FserverName%3Dcodex_self_introduction_web%26tabId%3Ddeploy&referer=https%3A%2F%2Ftcb.cloud.tencent.com%2Fdev%3FenvId%3Dportfolio-site-v1-d1duqacaea7e51:0
[ 1106162ms] [ERROR] Failed to load resource: net::ERR_CONNECTION_CLOSED @ https://weda-api.cloud.tencent.com/qcloud-weida/v1/capi?i=account/DescribeCurrentUserDetails:0
[ 1107589ms] [ERROR] Failed to load resource: net::ERR_CONNECTION_CLOSED @ https://rumt-zh.com/speed?from=https%3A%2F%2Ftcb.cloud.tencent.com%2Fdev%3FenvId%3Dportfolio-site-v1-d1duqacaea7e51%23%2Fstatic-hosting%2Fservice%2Fdetail%3FserverName%3Dcodex_self_introduction_web%26tabId%3Ddeploy&sampled=1&id=0GVQESz2JVkP10XQ7X&uin=100048431065&version=1.18.1&aid=a95a81b8-471c-45ee-8817-74e2f7d750bb&env=production&platform=3&netType=4&vp=1707%20*%20932&sr=1707%20*%201067&sessionId=b29647ca0c4d407a8b9d717adf935f57&referer=https%3A%2F%2Ftcb.cloud.tencent.com%2Fdev%3FenvId%3Dportfolio-site-v1-d1duqacaea7e51:0
[ 1107901ms] [ERROR] Failed to load resource: net::ERR_CONNECTION_CLOSED @ https://rumt-zh.com/collect?sampled=1&id=0GVQESz2JVkP10XQ7X&uin=100048431065&version=1.18.1&aid=a95a81b8-471c-45ee-8817-74e2f7d750bb&env=production&platform=3&netType=4&vp=1707%20*%20932&sr=1707%20*%201067&sessionId=b29647ca0c4d407a8b9d717adf935f57&from=https%3A%2F%2Ftcb.cloud.tencent.com%2Fdev%3FenvId%3Dportfolio-site-v1-d1duqacaea7e51%23%2Fstatic-hosting%2Fservice%2Fdetail%3FserverName%3Dcodex_self_introduction_web%26tabId%3Ddeploy&referer=https%3A%2F%2Ftcb.cloud.tencent.com%2Fdev%3FenvId%3Dportfolio-site-v1-d1duqacaea7e51:0
[ 1108367ms] [ERROR] Failed to load resource: net::ERR_CONNECTION_CLOSED @ https://rumt-zh.com/collect?from=https%3A%2F%2Ftcb.cloud.tencent.com%2Fdev%3FenvId%3Dportfolio-site-v1-d1duqacaea7e51%23%2Fstatic-hosting%2Fservice%2Fdetail%3FserverName%3Dcodex_self_introduction_web%26tabId%3Ddeploy&sampled=1&id=0GVQESz2JVkP10XQ7X&uin=100048431065&version=1.18.1&aid=a95a81b8-471c-45ee-8817-74e2f7d750bb&env=production&platform=3&netType=4&vp=1707%20*%20932&sr=1707%20*%201067&sessionId=b29647ca0c4d407a8b9d717adf935f57&referer=https%3A%2F%2Ftcb.cloud.tencent.com%2Fdev%3FenvId%3Dportfolio-site-v1-d1duqacaea7e51:0
[ 1136142ms] [ERROR] Failed to load resource: net::ERR_CONNECTION_CLOSED @ https://weda-api.cloud.tencent.com/qcloud-weida/v1/capi?i=account/DescribeCurrentUserDetails:0
[ 1137563ms] [ERROR] Failed to load resource: net::ERR_CONNECTION_CLOSED @ https://rumt-zh.com/speed?from=https%3A%2F%2Ftcb.cloud.tencent.com%2Fdev%3FenvId%3Dportfolio-site-v1-d1duqacaea7e51%23%2Fstatic-hosting%2Fservice%2Fdetail%3FserverName%3Dcodex_self_introduction_web%26tabId%3Ddeploy&sampled=1&id=0GVQESz2JVkP10XQ7X&uin=100048431065&version=1.18.1&aid=a95a81b8-471c-45ee-8817-74e2f7d750bb&env=production&platform=3&netType=4&vp=1707%20*%20932&sr=1707%20*%201067&sessionId=b29647ca0c4d407a8b9d717adf935f57&referer=https%3A%2F%2Ftcb.cloud.tencent.com%2Fdev%3FenvId%3Dportfolio-site-v1-d1duqacaea7e51:0
[ 1137879ms] [ERROR] Failed to load resource: net::ERR_CONNECTION_CLOSED @ https://rumt-zh.com/collect?sampled=1&id=0GVQESz2JVkP10XQ7X&uin=100048431065&version=1.18.1&aid=a95a81b8-471c-45ee-8817-74e2f7d750bb&env=production&platform=3&netType=4&vp=1707%20*%20932&sr=1707%20*%201067&sessionId=b29647ca0c4d407a8b9d717adf935f57&from=https%3A%2F%2Ftcb.cloud.tencent.com%2Fdev%3FenvId%3Dportfolio-site-v1-d1duqacaea7e51%23%2Fstatic-hosting%2Fservice%2Fdetail%3FserverName%3Dcodex_self_introduction_web%26tabId%3Ddeploy&referer=https%3A%2F%2Ftcb.cloud.tencent.com%2Fdev%3FenvId%3Dportfolio-site-v1-d1duqacaea7e51:0
[ 1137879ms] [ERROR] Failed to load resource: net::ERR_CONNECTION_CLOSED @ https://rumt-zh.com/collect?from=https%3A%2F%2Ftcb.cloud.tencent.com%2Fdev%3FenvId%3Dportfolio-site-v1-d1duqacaea7e51%23%2Fstatic-hosting%2Fservice%2Fdetail%3FserverName%3Dcodex_self_introduction_web%26tabId%3Ddeploy&sampled=1&id=0GVQESz2JVkP10XQ7X&uin=100048431065&version=1.18.1&aid=a95a81b8-471c-45ee-8817-74e2f7d750bb&env=production&platform=3&netType=4&vp=1707%20*%20932&sr=1707%20*%201067&sessionId=b29647ca0c4d407a8b9d717adf935f57&referer=https%3A%2F%2Ftcb.cloud.tencent.com%2Fdev%3FenvId%3Dportfolio-site-v1-d1duqacaea7e51:0
[ 1150283ms] [ERROR] Failed to load resource: net::ERR_CONNECTION_CLOSED @ https://weda-api.cloud.tencent.com/qcloud-weida/v1/capi?i=tcb/DescribeBuildServiceInfo:0
[ 1152055ms] [ERROR] Failed to load resource: net::ERR_CONNECTION_CLOSED @ https://rumt-zh.com/speed?from=https%3A%2F%2Ftcb.cloud.tencent.com%2Fdev%3FenvId%3Dportfolio-site-v1-d1duqacaea7e51%23%2Fstatic-hosting%2Fservice%2Fupdate%3FserverName%3Dcodex_self_introduction_web&sampled=1&id=0GVQESz2JVkP10XQ7X&uin=100048431065&version=1.18.1&aid=a95a81b8-471c-45ee-8817-74e2f7d750bb&env=production&platform=3&netType=4&vp=1707%20*%20932&sr=1707%20*%201067&sessionId=b29647ca0c4d407a8b9d717adf935f57&referer=https%3A%2F%2Ftcb.cloud.tencent.com%2Fdev%3FenvId%3Dportfolio-site-v1-d1duqacaea7e51:0
[ 1152444ms] [ERROR] Failed to load resource: net::ERR_CONNECTION_CLOSED @ https://rumt-zh.com/collect?sampled=1&id=0GVQESz2JVkP10XQ7X&uin=100048431065&version=1.18.1&aid=a95a81b8-471c-45ee-8817-74e2f7d750bb&env=production&platform=3&netType=4&vp=1707%20*%20932&sr=1707%20*%201067&sessionId=b29647ca0c4d407a8b9d717adf935f57&from=https%3A%2F%2Ftcb.cloud.tencent.com%2Fdev%3FenvId%3Dportfolio-site-v1-d1duqacaea7e51%23%2Fstatic-hosting%2Fservice%2Fupdate%3FserverName%3Dcodex_self_introduction_web&referer=https%3A%2F%2Ftcb.cloud.tencent.com%2Fdev%3FenvId%3Dportfolio-site-v1-d1duqacaea7e51:0
[ 1152652ms] [ERROR] Failed to load resource: net::ERR_CONNECTION_CLOSED @ https://rumt-zh.com/collect?from=https%3A%2F%2Ftcb.cloud.tencent.com%2Fdev%3FenvId%3Dportfolio-site-v1-d1duqacaea7e51%23%2Fstatic-hosting%2Fservice%2Fupdate%3FserverName%3Dcodex_self_introduction_web&sampled=1&id=0GVQESz2JVkP10XQ7X&uin=100048431065&version=1.18.1&aid=a95a81b8-471c-45ee-8817-74e2f7d750bb&env=production&platform=3&netType=4&vp=1707%20*%20932&sr=1707%20*%201067&sessionId=b29647ca0c4d407a8b9d717adf935f57&referer=https%3A%2F%2Ftcb.cloud.tencent.com%2Fdev%3FenvId%3Dportfolio-site-v1-d1duqacaea7e51:0
[ 1152775ms] [ERROR] Failed to load resource: net::ERR_CONNECTION_CLOSED @ https://weda-api.cloud.tencent.com/qcloud-weida/v1/capi?i=tcb/DescribeBuildServiceList:0
[ 1152796ms] [ERROR] Failed to load resource: net::ERR_CONNECTION_CLOSED @ https://weda-api.cloud.tencent.com/qcloud-weida/v1/capi?i=tcb/DescribeEnvAccountCircle:0
[ 1152799ms] [ERROR] Failed to load resource: net::ERR_CONNECTION_CLOSED @ https://weda-api.cloud.tencent.com/qcloud-weida/v1/capi?i=tcb/DescribePostpayQuotaLimit:0
[ 1152846ms] [ERROR] Failed to load resource: net::ERR_CONNECTION_CLOSED @ https://weda-api.cloud.tencent.com/qcloud-weida/v1/capi?i=tcb/DescribePostpayQuotaLimit:0
[ 1152851ms] [ERROR] Failed to load resource: net::ERR_CONNECTION_CLOSED @ https://weda-api.cloud.tencent.com/qcloud-weida/v1/capi?i=tcb/DescribeHostingDomain:0
[ 1153060ms] [ERROR] Failed to load resource: net::ERR_CONNECTION_CLOSED @ https://weda-api.cloud.tencent.com/qcloud-weida/v1/capi?i=tcb/DescribeStaticStore:0
[ 1153117ms] [ERROR] Failed to load resource: net::ERR_CONNECTION_CLOSED @ https://lowcode-5g5llxbq5bc9299e-1300677802.ap-shanghai.app.tcloudbase.com/common-cms-model-get-records?model=tcb_template_list:0
[ 1153117ms] [ERROR] 获取模板数据失败: TypeError: Failed to fetch
    at window.fetch.window.fetch (https://tam.cdn-go.cn/aegis-sdk/latest/aegis.min.js:10:49743)
    at yv (https://tcb.cloud.tencent.com/dev-platform/1.18.1/assets/main.ebcb9918.js:57:92359)
    at D (https://tcb.cloud.tencent.com/dev-platform/1.18.1/assets/utils.34e6477d.js:12:1054)
    at E (https://tcb.cloud.tencent.com/dev-platform/1.18.1/assets/utils.34e6477d.js:12:1899)
    at b.refreshDeps (https://tcb.cloud.tencent.com/dev-platform/1.18.1/assets/utils.34e6477d.js:12:2261)
    at Qf.RG (https://tcb.cloud.tencent.com/dev-platform/1.18.1/assets/main.ebcb9918.js:57:116669)
    at e.<anonymous> (https://tcb.cloud.tencent.com/dev-platform/1.18.1/assets/main.ebcb9918.js:13:49410)
    at c (https://tcb.cloud.tencent.com/dev-platform/1.18.1/assets/main.ebcb9918.js:13:36687)
    at Object.next (https://tcb.cloud.tencent.com/dev-platform/1.18.1/assets/main.ebcb9918.js:13:35970)
    at https://tcb.cloud.tencent.com/dev-platform/1.18.1/assets/main.ebcb9918.js:13:35696 @ https://tcb.cloud.tencent.com/dev-platform/1.18.1/assets/utils.34e6477d.js:11
[ 1153220ms] [ERROR] Failed to load resource: net::ERR_CONNECTION_CLOSED @ https://weda-api.cloud.tencent.com/qcloud-weida/v1/capi?i=tcb/DescribeStaticStore:0
[ 1153235ms] [ERROR] Failed to load resource: net::ERR_CONNECTION_CLOSED @ https://rumt-zh.com/collect?sampled=1&id=0GVQESz2JVkP10XQ7X&uin=100048431065&version=1.18.1&aid=a95a81b8-471c-45ee-8817-74e2f7d750bb&env=production&platform=3&netType=4&vp=1707%20*%20932&sr=1707%20*%201067&sessionId=b29647ca0c4d407a8b9d717adf935f57&from=https%3A%2F%2Ftcb.cloud.tencent.com%2Fdev%3FenvId%3Dportfolio-site-v1-d1duqacaea7e51%23%2Fstatic-hosting&referer=https%3A%2F%2Ftcb.cloud.tencent.com%2Fdev%3FenvId%3Dportfolio-site-v1-d1duqacaea7e51:0
[ 1153412ms] [ERROR] Failed to load resource: net::ERR_CONNECTION_CLOSED @ https://lowcode-5g5llxbq5bc9299e-1300677802.ap-shanghai.app.tcloudbase.com/common-cms-model-get-records?model=tcb_advanced_config:0
[ 1153412ms] [ERROR] 获取高级配置数据失败: TypeError: Failed to fetch
    at window.fetch.window.fetch (https://tam.cdn-go.cn/aegis-sdk/latest/aegis.min.js:10:49743)
    at yv (https://tcb.cloud.tencent.com/dev-platform/1.18.1/assets/main.ebcb9918.js:57:92359)
    at D (https://tcb.cloud.tencent.com/dev-platform/1.18.1/assets/AdvancedConfigCard.ef9be2ee.js:12:2499)
    at Z.y (https://tcb.cloud.tencent.com/dev-platform/1.18.1/assets/AdvancedConfigCard.ef9be2ee.js:12:2965)
    at Qf.RG (https://tcb.cloud.tencent.com/dev-platform/1.18.1/assets/main.ebcb9918.js:57:116669)
    at e.<anonymous> (https://tcb.cloud.tencent.com/dev-platform/1.18.1/assets/main.ebcb9918.js:13:49410)
    at c (https://tcb.cloud.tencent.com/dev-platform/1.18.1/assets/main.ebcb9918.js:13:36687)
    at Object.next (https://tcb.cloud.tencent.com/dev-platform/1.18.1/assets/main.ebcb9918.js:13:35970)
    at https://tcb.cloud.tencent.com/dev-platform/1.18.1/assets/main.ebcb9918.js:13:35696
    at new Promise (<anonymous>) @ https://tcb.cloud.tencent.com/dev-platform/1.18.1/assets/AdvancedConfigCard.ef9be2ee.js:11
[ 1153415ms] [ERROR] Failed to load resource: net::ERR_CONNECTION_CLOSED @ https://lowcode-5g5llxbq5bc9299e-1300677802.ap-shanghai.app.tcloudbase.com/common-cms-model-get-records?model=tcb_static_hosting_framework_config:0
[ 1153420ms] [ERROR] Failed to load resource: net::ERR_CONNECTION_CLOSED @ https://weda-api.cloud.tencent.com/qcloud-weida/v1/capi?i=tcb/DescribeCloudBaseGWService:0
[ 1153578ms] [ERROR] Failed to load resource: net::ERR_CONNECTION_CLOSED @ https://rumt-zh.com/collect?from=https%3A%2F%2Ftcb.cloud.tencent.com%2Fdev%3FenvId%3Dportfolio-site-v1-d1duqacaea7e51%23%2Fstatic-hosting&sampled=1&id=0GVQESz2JVkP10XQ7X&uin=100048431065&version=1.18.1&aid=a95a81b8-471c-45ee-8817-74e2f7d750bb&env=production&platform=3&netType=4&vp=1707%20*%20932&sr=1707%20*%201067&sessionId=b29647ca0c4d407a8b9d717adf935f57&referer=https%3A%2F%2Ftcb.cloud.tencent.com%2Fdev%3FenvId%3Dportfolio-site-v1-d1duqacaea7e51:0
[ 1153579ms] [ERROR] Failed to load resource: net::ERR_CONNECTION_CLOSED @ https://rumt-zh.com/collect?sampled=1&id=0GVQESz2JVkP10XQ7X&uin=100048431065&version=1.18.1&aid=a95a81b8-471c-45ee-8817-74e2f7d750bb&env=production&platform=3&netType=4&vp=1707%20*%20932&sr=1707%20*%201067&sessionId=b29647ca0c4d407a8b9d717adf935f57&from=https%3A%2F%2Ftcb.cloud.tencent.com%2Fdev%3FenvId%3Dportfolio-site-v1-d1duqacaea7e51%23%2Fstatic-hosting&referer=https%3A%2F%2Ftcb.cloud.tencent.com%2Fdev%3FenvId%3Dportfolio-site-v1-d1duqacaea7e51:0
[ 1153646ms] [ERROR] Failed to load resource: net::ERR_CONNECTION_CLOSED @ https://rumt-zh.com/collect?from=https%3A%2F%2Ftcb.cloud.tencent.com%2Fdev%3FenvId%3Dportfolio-site-v1-d1duqacaea7e51%23%2Fstatic-hosting&sampled=1&id=0GVQESz2JVkP10XQ7X&uin=100048431065&version=1.18.1&aid=a95a81b8-471c-45ee-8817-74e2f7d750bb&env=production&platform=3&netType=4&vp=1707%20*%20932&sr=1707%20*%201067&sessionId=b29647ca0c4d407a8b9d717adf935f57&referer=https%3A%2F%2Ftcb.cloud.tencent.com%2Fdev%3FenvId%3Dportfolio-site-v1-d1duqacaea7e51:0
[ 1153658ms] [ERROR] Failed to load resource: net::ERR_CONNECTION_CLOSED @ https://rumt-zh.com/collect?sampled=1&id=0GVQESz2JVkP10XQ7X&uin=100048431065&version=1.18.1&aid=a95a81b8-471c-45ee-8817-74e2f7d750bb&env=production&platform=3&netType=4&vp=1707%20*%20932&sr=1707%20*%201067&sessionId=b29647ca0c4d407a8b9d717adf935f57&from=https%3A%2F%2Ftcb.cloud.tencent.com%2Fdev%3FenvId%3Dportfolio-site-v1-d1duqacaea7e51%23%2Fstatic-hosting&referer=https%3A%2F%2Ftcb.cloud.tencent.com%2Fdev%3FenvId%3Dportfolio-site-v1-d1duqacaea7e51:0
[ 1153779ms] [ERROR] Failed to load resource: net::ERR_CONNECTION_CLOSED @ https://rumt-zh.com/collect?from=https%3A%2F%2Ftcb.cloud.tencent.com%2Fdev%3FenvId%3Dportfolio-site-v1-d1duqacaea7e51%23%2Fstatic-hosting&sampled=1&id=0GVQESz2JVkP10XQ7X&uin=100048431065&version=1.18.1&aid=a95a81b8-471c-45ee-8817-74e2f7d750bb&env=production&platform=3&netType=4&vp=1707%20*%20932&sr=1707%20*%201067&sessionId=b29647ca0c4d407a8b9d717adf935f57&referer=https%3A%2F%2Ftcb.cloud.tencent.com%2Fdev%3FenvId%3Dportfolio-site-v1-d1duqacaea7e51:0
[ 1154146ms] [ERROR] Failed to load resource: net::ERR_CONNECTION_CLOSED @ https://rumt-zh.com/collect?sampled=1&id=0GVQESz2JVkP10XQ7X&uin=100048431065&version=1.18.1&aid=a95a81b8-471c-45ee-8817-74e2f7d750bb&env=production&platform=3&netType=4&vp=1707%20*%20932&sr=1707%20*%201067&sessionId=b29647ca0c4d407a8b9d717adf935f57&from=https%3A%2F%2Ftcb.cloud.tencent.com%2Fdev%3FenvId%3Dportfolio-site-v1-d1duqacaea7e51%23%2Fstatic-hosting&referer=https%3A%2F%2Ftcb.cloud.tencent.com%2Fdev%3FenvId%3Dportfolio-site-v1-d1duqacaea7e51:0
[ 1154146ms] [ERROR] Failed to load resource: net::ERR_CONNECTION_CLOSED @ https://rumt-zh.com/collect?from=https%3A%2F%2Ftcb.cloud.tencent.com%2Fdev%3FenvId%3Dportfolio-site-v1-d1duqacaea7e51%23%2Fstatic-hosting&sampled=1&id=0GVQESz2JVkP10XQ7X&uin=100048431065&version=1.18.1&aid=a95a81b8-471c-45ee-8817-74e2f7d750bb&env=production&platform=3&netType=4&vp=1707%20*%20932&sr=1707%20*%201067&sessionId=b29647ca0c4d407a8b9d717adf935f57&referer=https%3A%2F%2Ftcb.cloud.tencent.com%2Fdev%3FenvId%3Dportfolio-site-v1-d1duqacaea7e51:0
[ 1155510ms] [ERROR] Failed to load resource: net::ERR_CONNECTION_CLOSED @ https://rumt-zh.com/speed?from=https%3A%2F%2Ftcb.cloud.tencent.com%2Fdev%3FenvId%3Dportfolio-site-v1-d1duqacaea7e51%23%2Fstatic-hosting&sampled=1&id=0GVQESz2JVkP10XQ7X&uin=100048431065&version=1.18.1&aid=a95a81b8-471c-45ee-8817-74e2f7d750bb&env=production&platform=3&netType=4&vp=1707%20*%20932&sr=1707%20*%201067&sessionId=b29647ca0c4d407a8b9d717adf935f57&referer=https%3A%2F%2Ftcb.cloud.tencent.com%2Fdev%3FenvId%3Dportfolio-site-v1-d1duqacaea7e51:0
[ 1213540ms] [ERROR] Failed to load resource: net::ERR_HTTP2_PROTOCOL_ERROR @ https://tcb.cloud.tencent.com/dev?envId=portfolio-site-v1-d1duqacaea7e51:0
[ 1215156ms] [WARNING] Blocked aria-hidden on an element because its descendant retained focus. The focus must not be hidden from assistive technology users. Avoid using aria-hidden on a focused element or its ancestor. Consider using the inert attribute instead, which will also prevent focus. For more details, see the aria-hidden section of the WAI-ARIA specification at https://w3c.github.io/aria/#aria-hidden.
Element with focus: <div>
Ancestor with aria-hidden: <div> @ https://tcb.cloud.tencent.com/dev?envId=portfolio-site-v1-d1duqacaea7e51#/static-hosting/service/update?serverName=codex_self_introduction_web:0
[ 1222681ms] [WARNING] Blocked aria-hidden on an element because its descendant retained focus. The focus must not be hidden from assistive technology users. Avoid using aria-hidden on a focused element or its ancestor. Consider using the inert attribute instead, which will also prevent focus. For more details, see the aria-hidden section of the WAI-ARIA specification at https://w3c.github.io/aria/#aria-hidden.
Element with focus: <div>
Ancestor with aria-hidden: <div> @ https://tcb.cloud.tencent.com/dev?envId=portfolio-site-v1-d1duqacaea7e51#/static-hosting/service/update?serverName=codex_self_introduction_web:0
[ 1347400ms] [ERROR] Failed to load resource: net::ERR_CONNECTION_CLOSED @ https://rumt-zh.com/speed?from=https%3A%2F%2Ftcb.cloud.tencent.com%2Fdev%3FenvId%3Dportfolio-site-v1-d1duqacaea7e51%23%2Fstatic-hosting%2Fservice%2Fdetail%3FserverName%3Dcodex_self_introduction_web%26tabId%3Doverview&sampled=1&id=0GVQESz2JVkP10XQ7X&uin=100048431065&version=1.18.1&aid=a95a81b8-471c-45ee-8817-74e2f7d750bb&env=production&platform=3&netType=4&vp=1707%20*%20932&sr=1707%20*%201067&sessionId=b29647ca0c4d407a8b9d717adf935f57&referer=https%3A%2F%2Ftcb.cloud.tencent.com%2Fdev%3FenvId%3Dportfolio-site-v1-d1duqacaea7e51:0
[ 1359015ms] [ERROR] Failed to load resource: net::ERR_CONNECTION_CLOSED @ https://tcb.cloud.tencent.com/dev-platform/1.18.1/assets/page-ai.e21c5fd4.js:0
[ 1359017ms] [ERROR] Failed to load resource: net::ERR_CONNECTION_CLOSED @ https://tcb.cloud.tencent.com/dev-platform/1.18.1/assets/cloud-admin.e5c79557.js:0
[ 1360422ms] [ERROR] Failed to load resource: net::ERR_CONNECTION_CLOSED @ https://rumt-zh.com/speed?from=https%3A%2F%2Ftcb.cloud.tencent.com%2Fdev%3FenvId%3Dportfolio-site-v1-d1duqacaea7e51%23%2Fstatic-hosting%2Fservice%2Fdetail%3FserverName%3Dcodex_self_introduction_web%26tabId%3Doverview&sampled=1&id=0GVQESz2JVkP10XQ7X&uin=100048431065&version=1.18.1&aid=a95a81b8-471c-45ee-8817-74e2f7d750bb&env=production&platform=3&netType=4&vp=1707%20*%20932&sr=1707%20*%201067&sessionId=b29647ca0c4d407a8b9d717adf935f57&referer=https%3A%2F%2Ftcb.cloud.tencent.com%2Fdev%3FenvId%3Dportfolio-site-v1-d1duqacaea7e51:0
[ 1360742ms] [ERROR] Failed to load resource: net::ERR_CONNECTION_CLOSED @ https://rumt-zh.com/speed?from=https%3A%2F%2Ftcb.cloud.tencent.com%2Fdev%3FenvId%3Dportfolio-site-v1-d1duqacaea7e51%23%2Fai&sampled=1&id=0GVQESz2JVkP10XQ7X&uin=100048431065&version=1.18.1&aid=a95a81b8-471c-45ee-8817-74e2f7d750bb&env=production&platform=3&netType=4&vp=1707%20*%20932&sr=1707%20*%201067&sessionId=b29647ca0c4d407a8b9d717adf935f57&referer=https%3A%2F%2Ftcb.cloud.tencent.com%2Fdev%3FenvId%3Dportfolio-site-v1-d1duqacaea7e51:0
[ 1360743ms] [ERROR] Failed to load resource: net::ERR_CONNECTION_CLOSED @ https://rumt-zh.com/collect?from=https%3A%2F%2Ftcb.cloud.tencent.com%2Fdev%3FenvId%3Dportfolio-site-v1-d1duqacaea7e51%23%2Fstatic-hosting%2Fservice%2Fdetail%3FserverName%3Dcodex_self_introduction_web%26tabId%3Doverview&sampled=1&id=0GVQESz2JVkP10XQ7X&uin=100048431065&version=1.18.1&aid=a95a81b8-471c-45ee-8817-74e2f7d750bb&env=production&platform=3&netType=4&vp=1707%20*%20932&sr=1707%20*%201067&sessionId=b29647ca0c4d407a8b9d717adf935f57&referer=https%3A%2F%2Ftcb.cloud.tencent.com%2Fdev%3FenvId%3Dportfolio-site-v1-d1duqacaea7e51:0
[ 1360743ms] [ERROR] Failed to load resource: net::ERR_CONNECTION_CLOSED @ https://rumt-zh.com/collect?from=https%3A%2F%2Ftcb.cloud.tencent.com%2Fdev%3FenvId%3Dportfolio-site-v1-d1duqacaea7e51%23%2Fai&sampled=1&id=0GVQESz2JVkP10XQ7X&uin=100048431065&version=1.18.1&aid=a95a81b8-471c-45ee-8817-74e2f7d750bb&env=production&platform=3&netType=4&vp=1707%20*%20932&sr=1707%20*%201067&sessionId=b29647ca0c4d407a8b9d717adf935f57&referer=https%3A%2F%2Ftcb.cloud.tencent.com%2Fdev%3FenvId%3Dportfolio-site-v1-d1duqacaea7e51:0
[ 1360929ms] [ERROR] Failed to load resource: net::ERR_CONNECTION_CLOSED @ https://rumt-zh.com/collect?sampled=1&id=0GVQESz2JVkP10XQ7X&uin=100048431065&version=1.18.1&aid=a95a81b8-471c-45ee-8817-74e2f7d750bb&env=production&platform=3&netType=4&vp=1707%20*%20932&sr=1707%20*%201067&sessionId=b29647ca0c4d407a8b9d717adf935f57&from=https%3A%2F%2Ftcb.cloud.tencent.com%2Fdev%3FenvId%3Dportfolio-site-v1-d1duqacaea7e51%23%2Fai&referer=https%3A%2F%2Ftcb.cloud.tencent.com%2Fdev%3FenvId%3Dportfolio-site-v1-d1duqacaea7e51:0
[ 1361447ms] [ERROR] Failed to load resource: net::ERR_CONNECTION_CLOSED @ https://weda-api.cloud.tencent.com/qcloud-weida/v1/capi?i=tcb/DescribeBuildServiceList:0
[ 1361736ms] [ERROR] Failed to load resource: net::ERR_CONNECTION_CLOSED @ https://weda-api.cloud.tencent.com/qcloud-weida/v1/capi?i=tcb/DescribeEnvAccountCircle:0
[ 1361739ms] [ERROR] Failed to load resource: net::ERR_CONNECTION_CLOSED @ https://weda-api.cloud.tencent.com/qcloud-weida/v1/capi?i=tcb/DescribePostpayQuotaLimit:0
[ 1362030ms] [ERROR] Failed to load resource: net::ERR_CONNECTION_CLOSED @ https://weda-api.cloud.tencent.com/qcloud-weida/v1/capi?i=tcb/DescribePostpayQuotaLimit:0
[ 1362035ms] [ERROR] Failed to load resource: net::ERR_CONNECTION_CLOSED @ https://weda-api.cloud.tencent.com/qcloud-weida/v1/capi?i=tcb/DescribeHostingDomain:0
[ 1362063ms] [ERROR] Failed to load resource: net::ERR_CONNECTION_CLOSED @ https://lowcode-5g5llxbq5bc9299e-1300677802.ap-shanghai.app.tcloudbase.com/common-cms-model-get-records?model=tcb_template_list:0
[ 1362063ms] [ERROR] 获取模板数据失败: TypeError: Failed to fetch
    at window.fetch.window.fetch (https://tam.cdn-go.cn/aegis-sdk/latest/aegis.min.js:10:49743)
    at yv (https://tcb.cloud.tencent.com/dev-platform/1.18.1/assets/main.ebcb9918.js:57:92359)
    at D (https://tcb.cloud.tencent.com/dev-platform/1.18.1/assets/utils.34e6477d.js:12:1054)
    at E (https://tcb.cloud.tencent.com/dev-platform/1.18.1/assets/utils.34e6477d.js:12:1899)
    at b.refreshDeps (https://tcb.cloud.tencent.com/dev-platform/1.18.1/assets/utils.34e6477d.js:12:2261)
    at Qf.RG (https://tcb.cloud.tencent.com/dev-platform/1.18.1/assets/main.ebcb9918.js:57:116669)
    at e.<anonymous> (https://tcb.cloud.tencent.com/dev-platform/1.18.1/assets/main.ebcb9918.js:13:49410)
    at c (https://tcb.cloud.tencent.com/dev-platform/1.18.1/assets/main.ebcb9918.js:13:36687)
    at Object.next (https://tcb.cloud.tencent.com/dev-platform/1.18.1/assets/main.ebcb9918.js:13:35970)
    at https://tcb.cloud.tencent.com/dev-platform/1.18.1/assets/main.ebcb9918.js:13:35696 @ https://tcb.cloud.tencent.com/dev-platform/1.18.1/assets/utils.34e6477d.js:11
[ 1362065ms] [ERROR] Failed to load resource: net::ERR_CONNECTION_CLOSED @ https://lowcode-5g5llxbq5bc9299e-1300677802.ap-shanghai.app.tcloudbase.com/common-cms-model-get-records?model=tcb_advanced_config:0
[ 1362065ms] [ERROR] 获取高级配置数据失败: TypeError: Failed to fetch
    at window.fetch.window.fetch (https://tam.cdn-go.cn/aegis-sdk/latest/aegis.min.js:10:49743)
    at yv (https://tcb.cloud.tencent.com/dev-platform/1.18.1/assets/main.ebcb9918.js:57:92359)
    at D (https://tcb.cloud.tencent.com/dev-platform/1.18.1/assets/AdvancedConfigCard.ef9be2ee.js:12:2499)
    at Z.y (https://tcb.cloud.tencent.com/dev-platform/1.18.1/assets/AdvancedConfigCard.ef9be2ee.js:12:2965)
    at Qf.RG (https://tcb.cloud.tencent.com/dev-platform/1.18.1/assets/main.ebcb9918.js:57:116669)
    at e.<anonymous> (https://tcb.cloud.tencent.com/dev-platform/1.18.1/assets/main.ebcb9918.js:13:49410)
    at c (https://tcb.cloud.tencent.com/dev-platform/1.18.1/assets/main.ebcb9918.js:13:36687)
    at Object.next (https://tcb.cloud.tencent.com/dev-platform/1.18.1/assets/main.ebcb9918.js:13:35970)
    at https://tcb.cloud.tencent.com/dev-platform/1.18.1/assets/main.ebcb9918.js:13:35696
    at new Promise (<anonymous>) @ https://tcb.cloud.tencent.com/dev-platform/1.18.1/assets/AdvancedConfigCard.ef9be2ee.js:11
[ 1362115ms] [ERROR] Failed to load resource: net::ERR_CONNECTION_CLOSED @ https://weda-api.cloud.tencent.com/qcloud-weida/v1/capi?i=tcb/DescribeStaticStore:0
[ 1362246ms] [ERROR] Failed to load resource: net::ERR_CONNECTION_CLOSED @ https://weda-api.cloud.tencent.com/qcloud-weida/v1/capi?i=tcb/DescribeStaticStore:0
[ 1362304ms] [ERROR] Failed to load resource: net::ERR_CONNECTION_CLOSED @ https://lowcode-5g5llxbq5bc9299e-1300677802.ap-shanghai.app.tcloudbase.com/common-cms-model-get-records?model=tcb_static_hosting_framework_config:0
[ 1362409ms] [ERROR] Failed to load resource: net::ERR_CONNECTION_CLOSED @ https://rumt-zh.com/collect?sampled=1&id=0GVQESz2JVkP10XQ7X&uin=100048431065&version=1.18.1&aid=a95a81b8-471c-45ee-8817-74e2f7d750bb&env=production&platform=3&netType=4&vp=1707%20*%20932&sr=1707%20*%201067&sessionId=b29647ca0c4d407a8b9d717adf935f57&from=https%3A%2F%2Ftcb.cloud.tencent.com%2Fdev%3FenvId%3Dportfolio-site-v1-d1duqacaea7e51%23%2Fstatic-hosting&referer=https%3A%2F%2Ftcb.cloud.tencent.com%2Fdev%3FenvId%3Dportfolio-site-v1-d1duqacaea7e51:0
[ 1362410ms] [ERROR] Failed to load resource: net::ERR_CONNECTION_CLOSED @ https://weda-api.cloud.tencent.com/qcloud-weida/v1/capi?i=tcb/DescribeCloudBaseGWService:0
[ 1362447ms] [ERROR] Failed to load resource: net::ERR_CONNECTION_CLOSED @ https://rumt-zh.com/collect?from=https%3A%2F%2Ftcb.cloud.tencent.com%2Fdev%3FenvId%3Dportfolio-site-v1-d1duqacaea7e51%23%2Fstatic-hosting&sampled=1&id=0GVQESz2JVkP10XQ7X&uin=100048431065&version=1.18.1&aid=a95a81b8-471c-45ee-8817-74e2f7d750bb&env=production&platform=3&netType=4&vp=1707%20*%20932&sr=1707%20*%201067&sessionId=b29647ca0c4d407a8b9d717adf935f57&referer=https%3A%2F%2Ftcb.cloud.tencent.com%2Fdev%3FenvId%3Dportfolio-site-v1-d1duqacaea7e51:0
[ 1362762ms] [ERROR] Failed to load resource: net::ERR_CONNECTION_CLOSED @ https://rumt-zh.com/collect?sampled=1&id=0GVQESz2JVkP10XQ7X&uin=100048431065&version=1.18.1&aid=a95a81b8-471c-45ee-8817-74e2f7d750bb&env=production&platform=3&netType=4&vp=1707%20*%20932&sr=1707%20*%201067&sessionId=b29647ca0c4d407a8b9d717adf935f57&from=https%3A%2F%2Ftcb.cloud.tencent.com%2Fdev%3FenvId%3Dportfolio-site-v1-d1duqacaea7e51%23%2Fstatic-hosting&referer=https%3A%2F%2Ftcb.cloud.tencent.com%2Fdev%3FenvId%3Dportfolio-site-v1-d1duqacaea7e51:0
[ 1362793ms] [ERROR] Failed to load resource: net::ERR_CONNECTION_CLOSED @ https://rumt-zh.com/collect?sampled=1&id=0GVQESz2JVkP10XQ7X&uin=100048431065&version=1.18.1&aid=a95a81b8-471c-45ee-8817-74e2f7d750bb&env=production&platform=3&netType=4&vp=1707%20*%20932&sr=1707%20*%201067&sessionId=b29647ca0c4d407a8b9d717adf935f57&from=https%3A%2F%2Ftcb.cloud.tencent.com%2Fdev%3FenvId%3Dportfolio-site-v1-d1duqacaea7e51%23%2Fstatic-hosting&referer=https%3A%2F%2Ftcb.cloud.tencent.com%2Fdev%3FenvId%3Dportfolio-site-v1-d1duqacaea7e51:0
[ 1362793ms] [ERROR] Failed to load resource: net::ERR_CONNECTION_CLOSED @ https://rumt-zh.com/collect?from=https%3A%2F%2Ftcb.cloud.tencent.com%2Fdev%3FenvId%3Dportfolio-site-v1-d1duqacaea7e51%23%2Fstatic-hosting&sampled=1&id=0GVQESz2JVkP10XQ7X&uin=100048431065&version=1.18.1&aid=a95a81b8-471c-45ee-8817-74e2f7d750bb&env=production&platform=3&netType=4&vp=1707%20*%20932&sr=1707%20*%201067&sessionId=b29647ca0c4d407a8b9d717adf935f57&referer=https%3A%2F%2Ftcb.cloud.tencent.com%2Fdev%3FenvId%3Dportfolio-site-v1-d1duqacaea7e51:0
[ 1362809ms] [ERROR] Failed to load resource: net::ERR_CONNECTION_CLOSED @ https://rumt-zh.com/collect?from=https%3A%2F%2Ftcb.cloud.tencent.com%2Fdev%3FenvId%3Dportfolio-site-v1-d1duqacaea7e51%23%2Fstatic-hosting&sampled=1&id=0GVQESz2JVkP10XQ7X&uin=100048431065&version=1.18.1&aid=a95a81b8-471c-45ee-8817-74e2f7d750bb&env=production&platform=3&netType=4&vp=1707%20*%20932&sr=1707%20*%201067&sessionId=b29647ca0c4d407a8b9d717adf935f57&referer=https%3A%2F%2Ftcb.cloud.tencent.com%2Fdev%3FenvId%3Dportfolio-site-v1-d1duqacaea7e51:0
[ 1367964ms] [ERROR] Failed to load resource: net::ERR_CONNECTION_CLOSED @ https://rumt-zh.com/speed?from=https%3A%2F%2Ftcb.cloud.tencent.com%2Fdev%3FenvId%3Dportfolio-site-v1-d1duqacaea7e51%23%2Fstatic-hosting&sampled=1&id=0GVQESz2JVkP10XQ7X&uin=100048431065&version=1.18.1&aid=a95a81b8-471c-45ee-8817-74e2f7d750bb&env=production&platform=3&netType=4&vp=1707%20*%20932&sr=1707%20*%201067&sessionId=b29647ca0c4d407a8b9d717adf935f57&referer=https%3A%2F%2Ftcb.cloud.tencent.com%2Fdev%3FenvId%3Dportfolio-site-v1-d1duqacaea7e51:0
[ 1375882ms] [ERROR] Failed to load resource: net::ERR_CONNECTION_CLOSED @ https://weda-api.cloud.tencent.com/qcloud-weida/v1/capi?i=account/DescribeCurrentUserDetails:0
[ 1377584ms] [ERROR] Failed to load resource: net::ERR_CONNECTION_CLOSED @ https://rumt-zh.com/speed?from=https%3A%2F%2Ftcb.cloud.tencent.com%2Fdev%3FenvId%3Dportfolio-site-v1-d1duqacaea7e51%23%2Fstatic-hosting&sampled=1&id=0GVQESz2JVkP10XQ7X&uin=100048431065&version=1.18.1&aid=a95a81b8-471c-45ee-8817-74e2f7d750bb&env=production&platform=3&netType=4&vp=1707%20*%20932&sr=1707%20*%201067&sessionId=b29647ca0c4d407a8b9d717adf935f57&referer=https%3A%2F%2Ftcb.cloud.tencent.com%2Fdev%3FenvId%3Dportfolio-site-v1-d1duqacaea7e51:0
[ 1377584ms] [ERROR] Failed to load resource: net::ERR_CONNECTION_CLOSED @ https://rumt-zh.com/collect?sampled=1&id=0GVQESz2JVkP10XQ7X&uin=100048431065&version=1.18.1&aid=a95a81b8-471c-45ee-8817-74e2f7d750bb&env=production&platform=3&netType=4&vp=1707%20*%20932&sr=1707%20*%201067&sessionId=b29647ca0c4d407a8b9d717adf935f57&from=https%3A%2F%2Ftcb.cloud.tencent.com%2Fdev%3FenvId%3Dportfolio-site-v1-d1duqacaea7e51%23%2Fstatic-hosting&referer=https%3A%2F%2Ftcb.cloud.tencent.com%2Fdev%3FenvId%3Dportfolio-site-v1-d1duqacaea7e51:0
[ 1377770ms] [ERROR] Failed to load resource: net::ERR_CONNECTION_CLOSED @ https://rumt-zh.com/collect?from=https%3A%2F%2Ftcb.cloud.tencent.com%2Fdev%3FenvId%3Dportfolio-site-v1-d1duqacaea7e51%23%2Fstatic-hosting&sampled=1&id=0GVQESz2JVkP10XQ7X&uin=100048431065&version=1.18.1&aid=a95a81b8-471c-45ee-8817-74e2f7d750bb&env=production&platform=3&netType=4&vp=1707%20*%20932&sr=1707%20*%201067&sessionId=b29647ca0c4d407a8b9d717adf935f57&referer=https%3A%2F%2Ftcb.cloud.tencent.com%2Fdev%3FenvId%3Dportfolio-site-v1-d1duqacaea7e51:0
[ 1405891ms] [ERROR] Failed to load resource: net::ERR_CONNECTION_CLOSED @ https://weda-api.cloud.tencent.com/qcloud-weida/v1/capi?i=account/DescribeCurrentUserDetails:0
[ 1407527ms] [ERROR] Failed to load resource: net::ERR_CONNECTION_CLOSED @ https://rumt-zh.com/speed?from=https%3A%2F%2Ftcb.cloud.tencent.com%2Fdev%3FenvId%3Dportfolio-site-v1-d1duqacaea7e51%23%2Fstatic-hosting&sampled=1&id=0GVQESz2JVkP10XQ7X&uin=100048431065&version=1.18.1&aid=a95a81b8-471c-45ee-8817-74e2f7d750bb&env=production&platform=3&netType=4&vp=1707%20*%20932&sr=1707%20*%201067&sessionId=b29647ca0c4d407a8b9d717adf935f57&referer=https%3A%2F%2Ftcb.cloud.tencent.com%2Fdev%3FenvId%3Dportfolio-site-v1-d1duqacaea7e51:0
[ 1408501ms] [ERROR] Failed to load resource: net::ERR_CONNECTION_CLOSED @ https://rumt-zh.com/collect?sampled=1&id=0GVQESz2JVkP10XQ7X&uin=100048431065&version=1.18.1&aid=a95a81b8-471c-45ee-8817-74e2f7d750bb&env=production&platform=3&netType=4&vp=1707%20*%20932&sr=1707%20*%201067&sessionId=b29647ca0c4d407a8b9d717adf935f57&from=https%3A%2F%2Ftcb.cloud.tencent.com%2Fdev%3FenvId%3Dportfolio-site-v1-d1duqacaea7e51%23%2Fstatic-hosting&referer=https%3A%2F%2Ftcb.cloud.tencent.com%2Fdev%3FenvId%3Dportfolio-site-v1-d1duqacaea7e51:0
[ 1408501ms] [ERROR] Failed to load resource: net::ERR_CONNECTION_CLOSED @ https://rumt-zh.com/collect?from=https%3A%2F%2Ftcb.cloud.tencent.com%2Fdev%3FenvId%3Dportfolio-site-v1-d1duqacaea7e51%23%2Fstatic-hosting&sampled=1&id=0GVQESz2JVkP10XQ7X&uin=100048431065&version=1.18.1&aid=a95a81b8-471c-45ee-8817-74e2f7d750bb&env=production&platform=3&netType=4&vp=1707%20*%20932&sr=1707%20*%201067&sessionId=b29647ca0c4d407a8b9d717adf935f57&referer=https%3A%2F%2Ftcb.cloud.tencent.com%2Fdev%3FenvId%3Dportfolio-site-v1-d1duqacaea7e51:0
[ 1425953ms] [WARNING] A parser-blocking, cross site (i.e. different eTLD+1) script, https://tam.cdn-go.cn/aegis-sdk/latest/aegis.min.js, is invoked via document.write. The network request for this script MAY be blocked by the browser in this or a future page load due to poor network connectivity. If blocked in this page load, it will be confirmed in a subsequent console message. See https://www.chromestatus.com/feature/5718547946799104 for more details. @ https://tcb.cloud.tencent.com/dev?envId=portfolio-site-v1-d1duqacaea7e51:0
[ 1425954ms] [WARNING] A parser-blocking, cross site (i.e. different eTLD+1) script, https://tam.cdn-go.cn/aegis-sdk/latest/aegis.min.js, is invoked via document.write. The network request for this script MAY be blocked by the browser in this or a future page load due to poor network connectivity. If blocked in this page load, it will be confirmed in a subsequent console message. See https://www.chromestatus.com/feature/5718547946799104 for more details. @ https://tcb.cloud.tencent.com/dev?envId=portfolio-site-v1-d1duqacaea7e51:0
[ 1429650ms] Failed to set the 'domain' property on 'Document': Assignment is forbidden for sandboxed iframes.
[ 1429678ms] [ERROR] SecurityError: Failed to set the 'domain' property on 'Document': Assignment is forbidden for sandboxed iframes.
    at Ju (https://slscache.tencent-cloud.cn/qcact-ssr/1azSIPRi4JLt7YjU9nP5q/_next/static/chunks/framework-26c7ef1740bba62bfbe1.js:1:94669)
    at ys (https://slscache.tencent-cloud.cn/qcact-ssr/1azSIPRi4JLt7YjU9nP5q/_next/static/chunks/framework-26c7ef1740bba62bfbe1.js:1:115021)
    at https://slscache.tencent-cloud.cn/qcact-ssr/1azSIPRi4JLt7YjU9nP5q/_next/static/chunks/framework-26c7ef1740bba62bfbe1.js:1:111605
    at S (https://slscache.tencent-cloud.cn/qcact-ssr/1azSIPRi4JLt7YjU9nP5q/_next/static/chunks/framework-26c7ef1740bba62bfbe1.js:1:132397)
    at MessagePort.T (https://slscache.tencent-cloud.cn/qcact-ssr/1azSIPRi4JLt7YjU9nP5q/_next/static/chunks/framework-26c7ef1740bba62bfbe1.js:1:132931) @ https://slscache.tencent-cloud.cn/qcact-ssr/1azSIPRi4JLt7YjU9nP5q/_next/static/chunks/framework-26c7ef1740bba62bfbe1.js:0
[ 1429679ms] [ERROR] SecurityError: Failed to set the 'domain' property on 'Document': Assignment is forbidden for sandboxed iframes.
    at Ju (https://slscache.tencent-cloud.cn/qcact-ssr/1azSIPRi4JLt7YjU9nP5q/_next/static/chunks/framework-26c7ef1740bba62bfbe1.js:1:94669)
    at ys (https://slscache.tencent-cloud.cn/qcact-ssr/1azSIPRi4JLt7YjU9nP5q/_next/static/chunks/framework-26c7ef1740bba62bfbe1.js:1:115021)
    at https://slscache.tencent-cloud.cn/qcact-ssr/1azSIPRi4JLt7YjU9nP5q/_next/static/chunks/framework-26c7ef1740bba62bfbe1.js:1:111605
    at S (https://slscache.tencent-cloud.cn/qcact-ssr/1azSIPRi4JLt7YjU9nP5q/_next/static/chunks/framework-26c7ef1740bba62bfbe1.js:1:132397)
    at MessagePort.T (https://slscache.tencent-cloud.cn/qcact-ssr/1azSIPRi4JLt7YjU9nP5q/_next/static/chunks/framework-26c7ef1740bba62bfbe1.js:1:132931) @ https://slscache.tencent-cloud.cn/qcact-ssr/1azSIPRi4JLt7YjU9nP5q/_next/static/chunks/main-1f414af3347d8995ac17.js:0
[ 1429679ms] [ERROR] A client-side exception has occurred, see here for more info: https://nextjs.org/docs/messages/client-side-exception-occurred @ https://slscache.tencent-cloud.cn/qcact-ssr/1azSIPRi4JLt7YjU9nP5q/_next/static/chunks/main-1f414af3347d8995ac17.js:0
[ 3712366ms] [WARNING] [ Formily warn ]:  Component registration naming conflict. Please change the name. Globally registered components will no longer support overlay registration in the future. @ https://tcb.cloud.tencent.com/dev-platform/1.18.1/assets/index.16f4a05f.js:0
[ 3712367ms] [WARNING] [ Formily warn ]:  Component registration naming conflict. Please change the name. Globally registered components will no longer support overlay registration in the future. @ https://tcb.cloud.tencent.com/dev-platform/1.18.1/assets/index.16f4a05f.js:0
[ 3712367ms] [WARNING] [ Formily warn ]:  Component registration naming conflict. Please change the name. Globally registered components will no longer support overlay registration in the future. @ https://tcb.cloud.tencent.com/dev-platform/1.18.1/assets/index.16f4a05f.js:0
[ 3718294ms] [WARNING] Blocked aria-hidden on an element because its descendant retained focus. The focus must not be hidden from assistive technology users. Avoid using aria-hidden on a focused element or its ancestor. Consider using the inert attribute instead, which will also prevent focus. For more details, see the aria-hidden section of the WAI-ARIA specification at https://w3c.github.io/aria/#aria-hidden.
Element with focus: <div>
Ancestor with aria-hidden: <div> @ https://tcb.cloud.tencent.com/dev?envId=portfolio-site-v1-d1duqacaea7e51#/db/mysql/setting:0
[ 3767992ms] [ERROR] Failed to load resource: net::ERR_CONNECTION_CLOSED @ https://weda-api.cloud.tencent.com/qcloud-weida/v1/capi?i=account/DescribeCurrentUserDetails:0
[ 3768415ms] [ERROR] Failed to load resource: net::ERR_CONNECTION_CLOSED @ https://weda-api.cloud.tencent.com/qcloud-weida/v1/capi?i=lowcode/DescribeMysqlInstanceStatus:0
[ 3769850ms] [ERROR] Failed to load resource: net::ERR_CONNECTION_CLOSED @ https://rumt-zh.com/collect?sampled=1&id=0GVQESz2JVkP10XQ7X&uin=100048431065&version=1.18.1&aid=a95a81b8-471c-45ee-8817-74e2f7d750bb&env=production&platform=3&netType=4&vp=1707%20*%20932&sr=1707%20*%201067&sessionId=b29647ca0c4d407a8b9d717adf935f57&from=https%3A%2F%2Ftcb.cloud.tencent.com%2Fdev%3FenvId%3Dportfolio-site-v1-d1duqacaea7e51%23%2Fdb%2Fmysql%2Fsetting&referer=https%3A%2F%2Ftcb.cloud.tencent.com%2Fdev%3FenvId%3Dportfolio-site-v1-d1duqacaea7e51:0
[ 3770411ms] [ERROR] Failed to load resource: net::ERR_CONNECTION_CLOSED @ https://rumt-zh.com/collect?from=https%3A%2F%2Ftcb.cloud.tencent.com%2Fdev%3FenvId%3Dportfolio-site-v1-d1duqacaea7e51%23%2Fdb%2Fmysql%2Fsetting&sampled=1&id=0GVQESz2JVkP10XQ7X&uin=100048431065&version=1.18.1&aid=a95a81b8-471c-45ee-8817-74e2f7d750bb&env=production&platform=3&netType=4&vp=1707%20*%20932&sr=1707%20*%201067&sessionId=b29647ca0c4d407a8b9d717adf935f57&referer=https%3A%2F%2Ftcb.cloud.tencent.com%2Fdev%3FenvId%3Dportfolio-site-v1-d1duqacaea7e51:0
[ 3797415ms] [ERROR] Failed to load resource: net::ERR_CONNECTION_CLOSED @ https://weda-api.cloud.tencent.com/qcloud-weida/v1/capi?i=account/DescribeCurrentUserDetails:0
[ 3799028ms] [ERROR] Failed to load resource: net::ERR_CONNECTION_CLOSED @ https://rumt-zh.com/speed?from=https%3A%2F%2Ftcb.cloud.tencent.com%2Fdev%3FenvId%3Dportfolio-site-v1-d1duqacaea7e51%23%2Fdb%2Fmysql%2Fsetting&sampled=1&id=0GVQESz2JVkP10XQ7X&uin=100048431065&version=1.18.1&aid=a95a81b8-471c-45ee-8817-74e2f7d750bb&env=production&platform=3&netType=4&vp=1707%20*%20932&sr=1707%20*%201067&sessionId=b29647ca0c4d407a8b9d717adf935f57&referer=https%3A%2F%2Ftcb.cloud.tencent.com%2Fdev%3FenvId%3Dportfolio-site-v1-d1duqacaea7e51:0
[ 3799137ms] [ERROR] Failed to load resource: net::ERR_CONNECTION_CLOSED @ https://rumt-zh.com/collect?sampled=1&id=0GVQESz2JVkP10XQ7X&uin=100048431065&version=1.18.1&aid=a95a81b8-471c-45ee-8817-74e2f7d750bb&env=production&platform=3&netType=4&vp=1707%20*%20932&sr=1707%20*%201067&sessionId=b29647ca0c4d407a8b9d717adf935f57&from=https%3A%2F%2Ftcb.cloud.tencent.com%2Fdev%3FenvId%3Dportfolio-site-v1-d1duqacaea7e51%23%2Fdb%2Fmysql%2Fsetting&referer=https%3A%2F%2Ftcb.cloud.tencent.com%2Fdev%3FenvId%3Dportfolio-site-v1-d1duqacaea7e51:0
[ 3799137ms] [ERROR] Failed to load resource: net::ERR_CONNECTION_CLOSED @ https://rumt-zh.com/collect?from=https%3A%2F%2Ftcb.cloud.tencent.com%2Fdev%3FenvId%3Dportfolio-site-v1-d1duqacaea7e51%23%2Fdb%2Fmysql%2Fsetting&sampled=1&id=0GVQESz2JVkP10XQ7X&uin=100048431065&version=1.18.1&aid=a95a81b8-471c-45ee-8817-74e2f7d750bb&env=production&platform=3&netType=4&vp=1707%20*%20932&sr=1707%20*%201067&sessionId=b29647ca0c4d407a8b9d717adf935f57&referer=https%3A%2F%2Ftcb.cloud.tencent.com%2Fdev%3FenvId%3Dportfolio-site-v1-d1duqacaea7e51:0
[ 3827215ms] [ERROR] Failed to load resource: net::ERR_CONNECTION_CLOSED @ https://weda-api.cloud.tencent.com/qcloud-weida/v1/capi?i=account/DescribeCurrentUserDetails:0
[ 3827344ms] [ERROR] Failed to load resource: net::ERR_CONNECTION_CLOSED @ https://rumt-zh.com/rateConfig?sampled=1&id=0GVQESz2JVkP10XQ7X&uin=100048431065&version=1.18.1&aid=a95a81b8-471c-45ee-8817-74e2f7d750bb&env=production&platform=3&netType=4&vp=1707%20*%20932&sr=1707%20*%201067&sessionId=b29647ca0c4d407a8b9d717adf935f57&from=https%3A%2F%2Ftcb.cloud.tencent.com%2Fdev%3FenvId%3Dportfolio-site-v1-d1duqacaea7e51%23%2Fdb%2Fmysql%2Fsetting&referer=https%3A%2F%2Ftcb.cloud.tencent.com%2Fdev%3FenvId%3Dportfolio-site-v1-d1duqacaea7e51:0
[ 3828624ms] [ERROR] Failed to load resource: net::ERR_CONNECTION_CLOSED @ https://rumt-zh.com/speed?from=https%3A%2F%2Ftcb.cloud.tencent.com%2Fdev%3FenvId%3Dportfolio-site-v1-d1duqacaea7e51%23%2Fdb%2Fmysql%2Fsetting&sampled=1&id=0GVQESz2JVkP10XQ7X&uin=100048431065&version=1.18.1&aid=a95a81b8-471c-45ee-8817-74e2f7d750bb&env=production&platform=3&netType=4&vp=1707%20*%20932&sr=1707%20*%201067&sessionId=b29647ca0c4d407a8b9d717adf935f57&referer=https%3A%2F%2Ftcb.cloud.tencent.com%2Fdev%3FenvId%3Dportfolio-site-v1-d1duqacaea7e51:0
[ 3828932ms] [ERROR] Failed to load resource: net::ERR_CONNECTION_CLOSED @ https://rumt-zh.com/collect?sampled=1&id=0GVQESz2JVkP10XQ7X&uin=100048431065&version=1.18.1&aid=a95a81b8-471c-45ee-8817-74e2f7d750bb&env=production&platform=3&netType=4&vp=1707%20*%20932&sr=1707%20*%201067&sessionId=b29647ca0c4d407a8b9d717adf935f57&from=https%3A%2F%2Ftcb.cloud.tencent.com%2Fdev%3FenvId%3Dportfolio-site-v1-d1duqacaea7e51%23%2Fdb%2Fmysql%2Fsetting&referer=https%3A%2F%2Ftcb.cloud.tencent.com%2Fdev%3FenvId%3Dportfolio-site-v1-d1duqacaea7e51:0
[ 3828932ms] [ERROR] Failed to load resource: net::ERR_CONNECTION_CLOSED @ https://rumt-zh.com/collect?from=https%3A%2F%2Ftcb.cloud.tencent.com%2Fdev%3FenvId%3Dportfolio-site-v1-d1duqacaea7e51%23%2Fdb%2Fmysql%2Fsetting&sampled=1&id=0GVQESz2JVkP10XQ7X&uin=100048431065&version=1.18.1&aid=a95a81b8-471c-45ee-8817-74e2f7d750bb&env=production&platform=3&netType=4&vp=1707%20*%20932&sr=1707%20*%201067&sessionId=b29647ca0c4d407a8b9d717adf935f57&referer=https%3A%2F%2Ftcb.cloud.tencent.com%2Fdev%3FenvId%3Dportfolio-site-v1-d1duqacaea7e51:0
[ 3830742ms] [ERROR] Failed to load resource: net::ERR_CONNECTION_CLOSED @ https://rumt-zh.com/rateConfig?sampled=1&id=0GVQESz2JVkP10XQ7X&uin=100048431065&version=1.18.1&aid=a95a81b8-471c-45ee-8817-74e2f7d750bb&env=production&platform=3&netType=4&vp=1707%20*%20932&sr=1707%20*%201067&sessionId=b29647ca0c4d407a8b9d717adf935f57&from=https%3A%2F%2Ftcb.cloud.tencent.com%2Fdev%3FenvId%3Dportfolio-site-v1-d1duqacaea7e51%23%2Fdb%2Fmysql%2Fsetting&referer=https%3A%2F%2Ftcb.cloud.tencent.com%2Fdev%3FenvId%3Dportfolio-site-v1-d1duqacaea7e51:0
[ 3857206ms] [ERROR] Failed to load resource: net::ERR_CONNECTION_CLOSED @ https://weda-api.cloud.tencent.com/qcloud-weida/v1/capi?i=account/DescribeCurrentUserDetails:0
[ 3863854ms] [ERROR] Failed to load resource: net::ERR_CONNECTION_CLOSED @ https://rumt-zh.com/rateConfig?sampled=1&id=0GVQESz2JVkP10XQ7X&uin=100048431065&version=1.18.1&aid=a95a81b8-471c-45ee-8817-74e2f7d750bb&env=production&platform=3&netType=4&vp=1707%20*%20932&sr=1707%20*%201067&sessionId=b29647ca0c4d407a8b9d717adf935f57&from=https%3A%2F%2Ftcb.cloud.tencent.com%2Fdev%3FenvId%3Dportfolio-site-v1-d1duqacaea7e51%23%2Fdb%2Fmysql%2Fsetting&referer=https%3A%2F%2Ftcb.cloud.tencent.com%2Fdev%3FenvId%3Dportfolio-site-v1-d1duqacaea7e51:0
[ 3870527ms] [WARNING] Blocked aria-hidden on an element because its descendant retained focus. The focus must not be hidden from assistive technology users. Avoid using aria-hidden on a focused element or its ancestor. Consider using the inert attribute instead, which will also prevent focus. For more details, see the aria-hidden section of the WAI-ARIA specification at https://w3c.github.io/aria/#aria-hidden.
Element with focus: <div>
Ancestor with aria-hidden: <div> @ https://tcb.cloud.tencent.com/dev?envId=portfolio-site-v1-d1duqacaea7e51#/db/mysql/setting:0
[ 3870940ms] [ERROR] Failed to load resource: net::ERR_CONNECTION_CLOSED @ https://weda-api.cloud.tencent.com/qcloud-weida/v1/capi?i=tcb/DescribeUserPromotionalActivity:0
[ 3870945ms] [ERROR] Error: [tcb/DescribeUserPromotionalActivity][NETWORK_ERROR] 网络异常：网络不通或被代理拦截，请检查网络和代理状态后重试。 (Failed to fetch)
    at Yce (https://tcb.cloud.tencent.com/dev-platform/1.18.1/assets/main.ebcb9918.js:57:52267)
    at async wd.refreshDeps (https://tcb.cloud.tencent.com/dev-platform/1.18.1/assets/main.ebcb9918.js:57:171237) @ https://tcb.cloud.tencent.com/dev-platform/1.18.1/assets/main.ebcb9918.js:12
[ 3871407ms] [ERROR] Failed to load resource: net::ERR_CONNECTION_CLOSED @ https://tcb.cloud.tencent.com/dev-platform/1.18.1/assets/hostPlugin.0e66f8fd.js:0
[ 3871408ms] [ERROR] TypeError: Failed to fetch dynamically imported module: https://tcb.cloud.tencent.com/dev-platform/1.18.1/assets/hostPlugin.0e66f8fd.js @ https://tcb.cloud.tencent.com/dev-platform/1.18.1/assets/main.ebcb9918.js:12
[ 3871409ms] [ERROR] TypeError: Failed to fetch dynamically imported module: https://tcb.cloud.tencent.com/dev-platform/1.18.1/assets/hostPlugin.0e66f8fd.js @ https://tcb.cloud.tencent.com/dev-platform/1.18.1/assets/main.ebcb9918.js:12
[ 3871409ms] [ERROR] TypeError: Failed to fetch dynamically imported module: https://tcb.cloud.tencent.com/dev-platform/1.18.1/assets/hostPlugin.0e66f8fd.js @ https://tcb.cloud.tencent.com/dev-platform/1.18.1/assets/main.ebcb9918.js:12
[ 3871410ms] [ERROR] TypeError: Failed to fetch dynamically imported module: https://tcb.cloud.tencent.com/dev-platform/1.18.1/assets/hostPlugin.0e66f8fd.js @ https://tcb.cloud.tencent.com/dev-platform/1.18.1/assets/main.ebcb9918.js:12
[ 3872827ms] [ERROR] Failed to load resource: net::ERR_CONNECTION_CLOSED @ https://rumt-zh.com/collect?sampled=1&id=0GVQESz2JVkP10XQ7X&uin=100048431065&version=1.18.1&aid=a95a81b8-471c-45ee-8817-74e2f7d750bb&env=production&platform=3&netType=4&vp=1707%20*%20932&sr=1707%20*%201067&sessionId=b29647ca0c4d407a8b9d717adf935f57&from=https%3A%2F%2Ftcb.cloud.tencent.com%2Fdev%3FenvId%3Dportfolio-site-v1-d1duqacaea7e51%23%2Fdb%2Fmysql%2Fsetting&referer=https%3A%2F%2Ftcb.cloud.tencent.com%2Fdev%3FenvId%3Dportfolio-site-v1-d1duqacaea7e51:0
[ 3873142ms] [ERROR] Failed to load resource: net::ERR_CONNECTION_CLOSED @ https://rumt-zh.com/collect?from=https%3A%2F%2Ftcb.cloud.tencent.com%2Fdev%3FenvId%3Dportfolio-site-v1-d1duqacaea7e51%23%2Fdb%2Fmysql%2Fsetting&sampled=1&id=0GVQESz2JVkP10XQ7X&uin=100048431065&version=1.18.1&aid=a95a81b8-471c-45ee-8817-74e2f7d750bb&env=production&platform=3&netType=4&vp=1707%20*%20932&sr=1707%20*%201067&sessionId=b29647ca0c4d407a8b9d717adf935f57&referer=https%3A%2F%2Ftcb.cloud.tencent.com%2Fdev%3FenvId%3Dportfolio-site-v1-d1duqacaea7e51:0
[ 3873364ms] [ERROR] Failed to load resource: net::ERR_CONNECTION_CLOSED @ https://rumt-zh.com/speed?from=https%3A%2F%2Ftcb.cloud.tencent.com%2Fdev%3FenvId%3Dportfolio-site-v1-d1duqacaea7e51%23%2Fdb%2Fmysql%2Fsetting&sampled=1&id=0GVQESz2JVkP10XQ7X&uin=100048431065&version=1.18.1&aid=a95a81b8-471c-45ee-8817-74e2f7d750bb&env=production&platform=3&netType=4&vp=1707%20*%20932&sr=1707%20*%201067&sessionId=b29647ca0c4d407a8b9d717adf935f57&referer=https%3A%2F%2Ftcb.cloud.tencent.com%2Fdev%3FenvId%3Dportfolio-site-v1-d1duqacaea7e51:0
[ 3887205ms] [ERROR] Failed to load resource: net::ERR_CONNECTION_CLOSED @ https://weda-api.cloud.tencent.com/qcloud-weida/v1/capi?i=account/DescribeCurrentUserDetails:0
[ 3888608ms] [ERROR] Failed to load resource: net::ERR_CONNECTION_CLOSED @ https://rumt-zh.com/speed?from=https%3A%2F%2Ftcb.cloud.tencent.com%2Fdev%3FenvId%3Dportfolio-site-v1-d1duqacaea7e51%23%2Fdb%2Fmysql%2Fsetting&sampled=1&id=0GVQESz2JVkP10XQ7X&uin=100048431065&version=1.18.1&aid=a95a81b8-471c-45ee-8817-74e2f7d750bb&env=production&platform=3&netType=4&vp=1707%20*%20932&sr=1707%20*%201067&sessionId=b29647ca0c4d407a8b9d717adf935f57&referer=https%3A%2F%2Ftcb.cloud.tencent.com%2Fdev%3FenvId%3Dportfolio-site-v1-d1duqacaea7e51:0
[ 3889145ms] [ERROR] Failed to load resource: net::ERR_CONNECTION_CLOSED @ https://rumt-zh.com/collect?sampled=1&id=0GVQESz2JVkP10XQ7X&uin=100048431065&version=1.18.1&aid=a95a81b8-471c-45ee-8817-74e2f7d750bb&env=production&platform=3&netType=4&vp=1707%20*%20932&sr=1707%20*%201067&sessionId=b29647ca0c4d407a8b9d717adf935f57&from=https%3A%2F%2Ftcb.cloud.tencent.com%2Fdev%3FenvId%3Dportfolio-site-v1-d1duqacaea7e51%23%2Fdb%2Fmysql%2Fsetting&referer=https%3A%2F%2Ftcb.cloud.tencent.com%2Fdev%3FenvId%3Dportfolio-site-v1-d1duqacaea7e51:0
[ 3889145ms] [ERROR] Failed to load resource: net::ERR_CONNECTION_CLOSED @ https://rumt-zh.com/collect?from=https%3A%2F%2Ftcb.cloud.tencent.com%2Fdev%3FenvId%3Dportfolio-site-v1-d1duqacaea7e51%23%2Fdb%2Fmysql%2Fsetting&sampled=1&id=0GVQESz2JVkP10XQ7X&uin=100048431065&version=1.18.1&aid=a95a81b8-471c-45ee-8817-74e2f7d750bb&env=production&platform=3&netType=4&vp=1707%20*%20932&sr=1707%20*%201067&sessionId=b29647ca0c4d407a8b9d717adf935f57&referer=https%3A%2F%2Ftcb.cloud.tencent.com%2Fdev%3FenvId%3Dportfolio-site-v1-d1duqacaea7e51:0
[ 3917576ms] [ERROR] Failed to load resource: net::ERR_CONNECTION_CLOSED @ https://weda-api.cloud.tencent.com/qcloud-weida/v1/capi?i=account/DescribeCurrentUserDetails:0
[ 3918994ms] [ERROR] Failed to load resource: net::ERR_CONNECTION_CLOSED @ https://rumt-zh.com/speed?from=https%3A%2F%2Ftcb.cloud.tencent.com%2Fdev%3FenvId%3Dportfolio-site-v1-d1duqacaea7e51%23%2Fdb%2Fmysql%2Fsetting&sampled=1&id=0GVQESz2JVkP10XQ7X&uin=100048431065&version=1.18.1&aid=a95a81b8-471c-45ee-8817-74e2f7d750bb&env=production&platform=3&netType=4&vp=1707%20*%20932&sr=1707%20*%201067&sessionId=b29647ca0c4d407a8b9d717adf935f57&referer=https%3A%2F%2Ftcb.cloud.tencent.com%2Fdev%3FenvId%3Dportfolio-site-v1-d1duqacaea7e51:0
[ 3919588ms] [ERROR] Failed to load resource: net::ERR_CONNECTION_CLOSED @ https://rumt-zh.com/collect?sampled=1&id=0GVQESz2JVkP10XQ7X&uin=100048431065&version=1.18.1&aid=a95a81b8-471c-45ee-8817-74e2f7d750bb&env=production&platform=3&netType=4&vp=1707%20*%20932&sr=1707%20*%201067&sessionId=b29647ca0c4d407a8b9d717adf935f57&from=https%3A%2F%2Ftcb.cloud.tencent.com%2Fdev%3FenvId%3Dportfolio-site-v1-d1duqacaea7e51%23%2Fdb%2Fmysql%2Fsetting&referer=https%3A%2F%2Ftcb.cloud.tencent.com%2Fdev%3FenvId%3Dportfolio-site-v1-d1duqacaea7e51:0
[ 3919588ms] [ERROR] Failed to load resource: net::ERR_CONNECTION_CLOSED @ https://rumt-zh.com/collect?from=https%3A%2F%2Ftcb.cloud.tencent.com%2Fdev%3FenvId%3Dportfolio-site-v1-d1duqacaea7e51%23%2Fdb%2Fmysql%2Fsetting&sampled=1&id=0GVQESz2JVkP10XQ7X&uin=100048431065&version=1.18.1&aid=a95a81b8-471c-45ee-8817-74e2f7d750bb&env=production&platform=3&netType=4&vp=1707%20*%20932&sr=1707%20*%201067&sessionId=b29647ca0c4d407a8b9d717adf935f57&referer=https%3A%2F%2Ftcb.cloud.tencent.com%2Fdev%3FenvId%3Dportfolio-site-v1-d1duqacaea7e51:0
[ 3947202ms] [ERROR] Failed to load resource: net::ERR_CONNECTION_CLOSED @ https://weda-api.cloud.tencent.com/qcloud-weida/v1/capi?i=account/DescribeCurrentUserDetails:0
[ 3948856ms] [ERROR] Failed to load resource: net::ERR_CONNECTION_CLOSED @ https://rumt-zh.com/speed?from=https%3A%2F%2Ftcb.cloud.tencent.com%2Fdev%3FenvId%3Dportfolio-site-v1-d1duqacaea7e51%23%2Fdb%2Fmysql%2Fsetting&sampled=1&id=0GVQESz2JVkP10XQ7X&uin=100048431065&version=1.18.1&aid=a95a81b8-471c-45ee-8817-74e2f7d750bb&env=production&platform=3&netType=3&vp=1707%20*%20932&sr=1707%20*%201067&sessionId=b29647ca0c4d407a8b9d717adf935f57&referer=https%3A%2F%2Ftcb.cloud.tencent.com%2Fdev%3FenvId%3Dportfolio-site-v1-d1duqacaea7e51:0
[ 3948914ms] [ERROR] Failed to load resource: net::ERR_CONNECTION_CLOSED @ https://rumt-zh.com/collect?sampled=1&id=0GVQESz2JVkP10XQ7X&uin=100048431065&version=1.18.1&aid=a95a81b8-471c-45ee-8817-74e2f7d750bb&env=production&platform=3&netType=3&vp=1707%20*%20932&sr=1707%20*%201067&sessionId=b29647ca0c4d407a8b9d717adf935f57&from=https%3A%2F%2Ftcb.cloud.tencent.com%2Fdev%3FenvId%3Dportfolio-site-v1-d1duqacaea7e51%23%2Fdb%2Fmysql%2Fsetting&referer=https%3A%2F%2Ftcb.cloud.tencent.com%2Fdev%3FenvId%3Dportfolio-site-v1-d1duqacaea7e51:0
[ 3949136ms] [ERROR] Failed to load resource: net::ERR_CONNECTION_CLOSED @ https://rumt-zh.com/collect?from=https%3A%2F%2Ftcb.cloud.tencent.com%2Fdev%3FenvId%3Dportfolio-site-v1-d1duqacaea7e51%23%2Fdb%2Fmysql%2Fsetting&sampled=1&id=0GVQESz2JVkP10XQ7X&uin=100048431065&version=1.18.1&aid=a95a81b8-471c-45ee-8817-74e2f7d750bb&env=production&platform=3&netType=3&vp=1707%20*%20932&sr=1707%20*%201067&sessionId=b29647ca0c4d407a8b9d717adf935f57&referer=https%3A%2F%2Ftcb.cloud.tencent.com%2Fdev%3FenvId%3Dportfolio-site-v1-d1duqacaea7e51:0
[ 3977436ms] [ERROR] Failed to load resource: net::ERR_CONNECTION_CLOSED @ https://weda-api.cloud.tencent.com/qcloud-weida/v1/capi?i=account/DescribeCurrentUserDetails:0
[ 3979071ms] [ERROR] Failed to load resource: net::ERR_CONNECTION_CLOSED @ https://rumt-zh.com/speed?from=https%3A%2F%2Ftcb.cloud.tencent.com%2Fdev%3FenvId%3Dportfolio-site-v1-d1duqacaea7e51%23%2Fdb%2Fmysql%2Fsetting&sampled=1&id=0GVQESz2JVkP10XQ7X&uin=100048431065&version=1.18.1&aid=a95a81b8-471c-45ee-8817-74e2f7d750bb&env=production&platform=3&netType=3&vp=1707%20*%20932&sr=1707%20*%201067&sessionId=b29647ca0c4d407a8b9d717adf935f57&referer=https%3A%2F%2Ftcb.cloud.tencent.com%2Fdev%3FenvId%3Dportfolio-site-v1-d1duqacaea7e51:0
[ 3979154ms] [ERROR] Failed to load resource: net::ERR_CONNECTION_CLOSED @ https://rumt-zh.com/collect?sampled=1&id=0GVQESz2JVkP10XQ7X&uin=100048431065&version=1.18.1&aid=a95a81b8-471c-45ee-8817-74e2f7d750bb&env=production&platform=3&netType=3&vp=1707%20*%20932&sr=1707%20*%201067&sessionId=b29647ca0c4d407a8b9d717adf935f57&from=https%3A%2F%2Ftcb.cloud.tencent.com%2Fdev%3FenvId%3Dportfolio-site-v1-d1duqacaea7e51%23%2Fdb%2Fmysql%2Fsetting&referer=https%3A%2F%2Ftcb.cloud.tencent.com%2Fdev%3FenvId%3Dportfolio-site-v1-d1duqacaea7e51:0
[ 3979154ms] [ERROR] Failed to load resource: net::ERR_CONNECTION_CLOSED @ https://rumt-zh.com/collect?from=https%3A%2F%2Ftcb.cloud.tencent.com%2Fdev%3FenvId%3Dportfolio-site-v1-d1duqacaea7e51%23%2Fdb%2Fmysql%2Fsetting&sampled=1&id=0GVQESz2JVkP10XQ7X&uin=100048431065&version=1.18.1&aid=a95a81b8-471c-45ee-8817-74e2f7d750bb&env=production&platform=3&netType=3&vp=1707%20*%20932&sr=1707%20*%201067&sessionId=b29647ca0c4d407a8b9d717adf935f57&referer=https%3A%2F%2Ftcb.cloud.tencent.com%2Fdev%3FenvId%3Dportfolio-site-v1-d1duqacaea7e51:0
[ 4007226ms] [ERROR] Failed to load resource: net::ERR_CONNECTION_CLOSED @ https://weda-api.cloud.tencent.com/qcloud-weida/v1/capi?i=account/DescribeCurrentUserDetails:0
[ 4008649ms] [ERROR] Failed to load resource: net::ERR_CONNECTION_CLOSED @ https://rumt-zh.com/speed?from=https%3A%2F%2Ftcb.cloud.tencent.com%2Fdev%3FenvId%3Dportfolio-site-v1-d1duqacaea7e51%23%2Fdb%2Fmysql%2Fsetting&sampled=1&id=0GVQESz2JVkP10XQ7X&uin=100048431065&version=1.18.1&aid=a95a81b8-471c-45ee-8817-74e2f7d750bb&env=production&platform=3&netType=3&vp=1707%20*%20932&sr=1707%20*%201067&sessionId=b29647ca0c4d407a8b9d717adf935f57&referer=https%3A%2F%2Ftcb.cloud.tencent.com%2Fdev%3FenvId%3Dportfolio-site-v1-d1duqacaea7e51:0
[ 4008965ms] [ERROR] Failed to load resource: net::ERR_CONNECTION_CLOSED @ https://rumt-zh.com/collect?sampled=1&id=0GVQESz2JVkP10XQ7X&uin=100048431065&version=1.18.1&aid=a95a81b8-471c-45ee-8817-74e2f7d750bb&env=production&platform=3&netType=3&vp=1707%20*%20932&sr=1707%20*%201067&sessionId=b29647ca0c4d407a8b9d717adf935f57&from=https%3A%2F%2Ftcb.cloud.tencent.com%2Fdev%3FenvId%3Dportfolio-site-v1-d1duqacaea7e51%23%2Fdb%2Fmysql%2Fsetting&referer=https%3A%2F%2Ftcb.cloud.tencent.com%2Fdev%3FenvId%3Dportfolio-site-v1-d1duqacaea7e51:0
[ 4008965ms] [ERROR] Failed to load resource: net::ERR_CONNECTION_CLOSED @ https://rumt-zh.com/collect?from=https%3A%2F%2Ftcb.cloud.tencent.com%2Fdev%3FenvId%3Dportfolio-site-v1-d1duqacaea7e51%23%2Fdb%2Fmysql%2Fsetting&sampled=1&id=0GVQESz2JVkP10XQ7X&uin=100048431065&version=1.18.1&aid=a95a81b8-471c-45ee-8817-74e2f7d750bb&env=production&platform=3&netType=3&vp=1707%20*%20932&sr=1707%20*%201067&sessionId=b29647ca0c4d407a8b9d717adf935f57&referer=https%3A%2F%2Ftcb.cloud.tencent.com%2Fdev%3FenvId%3Dportfolio-site-v1-d1duqacaea7e51:0
[ 4028053ms] [ERROR] Failed to load resource: net::ERR_CONNECTION_CLOSED @ https://tcb.cloud.tencent.com/dev-platform/1.18.1/assets/page-db-selfdb-mysql-index.6e8ffc04.js:0
[ 4028469ms] [ERROR] Failed to load resource: net::ERR_CONNECTION_CLOSED @ https://tcb.cloud.tencent.com/dev-platform/1.18.1/assets/custom-mysql.a18cffb7.js:0
[ 4029893ms] [ERROR] Failed to load resource: net::ERR_CONNECTION_CLOSED @ https://rumt-zh.com/collect?sampled=1&id=0GVQESz2JVkP10XQ7X&uin=100048431065&version=1.18.1&aid=a95a81b8-471c-45ee-8817-74e2f7d750bb&env=production&platform=3&netType=3&vp=1707%20*%20932&sr=1707%20*%201067&sessionId=b29647ca0c4d407a8b9d717adf935f57&from=https%3A%2F%2Ftcb.cloud.tencent.com%2Fdev%3FenvId%3Dportfolio-site-v1-d1duqacaea7e51%23%2Fdb%2Fmysql%2Fconnect&referer=https%3A%2F%2Ftcb.cloud.tencent.com%2Fdev%3FenvId%3Dportfolio-site-v1-d1duqacaea7e51:0
[ 4029894ms] [ERROR] Failed to load resource: net::ERR_CONNECTION_CLOSED @ https://rumt-zh.com/collect?from=https%3A%2F%2Ftcb.cloud.tencent.com%2Fdev%3FenvId%3Dportfolio-site-v1-d1duqacaea7e51%23%2Fdb%2Fmysql%2Fconnect&sampled=1&id=0GVQESz2JVkP10XQ7X&uin=100048431065&version=1.18.1&aid=a95a81b8-471c-45ee-8817-74e2f7d750bb&env=production&platform=3&netType=3&vp=1707%20*%20932&sr=1707%20*%201067&sessionId=b29647ca0c4d407a8b9d717adf935f57&referer=https%3A%2F%2Ftcb.cloud.tencent.com%2Fdev%3FenvId%3Dportfolio-site-v1-d1duqacaea7e51:0
[ 4029894ms] [ERROR] Failed to load resource: net::ERR_CONNECTION_CLOSED @ https://rumt-zh.com/speed?from=https%3A%2F%2Ftcb.cloud.tencent.com%2Fdev%3FenvId%3Dportfolio-site-v1-d1duqacaea7e51%23%2Fdb%2Fmysql%2Fconnect&sampled=1&id=0GVQESz2JVkP10XQ7X&uin=100048431065&version=1.18.1&aid=a95a81b8-471c-45ee-8817-74e2f7d750bb&env=production&platform=3&netType=3&vp=1707%20*%20932&sr=1707%20*%201067&sessionId=b29647ca0c4d407a8b9d717adf935f57&referer=https%3A%2F%2Ftcb.cloud.tencent.com%2Fdev%3FenvId%3Dportfolio-site-v1-d1duqacaea7e51:0
[ 4033162ms] [WARNING] A parser-blocking, cross site (i.e. different eTLD+1) script, https://tam.cdn-go.cn/aegis-sdk/latest/aegis.min.js, is invoked via document.write. The network request for this script MAY be blocked by the browser in this or a future page load due to poor network connectivity. If blocked in this page load, it will be confirmed in a subsequent console message. See https://www.chromestatus.com/feature/5718547946799104 for more details. @ https://tcb.cloud.tencent.com/dev?envId=portfolio-site-v1-d1duqacaea7e51:0
[ 4033162ms] [WARNING] A parser-blocking, cross site (i.e. different eTLD+1) script, https://tam.cdn-go.cn/aegis-sdk/latest/aegis.min.js, is invoked via document.write. The network request for this script MAY be blocked by the browser in this or a future page load due to poor network connectivity. If blocked in this page load, it will be confirmed in a subsequent console message. See https://www.chromestatus.com/feature/5718547946799104 for more details. @ https://tcb.cloud.tencent.com/dev?envId=portfolio-site-v1-d1duqacaea7e51:0
[ 4038223ms] Failed to set the 'domain' property on 'Document': Assignment is forbidden for sandboxed iframes.
[ 4038405ms] [ERROR] SecurityError: Failed to set the 'domain' property on 'Document': Assignment is forbidden for sandboxed iframes.
    at Ju (https://slscache.tencent-cloud.cn/qcact-ssr/1azSIPRi4JLt7YjU9nP5q/_next/static/chunks/framework-26c7ef1740bba62bfbe1.js:1:94669)
    at ys (https://slscache.tencent-cloud.cn/qcact-ssr/1azSIPRi4JLt7YjU9nP5q/_next/static/chunks/framework-26c7ef1740bba62bfbe1.js:1:115021)
    at https://slscache.tencent-cloud.cn/qcact-ssr/1azSIPRi4JLt7YjU9nP5q/_next/static/chunks/framework-26c7ef1740bba62bfbe1.js:1:111605
    at S (https://slscache.tencent-cloud.cn/qcact-ssr/1azSIPRi4JLt7YjU9nP5q/_next/static/chunks/framework-26c7ef1740bba62bfbe1.js:1:132397)
    at MessagePort.T (https://slscache.tencent-cloud.cn/qcact-ssr/1azSIPRi4JLt7YjU9nP5q/_next/static/chunks/framework-26c7ef1740bba62bfbe1.js:1:132931) @ https://slscache.tencent-cloud.cn/qcact-ssr/1azSIPRi4JLt7YjU9nP5q/_next/static/chunks/framework-26c7ef1740bba62bfbe1.js:0
[ 4038405ms] [ERROR] SecurityError: Failed to set the 'domain' property on 'Document': Assignment is forbidden for sandboxed iframes.
    at Ju (https://slscache.tencent-cloud.cn/qcact-ssr/1azSIPRi4JLt7YjU9nP5q/_next/static/chunks/framework-26c7ef1740bba62bfbe1.js:1:94669)
    at ys (https://slscache.tencent-cloud.cn/qcact-ssr/1azSIPRi4JLt7YjU9nP5q/_next/static/chunks/framework-26c7ef1740bba62bfbe1.js:1:115021)
    at https://slscache.tencent-cloud.cn/qcact-ssr/1azSIPRi4JLt7YjU9nP5q/_next/static/chunks/framework-26c7ef1740bba62bfbe1.js:1:111605
    at S (https://slscache.tencent-cloud.cn/qcact-ssr/1azSIPRi4JLt7YjU9nP5q/_next/static/chunks/framework-26c7ef1740bba62bfbe1.js:1:132397)
    at MessagePort.T (https://slscache.tencent-cloud.cn/qcact-ssr/1azSIPRi4JLt7YjU9nP5q/_next/static/chunks/framework-26c7ef1740bba62bfbe1.js:1:132931) @ https://slscache.tencent-cloud.cn/qcact-ssr/1azSIPRi4JLt7YjU9nP5q/_next/static/chunks/main-1f414af3347d8995ac17.js:0
[ 4038405ms] [ERROR] A client-side exception has occurred, see here for more info: https://nextjs.org/docs/messages/client-side-exception-occurred @ https://slscache.tencent-cloud.cn/qcact-ssr/1azSIPRi4JLt7YjU9nP5q/_next/static/chunks/main-1f414af3347d8995ac17.js:0
[ 4047912ms] [WARNING] [ Formily warn ]:  Component registration naming conflict. Please change the name. Globally registered components will no longer support overlay registration in the future. @ https://tcb.cloud.tencent.com/dev-platform/1.18.1/assets/index.16f4a05f.js:0
[ 4047912ms] [WARNING] [ Formily warn ]:  Component registration naming conflict. Please change the name. Globally registered components will no longer support overlay registration in the future. @ https://tcb.cloud.tencent.com/dev-platform/1.18.1/assets/index.16f4a05f.js:0
[ 4047912ms] [WARNING] [ Formily warn ]:  Component registration naming conflict. Please change the name. Globally registered components will no longer support overlay registration in the future. @ https://tcb.cloud.tencent.com/dev-platform/1.18.1/assets/index.16f4a05f.js:0
[ 4080659ms] [WARNING] Blocked aria-hidden on an element because its descendant retained focus. The focus must not be hidden from assistive technology users. Avoid using aria-hidden on a focused element or its ancestor. Consider using the inert attribute instead, which will also prevent focus. For more details, see the aria-hidden section of the WAI-ARIA specification at https://w3c.github.io/aria/#aria-hidden.
Element with focus: <div>
Ancestor with aria-hidden: <div> @ https://tcb.cloud.tencent.com/dev?envId=portfolio-site-v1-d1duqacaea7e51#/db/mysql/setting:0
[ 4153555ms] [WARNING] Blocked aria-hidden on an element because its descendant retained focus. The focus must not be hidden from assistive technology users. Avoid using aria-hidden on a focused element or its ancestor. Consider using the inert attribute instead, which will also prevent focus. For more details, see the aria-hidden section of the WAI-ARIA specification at https://w3c.github.io/aria/#aria-hidden.
Element with focus: <div>
Ancestor with aria-hidden: <div> @ https://tcb.cloud.tencent.com/dev?envId=portfolio-site-v1-d1duqacaea7e51#/db/mysql/setting:0
[ 4193810ms] [WARNING] reducer not found @@redux/INITl.3.b.5.8 @ https://cloudcache.tencent-cloud.com/qcloud/tea/sdk/tag.zh.b8991dd01d.js?max_age=31536000:0
[ 4193810ms] [WARNING] reducer not found @@redux/INITl.3.b.5.8 @ https://cloudcache.tencent-cloud.com/qcloud/tea/sdk/tag.zh.b8991dd01d.js?max_age=31536000:0
[ 4215896ms] [ERROR] Failed to load resource: net::ERR_CONNECTION_CLOSED @ https://weda-api.cloud.tencent.com/qcloud-weida/v1/capi?i=account/DescribeCurrentUserDetails:0
[ 4217327ms] [ERROR] Failed to load resource: net::ERR_CONNECTION_CLOSED @ https://rumt-zh.com/collect?sampled=1&id=0GVQESz2JVkP10XQ7X&uin=100048431065&version=1.18.1&aid=a95a81b8-471c-45ee-8817-74e2f7d750bb&env=production&platform=3&netType=4&vp=1707%20*%20932&sr=1707%20*%201067&sessionId=9080db76d0eb4c838dc690c01030245a&from=https%3A%2F%2Ftcb.cloud.tencent.com%2Fdev%3FenvId%3Dportfolio-site-v1-d1duqacaea7e51%23%2Fenv%2Fhttp-access&referer=https%3A%2F%2Ftcb.cloud.tencent.com%2Fdev%3FenvId%3Dportfolio-site-v1-d1duqacaea7e51:0
[ 4245701ms] [ERROR] Failed to load resource: net::ERR_CONNECTION_CLOSED @ https://weda-api.cloud.tencent.com/qcloud-weida/v1/capi?i=account/DescribeCurrentUserDetails:0
[ 4247135ms] [ERROR] Failed to load resource: net::ERR_CONNECTION_CLOSED @ https://rumt-zh.com/collect?sampled=1&id=0GVQESz2JVkP10XQ7X&uin=100048431065&version=1.18.1&aid=a95a81b8-471c-45ee-8817-74e2f7d750bb&env=production&platform=3&netType=4&vp=1707%20*%20932&sr=1707%20*%201067&sessionId=9080db76d0eb4c838dc690c01030245a&from=https%3A%2F%2Ftcb.cloud.tencent.com%2Fdev%3FenvId%3Dportfolio-site-v1-d1duqacaea7e51%23%2Fenv%2Fhttp-access&referer=https%3A%2F%2Ftcb.cloud.tencent.com%2Fdev%3FenvId%3Dportfolio-site-v1-d1duqacaea7e51:0
[ 4247419ms] [ERROR] Failed to load resource: net::ERR_CONNECTION_CLOSED @ https://rumt-zh.com/collect?from=https%3A%2F%2Ftcb.cloud.tencent.com%2Fdev%3FenvId%3Dportfolio-site-v1-d1duqacaea7e51%23%2Fenv%2Fhttp-access&sampled=1&id=0GVQESz2JVkP10XQ7X&uin=100048431065&version=1.18.1&aid=a95a81b8-471c-45ee-8817-74e2f7d750bb&env=production&platform=3&netType=4&vp=1707%20*%20932&sr=1707%20*%201067&sessionId=9080db76d0eb4c838dc690c01030245a&referer=https%3A%2F%2Ftcb.cloud.tencent.com%2Fdev%3FenvId%3Dportfolio-site-v1-d1duqacaea7e51:0
[ 4275391ms] [WARNING] Blocked aria-hidden on an element because its descendant retained focus. The focus must not be hidden from assistive technology users. Avoid using aria-hidden on a focused element or its ancestor. Consider using the inert attribute instead, which will also prevent focus. For more details, see the aria-hidden section of the WAI-ARIA specification at https://w3c.github.io/aria/#aria-hidden.
Element with focus: <div>
Ancestor with aria-hidden: <div> @ https://tcb.cloud.tencent.com/dev?envId=portfolio-site-v1-d1duqacaea7e51#/env/http-access:0
[ 4276119ms] [ERROR] Failed to load resource: net::ERR_CONNECTION_CLOSED @ https://weda-api.cloud.tencent.com/qcloud-weida/v1/capi?i=account/DescribeCurrentUserDetails:0
[ 4276329ms] [ERROR] Failed to load resource: net::ERR_CONNECTION_CLOSED @ https://weda-api.cloud.tencent.com/qcloud-weida/v1/capi?i=tcb/DescribeWedaAppPaths:0
[ 4276511ms] [ERROR] Failed to load resource: net::ERR_CONNECTION_CLOSED @ https://weda-api.cloud.tencent.com/qcloud-weida/v1/capi?i=lowcode/DescribeApps:0
[ 4276517ms] [ERROR] Failed to load resource: net::ERR_CONNECTION_CLOSED @ https://weda-api.cloud.tencent.com/qcloud-weida/v1/capi?i=tcb/DescribeCloudBaseRunServers:0
[ 4276520ms] [ERROR] Error: [tcb/DescribeCloudBaseRunServers][NETWORK_ERROR] 网络异常：网络不通或被代理拦截，请检查网络和代理状态后重试。 (Failed to fetch)
    at Yce (https://tcb.cloud.tencent.com/dev-platform/1.18.1/assets/main.ebcb9918.js:57:52267)
    at async Bu.te.ready (https://tcb.cloud.tencent.com/dev-platform/1.18.1/assets/CreateDomainAndRouteModal.3d72ac80.js:12:21926)
    at async Qf.RG (https://tcb.cloud.tencent.com/dev-platform/1.18.1/assets/main.ebcb9918.js:57:116663) @ https://tcb.cloud.tencent.com/dev-platform/1.18.1/assets/CreateDomainAndRouteModal.3d72ac80.js:11
[ 4276940ms] [ERROR] Failed to load resource: net::ERR_CONNECTION_CLOSED @ https://rumt-zh.com/collect?sampled=1&id=0GVQESz2JVkP10XQ7X&uin=100048431065&version=1.18.1&aid=a95a81b8-471c-45ee-8817-74e2f7d750bb&env=production&platform=3&netType=4&vp=1707%20*%20932&sr=1707%20*%201067&sessionId=9080db76d0eb4c838dc690c01030245a&from=https%3A%2F%2Ftcb.cloud.tencent.com%2Fdev%3FenvId%3Dportfolio-site-v1-d1duqacaea7e51%23%2Fenv%2Fhttp-access&referer=https%3A%2F%2Ftcb.cloud.tencent.com%2Fdev%3FenvId%3Dportfolio-site-v1-d1duqacaea7e51:0
[ 4277938ms] [ERROR] Failed to load resource: net::ERR_CONNECTION_CLOSED @ https://rumt-zh.com/collect?from=https%3A%2F%2Ftcb.cloud.tencent.com%2Fdev%3FenvId%3Dportfolio-site-v1-d1duqacaea7e51%23%2Fenv%2Fhttp-access&sampled=1&id=0GVQESz2JVkP10XQ7X&uin=100048431065&version=1.18.1&aid=a95a81b8-471c-45ee-8817-74e2f7d750bb&env=production&platform=3&netType=4&vp=1707%20*%20932&sr=1707%20*%201067&sessionId=9080db76d0eb4c838dc690c01030245a&referer=https%3A%2F%2Ftcb.cloud.tencent.com%2Fdev%3FenvId%3Dportfolio-site-v1-d1duqacaea7e51:0
[ 4277938ms] [ERROR] Failed to load resource: net::ERR_CONNECTION_CLOSED @ https://rumt-zh.com/collect?sampled=1&id=0GVQESz2JVkP10XQ7X&uin=100048431065&version=1.18.1&aid=a95a81b8-471c-45ee-8817-74e2f7d750bb&env=production&platform=3&netType=4&vp=1707%20*%20932&sr=1707%20*%201067&sessionId=9080db76d0eb4c838dc690c01030245a&from=https%3A%2F%2Ftcb.cloud.tencent.com%2Fdev%3FenvId%3Dportfolio-site-v1-d1duqacaea7e51%23%2Fenv%2Fhttp-access&referer=https%3A%2F%2Ftcb.cloud.tencent.com%2Fdev%3FenvId%3Dportfolio-site-v1-d1duqacaea7e51:0
[ 4278533ms] [ERROR] Failed to load resource: net::ERR_CONNECTION_CLOSED @ https://rumt-zh.com/speed?from=https%3A%2F%2Ftcb.cloud.tencent.com%2Fdev%3FenvId%3Dportfolio-site-v1-d1duqacaea7e51%23%2Fenv%2Fhttp-access&sampled=1&id=0GVQESz2JVkP10XQ7X&uin=100048431065&version=1.18.1&aid=a95a81b8-471c-45ee-8817-74e2f7d750bb&env=production&platform=3&netType=4&vp=1707%20*%20932&sr=1707%20*%201067&sessionId=9080db76d0eb4c838dc690c01030245a&referer=https%3A%2F%2Ftcb.cloud.tencent.com%2Fdev%3FenvId%3Dportfolio-site-v1-d1duqacaea7e51:0
[ 4278538ms] [ERROR] Failed to load resource: net::ERR_CONNECTION_CLOSED @ https://rumt-zh.com/collect?from=https%3A%2F%2Ftcb.cloud.tencent.com%2Fdev%3FenvId%3Dportfolio-site-v1-d1duqacaea7e51%23%2Fenv%2Fhttp-access&sampled=1&id=0GVQESz2JVkP10XQ7X&uin=100048431065&version=1.18.1&aid=a95a81b8-471c-45ee-8817-74e2f7d750bb&env=production&platform=3&netType=4&vp=1707%20*%20932&sr=1707%20*%201067&sessionId=9080db76d0eb4c838dc690c01030245a&referer=https%3A%2F%2Ftcb.cloud.tencent.com%2Fdev%3FenvId%3Dportfolio-site-v1-d1duqacaea7e51:0
[ 4285039ms] [WARNING] Blocked aria-hidden on an element because its descendant retained focus. The focus must not be hidden from assistive technology users. Avoid using aria-hidden on a focused element or its ancestor. Consider using the inert attribute instead, which will also prevent focus. For more details, see the aria-hidden section of the WAI-ARIA specification at https://w3c.github.io/aria/#aria-hidden.
Element with focus: <div>
Ancestor with aria-hidden: <div> @ https://tcb.cloud.tencent.com/dev?envId=portfolio-site-v1-d1duqacaea7e51#/env/http-access:0
[ 4365713ms] [ERROR] Failed to load resource: net::ERR_CONNECTION_CLOSED @ https://weda-api.cloud.tencent.com/qcloud-weida/v1/capi?i=account/DescribeCurrentUserDetails:0
[ 4367321ms] [ERROR] Failed to load resource: net::ERR_CONNECTION_CLOSED @ https://rumt-zh.com/speed?from=https%3A%2F%2Ftcb.cloud.tencent.com%2Fdev%3FenvId%3Dportfolio-site-v1-d1duqacaea7e51%23%2Fenv%2Fhttp-access&sampled=1&id=0GVQESz2JVkP10XQ7X&uin=100048431065&version=1.18.1&aid=a95a81b8-471c-45ee-8817-74e2f7d750bb&env=production&platform=3&netType=4&vp=1707%20*%20932&sr=1707%20*%201067&sessionId=9080db76d0eb4c838dc690c01030245a&referer=https%3A%2F%2Ftcb.cloud.tencent.com%2Fdev%3FenvId%3Dportfolio-site-v1-d1duqacaea7e51:0
[ 4367404ms] [ERROR] Failed to load resource: net::ERR_CONNECTION_CLOSED @ https://rumt-zh.com/collect?sampled=1&id=0GVQESz2JVkP10XQ7X&uin=100048431065&version=1.18.1&aid=a95a81b8-471c-45ee-8817-74e2f7d750bb&env=production&platform=3&netType=4&vp=1707%20*%20932&sr=1707%20*%201067&sessionId=9080db76d0eb4c838dc690c01030245a&from=https%3A%2F%2Ftcb.cloud.tencent.com%2Fdev%3FenvId%3Dportfolio-site-v1-d1duqacaea7e51%23%2Fenv%2Fhttp-access&referer=https%3A%2F%2Ftcb.cloud.tencent.com%2Fdev%3FenvId%3Dportfolio-site-v1-d1duqacaea7e51:0
[ 4367404ms] [ERROR] Failed to load resource: net::ERR_CONNECTION_CLOSED @ https://rumt-zh.com/collect?from=https%3A%2F%2Ftcb.cloud.tencent.com%2Fdev%3FenvId%3Dportfolio-site-v1-d1duqacaea7e51%23%2Fenv%2Fhttp-access&sampled=1&id=0GVQESz2JVkP10XQ7X&uin=100048431065&version=1.18.1&aid=a95a81b8-471c-45ee-8817-74e2f7d750bb&env=production&platform=3&netType=4&vp=1707%20*%20932&sr=1707%20*%201067&sessionId=9080db76d0eb4c838dc690c01030245a&referer=https%3A%2F%2Ftcb.cloud.tencent.com%2Fdev%3FenvId%3Dportfolio-site-v1-d1duqacaea7e51:0
[ 4395703ms] [ERROR] Failed to load resource: net::ERR_CONNECTION_CLOSED @ https://weda-api.cloud.tencent.com/qcloud-weida/v1/capi?i=account/DescribeCurrentUserDetails:0
[ 4425913ms] [ERROR] Failed to load resource: net::ERR_CONNECTION_CLOSED @ https://weda-api.cloud.tencent.com/qcloud-weida/v1/capi?i=account/DescribeCurrentUserDetails:0
[ 4427297ms] [ERROR] Failed to load resource: net::ERR_CONNECTION_CLOSED @ https://rumt-zh.com/speed?from=https%3A%2F%2Ftcb.cloud.tencent.com%2Fdev%3FenvId%3Dportfolio-site-v1-d1duqacaea7e51%23%2Fenv%2Fhttp-access&sampled=1&id=0GVQESz2JVkP10XQ7X&uin=100048431065&version=1.18.1&aid=a95a81b8-471c-45ee-8817-74e2f7d750bb&env=production&platform=3&netType=4&vp=1707%20*%20932&sr=1707%20*%201067&sessionId=9080db76d0eb4c838dc690c01030245a&referer=https%3A%2F%2Ftcb.cloud.tencent.com%2Fdev%3FenvId%3Dportfolio-site-v1-d1duqacaea7e51:0
[ 4427606ms] [ERROR] Failed to load resource: net::ERR_CONNECTION_CLOSED @ https://rumt-zh.com/collect?sampled=1&id=0GVQESz2JVkP10XQ7X&uin=100048431065&version=1.18.1&aid=a95a81b8-471c-45ee-8817-74e2f7d750bb&env=production&platform=3&netType=4&vp=1707%20*%20932&sr=1707%20*%201067&sessionId=9080db76d0eb4c838dc690c01030245a&from=https%3A%2F%2Ftcb.cloud.tencent.com%2Fdev%3FenvId%3Dportfolio-site-v1-d1duqacaea7e51%23%2Fenv%2Fhttp-access&referer=https%3A%2F%2Ftcb.cloud.tencent.com%2Fdev%3FenvId%3Dportfolio-site-v1-d1duqacaea7e51:0
[ 4427969ms] [ERROR] Failed to load resource: net::ERR_CONNECTION_CLOSED @ https://rumt-zh.com/collect?from=https%3A%2F%2Ftcb.cloud.tencent.com%2Fdev%3FenvId%3Dportfolio-site-v1-d1duqacaea7e51%23%2Fenv%2Fhttp-access&sampled=1&id=0GVQESz2JVkP10XQ7X&uin=100048431065&version=1.18.1&aid=a95a81b8-471c-45ee-8817-74e2f7d750bb&env=production&platform=3&netType=4&vp=1707%20*%20932&sr=1707%20*%201067&sessionId=9080db76d0eb4c838dc690c01030245a&referer=https%3A%2F%2Ftcb.cloud.tencent.com%2Fdev%3FenvId%3Dportfolio-site-v1-d1duqacaea7e51:0
[ 4455693ms] [ERROR] Failed to load resource: net::ERR_CONNECTION_CLOSED @ https://weda-api.cloud.tencent.com/qcloud-weida/v1/capi?i=account/DescribeCurrentUserDetails:0
[ 4457070ms] [ERROR] Failed to load resource: net::ERR_CONNECTION_CLOSED @ https://rumt-zh.com/speed?from=https%3A%2F%2Ftcb.cloud.tencent.com%2Fdev%3FenvId%3Dportfolio-site-v1-d1duqacaea7e51%23%2Fenv%2Fhttp-access&sampled=1&id=0GVQESz2JVkP10XQ7X&uin=100048431065&version=1.18.1&aid=a95a81b8-471c-45ee-8817-74e2f7d750bb&env=production&platform=3&netType=4&vp=1707%20*%20932&sr=1707%20*%201067&sessionId=9080db76d0eb4c838dc690c01030245a&referer=https%3A%2F%2Ftcb.cloud.tencent.com%2Fdev%3FenvId%3Dportfolio-site-v1-d1duqacaea7e51:0
[ 4457435ms] [ERROR] Failed to load resource: net::ERR_CONNECTION_CLOSED @ https://rumt-zh.com/collect?sampled=1&id=0GVQESz2JVkP10XQ7X&uin=100048431065&version=1.18.1&aid=a95a81b8-471c-45ee-8817-74e2f7d750bb&env=production&platform=3&netType=4&vp=1707%20*%20932&sr=1707%20*%201067&sessionId=9080db76d0eb4c838dc690c01030245a&from=https%3A%2F%2Ftcb.cloud.tencent.com%2Fdev%3FenvId%3Dportfolio-site-v1-d1duqacaea7e51%23%2Fenv%2Fhttp-access&referer=https%3A%2F%2Ftcb.cloud.tencent.com%2Fdev%3FenvId%3Dportfolio-site-v1-d1duqacaea7e51:0
[ 4457624ms] [ERROR] Failed to load resource: net::ERR_CONNECTION_CLOSED @ https://rumt-zh.com/collect?from=https%3A%2F%2Ftcb.cloud.tencent.com%2Fdev%3FenvId%3Dportfolio-site-v1-d1duqacaea7e51%23%2Fenv%2Fhttp-access&sampled=1&id=0GVQESz2JVkP10XQ7X&uin=100048431065&version=1.18.1&aid=a95a81b8-471c-45ee-8817-74e2f7d750bb&env=production&platform=3&netType=4&vp=1707%20*%20932&sr=1707%20*%201067&sessionId=9080db76d0eb4c838dc690c01030245a&referer=https%3A%2F%2Ftcb.cloud.tencent.com%2Fdev%3FenvId%3Dportfolio-site-v1-d1duqacaea7e51:0
[ 4485904ms] [ERROR] Failed to load resource: net::ERR_CONNECTION_CLOSED @ https://weda-api.cloud.tencent.com/qcloud-weida/v1/capi?i=account/DescribeCurrentUserDetails:0
[ 4487290ms] [ERROR] Failed to load resource: net::ERR_CONNECTION_CLOSED @ https://rumt-zh.com/speed?from=https%3A%2F%2Ftcb.cloud.tencent.com%2Fdev%3FenvId%3Dportfolio-site-v1-d1duqacaea7e51%23%2Fenv%2Fhttp-access&sampled=1&id=0GVQESz2JVkP10XQ7X&uin=100048431065&version=1.18.1&aid=a95a81b8-471c-45ee-8817-74e2f7d750bb&env=production&platform=3&netType=4&vp=1707%20*%20932&sr=1707%20*%201067&sessionId=9080db76d0eb4c838dc690c01030245a&referer=https%3A%2F%2Ftcb.cloud.tencent.com%2Fdev%3FenvId%3Dportfolio-site-v1-d1duqacaea7e51:0
[ 4487599ms] [ERROR] Failed to load resource: net::ERR_CONNECTION_CLOSED @ https://rumt-zh.com/collect?sampled=1&id=0GVQESz2JVkP10XQ7X&uin=100048431065&version=1.18.1&aid=a95a81b8-471c-45ee-8817-74e2f7d750bb&env=production&platform=3&netType=4&vp=1707%20*%20932&sr=1707%20*%201067&sessionId=9080db76d0eb4c838dc690c01030245a&from=https%3A%2F%2Ftcb.cloud.tencent.com%2Fdev%3FenvId%3Dportfolio-site-v1-d1duqacaea7e51%23%2Fenv%2Fhttp-access&referer=https%3A%2F%2Ftcb.cloud.tencent.com%2Fdev%3FenvId%3Dportfolio-site-v1-d1duqacaea7e51:0
[ 4487599ms] [ERROR] Failed to load resource: net::ERR_CONNECTION_CLOSED @ https://rumt-zh.com/collect?from=https%3A%2F%2Ftcb.cloud.tencent.com%2Fdev%3FenvId%3Dportfolio-site-v1-d1duqacaea7e51%23%2Fenv%2Fhttp-access&sampled=1&id=0GVQESz2JVkP10XQ7X&uin=100048431065&version=1.18.1&aid=a95a81b8-471c-45ee-8817-74e2f7d750bb&env=production&platform=3&netType=4&vp=1707%20*%20932&sr=1707%20*%201067&sessionId=9080db76d0eb4c838dc690c01030245a&referer=https%3A%2F%2Ftcb.cloud.tencent.com%2Fdev%3FenvId%3Dportfolio-site-v1-d1duqacaea7e51:0
[ 4515688ms] [ERROR] Failed to load resource: net::ERR_CONNECTION_CLOSED @ https://weda-api.cloud.tencent.com/qcloud-weida/v1/capi?i=account/DescribeCurrentUserDetails:0
[ 4517079ms] [ERROR] Failed to load resource: net::ERR_CONNECTION_CLOSED @ https://rumt-zh.com/speed?from=https%3A%2F%2Ftcb.cloud.tencent.com%2Fdev%3FenvId%3Dportfolio-site-v1-d1duqacaea7e51%23%2Fenv%2Fhttp-access&sampled=1&id=0GVQESz2JVkP10XQ7X&uin=100048431065&version=1.18.1&aid=a95a81b8-471c-45ee-8817-74e2f7d750bb&env=production&platform=3&netType=3&vp=1707%20*%20932&sr=1707%20*%201067&sessionId=9080db76d0eb4c838dc690c01030245a&referer=https%3A%2F%2Ftcb.cloud.tencent.com%2Fdev%3FenvId%3Dportfolio-site-v1-d1duqacaea7e51:0
[ 4517396ms] [ERROR] Failed to load resource: net::ERR_CONNECTION_CLOSED @ https://rumt-zh.com/collect?sampled=1&id=0GVQESz2JVkP10XQ7X&uin=100048431065&version=1.18.1&aid=a95a81b8-471c-45ee-8817-74e2f7d750bb&env=production&platform=3&netType=3&vp=1707%20*%20932&sr=1707%20*%201067&sessionId=9080db76d0eb4c838dc690c01030245a&from=https%3A%2F%2Ftcb.cloud.tencent.com%2Fdev%3FenvId%3Dportfolio-site-v1-d1duqacaea7e51%23%2Fenv%2Fhttp-access&referer=https%3A%2F%2Ftcb.cloud.tencent.com%2Fdev%3FenvId%3Dportfolio-site-v1-d1duqacaea7e51:0
[ 4517763ms] [ERROR] Failed to load resource: net::ERR_CONNECTION_CLOSED @ https://rumt-zh.com/collect?from=https%3A%2F%2Ftcb.cloud.tencent.com%2Fdev%3FenvId%3Dportfolio-site-v1-d1duqacaea7e51%23%2Fenv%2Fhttp-access&sampled=1&id=0GVQESz2JVkP10XQ7X&uin=100048431065&version=1.18.1&aid=a95a81b8-471c-45ee-8817-74e2f7d750bb&env=production&platform=3&netType=3&vp=1707%20*%20932&sr=1707%20*%201067&sessionId=9080db76d0eb4c838dc690c01030245a&referer=https%3A%2F%2Ftcb.cloud.tencent.com%2Fdev%3FenvId%3Dportfolio-site-v1-d1duqacaea7e51:0
[ 4545690ms] [ERROR] Failed to load resource: net::ERR_CONNECTION_CLOSED @ https://weda-api.cloud.tencent.com/qcloud-weida/v1/capi?i=account/DescribeCurrentUserDetails:0
[ 4547085ms] [ERROR] Failed to load resource: net::ERR_CONNECTION_CLOSED @ https://rumt-zh.com/speed?from=https%3A%2F%2Ftcb.cloud.tencent.com%2Fdev%3FenvId%3Dportfolio-site-v1-d1duqacaea7e51%23%2Fenv%2Fhttp-access&sampled=1&id=0GVQESz2JVkP10XQ7X&uin=100048431065&version=1.18.1&aid=a95a81b8-471c-45ee-8817-74e2f7d750bb&env=production&platform=3&netType=3&vp=1707%20*%20932&sr=1707%20*%201067&sessionId=9080db76d0eb4c838dc690c01030245a&referer=https%3A%2F%2Ftcb.cloud.tencent.com%2Fdev%3FenvId%3Dportfolio-site-v1-d1duqacaea7e51:0
[ 4547380ms] [ERROR] Failed to load resource: net::ERR_CONNECTION_CLOSED @ https://rumt-zh.com/collect?sampled=1&id=0GVQESz2JVkP10XQ7X&uin=100048431065&version=1.18.1&aid=a95a81b8-471c-45ee-8817-74e2f7d750bb&env=production&platform=3&netType=3&vp=1707%20*%20932&sr=1707%20*%201067&sessionId=9080db76d0eb4c838dc690c01030245a&from=https%3A%2F%2Ftcb.cloud.tencent.com%2Fdev%3FenvId%3Dportfolio-site-v1-d1duqacaea7e51%23%2Fenv%2Fhttp-access&referer=https%3A%2F%2Ftcb.cloud.tencent.com%2Fdev%3FenvId%3Dportfolio-site-v1-d1duqacaea7e51:0
[ 4547876ms] [ERROR] Failed to load resource: net::ERR_CONNECTION_CLOSED @ https://rumt-zh.com/collect?from=https%3A%2F%2Ftcb.cloud.tencent.com%2Fdev%3FenvId%3Dportfolio-site-v1-d1duqacaea7e51%23%2Fenv%2Fhttp-access&sampled=1&id=0GVQESz2JVkP10XQ7X&uin=100048431065&version=1.18.1&aid=a95a81b8-471c-45ee-8817-74e2f7d750bb&env=production&platform=3&netType=3&vp=1707%20*%20932&sr=1707%20*%201067&sessionId=9080db76d0eb4c838dc690c01030245a&referer=https%3A%2F%2Ftcb.cloud.tencent.com%2Fdev%3FenvId%3Dportfolio-site-v1-d1duqacaea7e51:0
[ 4575848ms] [ERROR] Failed to load resource: net::ERR_CONNECTION_CLOSED @ https://weda-api.cloud.tencent.com/qcloud-weida/v1/capi?i=account/DescribeCurrentUserDetails:0
[ 4577244ms] [ERROR] Failed to load resource: net::ERR_CONNECTION_CLOSED @ https://rumt-zh.com/speed?from=https%3A%2F%2Ftcb.cloud.tencent.com%2Fdev%3FenvId%3Dportfolio-site-v1-d1duqacaea7e51%23%2Fenv%2Fhttp-access&sampled=1&id=0GVQESz2JVkP10XQ7X&uin=100048431065&version=1.18.1&aid=a95a81b8-471c-45ee-8817-74e2f7d750bb&env=production&platform=3&netType=3&vp=1707%20*%20932&sr=1707%20*%201067&sessionId=9080db76d0eb4c838dc690c01030245a&referer=https%3A%2F%2Ftcb.cloud.tencent.com%2Fdev%3FenvId%3Dportfolio-site-v1-d1duqacaea7e51:0
[ 4577533ms] [ERROR] Failed to load resource: net::ERR_CONNECTION_CLOSED @ https://rumt-zh.com/collect?sampled=1&id=0GVQESz2JVkP10XQ7X&uin=100048431065&version=1.18.1&aid=a95a81b8-471c-45ee-8817-74e2f7d750bb&env=production&platform=3&netType=3&vp=1707%20*%20932&sr=1707%20*%201067&sessionId=9080db76d0eb4c838dc690c01030245a&from=https%3A%2F%2Ftcb.cloud.tencent.com%2Fdev%3FenvId%3Dportfolio-site-v1-d1duqacaea7e51%23%2Fenv%2Fhttp-access&referer=https%3A%2F%2Ftcb.cloud.tencent.com%2Fdev%3FenvId%3Dportfolio-site-v1-d1duqacaea7e51:0
[ 4577533ms] [ERROR] Failed to load resource: net::ERR_CONNECTION_CLOSED @ https://rumt-zh.com/collect?from=https%3A%2F%2Ftcb.cloud.tencent.com%2Fdev%3FenvId%3Dportfolio-site-v1-d1duqacaea7e51%23%2Fenv%2Fhttp-access&sampled=1&id=0GVQESz2JVkP10XQ7X&uin=100048431065&version=1.18.1&aid=a95a81b8-471c-45ee-8817-74e2f7d750bb&env=production&platform=3&netType=3&vp=1707%20*%20932&sr=1707%20*%201067&sessionId=9080db76d0eb4c838dc690c01030245a&referer=https%3A%2F%2Ftcb.cloud.tencent.com%2Fdev%3FenvId%3Dportfolio-site-v1-d1duqacaea7e51:0
[ 4605922ms] [ERROR] Failed to load resource: net::ERR_CONNECTION_CLOSED @ https://weda-api.cloud.tencent.com/qcloud-weida/v1/capi?i=account/DescribeCurrentUserDetails:0
[ 4607320ms] [ERROR] Failed to load resource: net::ERR_CONNECTION_CLOSED @ https://rumt-zh.com/speed?from=https%3A%2F%2Ftcb.cloud.tencent.com%2Fdev%3FenvId%3Dportfolio-site-v1-d1duqacaea7e51%23%2Fenv%2Fhttp-access&sampled=1&id=0GVQESz2JVkP10XQ7X&uin=100048431065&version=1.18.1&aid=a95a81b8-471c-45ee-8817-74e2f7d750bb&env=production&platform=3&netType=3&vp=1707%20*%20932&sr=1707%20*%201067&sessionId=9080db76d0eb4c838dc690c01030245a&referer=https%3A%2F%2Ftcb.cloud.tencent.com%2Fdev%3FenvId%3Dportfolio-site-v1-d1duqacaea7e51:0
[ 4607627ms] [ERROR] Failed to load resource: net::ERR_CONNECTION_CLOSED @ https://rumt-zh.com/collect?sampled=1&id=0GVQESz2JVkP10XQ7X&uin=100048431065&version=1.18.1&aid=a95a81b8-471c-45ee-8817-74e2f7d750bb&env=production&platform=3&netType=3&vp=1707%20*%20932&sr=1707%20*%201067&sessionId=9080db76d0eb4c838dc690c01030245a&from=https%3A%2F%2Ftcb.cloud.tencent.com%2Fdev%3FenvId%3Dportfolio-site-v1-d1duqacaea7e51%23%2Fenv%2Fhttp-access&referer=https%3A%2F%2Ftcb.cloud.tencent.com%2Fdev%3FenvId%3Dportfolio-site-v1-d1duqacaea7e51:0
[ 4607627ms] [ERROR] Failed to load resource: net::ERR_CONNECTION_CLOSED @ https://rumt-zh.com/collect?from=https%3A%2F%2Ftcb.cloud.tencent.com%2Fdev%3FenvId%3Dportfolio-site-v1-d1duqacaea7e51%23%2Fenv%2Fhttp-access&sampled=1&id=0GVQESz2JVkP10XQ7X&uin=100048431065&version=1.18.1&aid=a95a81b8-471c-45ee-8817-74e2f7d750bb&env=production&platform=3&netType=3&vp=1707%20*%20932&sr=1707%20*%201067&sessionId=9080db76d0eb4c838dc690c01030245a&referer=https%3A%2F%2Ftcb.cloud.tencent.com%2Fdev%3FenvId%3Dportfolio-site-v1-d1duqacaea7e51:0
[ 4633999ms] [ERROR] Failed to load resource: net::ERR_CONNECTION_CLOSED @ https://rumt-zh.com/rateConfig?sampled=1&id=0GVQESz2JVkP10XQ7X&uin=100048431065&version=1.18.1&aid=a95a81b8-471c-45ee-8817-74e2f7d750bb&env=production&platform=3&netType=3&vp=1707%20*%20932&sr=1707%20*%201067&sessionId=9080db76d0eb4c838dc690c01030245a&from=https%3A%2F%2Ftcb.cloud.tencent.com%2Fdev%3FenvId%3Dportfolio-site-v1-d1duqacaea7e51%23%2Fenv%2Fhttp-access&referer=https%3A%2F%2Ftcb.cloud.tencent.com%2Fdev%3FenvId%3Dportfolio-site-v1-d1duqacaea7e51:0
[ 4635951ms] [ERROR] Failed to load resource: net::ERR_CONNECTION_CLOSED @ https://weda-api.cloud.tencent.com/qcloud-weida/v1/capi?i=account/DescribeCurrentUserDetails:0
[ 4637650ms] [ERROR] Failed to load resource: net::ERR_CONNECTION_CLOSED @ https://rumt-zh.com/speed?from=https%3A%2F%2Ftcb.cloud.tencent.com%2Fdev%3FenvId%3Dportfolio-site-v1-d1duqacaea7e51%23%2Fenv%2Fhttp-access&sampled=1&id=0GVQESz2JVkP10XQ7X&uin=100048431065&version=1.18.1&aid=a95a81b8-471c-45ee-8817-74e2f7d750bb&env=production&platform=3&netType=3&vp=1707%20*%20932&sr=1707%20*%201067&sessionId=9080db76d0eb4c838dc690c01030245a&referer=https%3A%2F%2Ftcb.cloud.tencent.com%2Fdev%3FenvId%3Dportfolio-site-v1-d1duqacaea7e51:0
[ 4637657ms] [ERROR] Failed to load resource: net::ERR_CONNECTION_CLOSED @ https://rumt-zh.com/collect?sampled=1&id=0GVQESz2JVkP10XQ7X&uin=100048431065&version=1.18.1&aid=a95a81b8-471c-45ee-8817-74e2f7d750bb&env=production&platform=3&netType=3&vp=1707%20*%20932&sr=1707%20*%201067&sessionId=9080db76d0eb4c838dc690c01030245a&from=https%3A%2F%2Ftcb.cloud.tencent.com%2Fdev%3FenvId%3Dportfolio-site-v1-d1duqacaea7e51%23%2Fenv%2Fhttp-access&referer=https%3A%2F%2Ftcb.cloud.tencent.com%2Fdev%3FenvId%3Dportfolio-site-v1-d1duqacaea7e51:0
[ 4637658ms] [ERROR] Failed to load resource: net::ERR_CONNECTION_CLOSED @ https://rumt-zh.com/collect?from=https%3A%2F%2Ftcb.cloud.tencent.com%2Fdev%3FenvId%3Dportfolio-site-v1-d1duqacaea7e51%23%2Fenv%2Fhttp-access&sampled=1&id=0GVQESz2JVkP10XQ7X&uin=100048431065&version=1.18.1&aid=a95a81b8-471c-45ee-8817-74e2f7d750bb&env=production&platform=3&netType=3&vp=1707%20*%20932&sr=1707%20*%201067&sessionId=9080db76d0eb4c838dc690c01030245a&referer=https%3A%2F%2Ftcb.cloud.tencent.com%2Fdev%3FenvId%3Dportfolio-site-v1-d1duqacaea7e51:0
[ 4638013ms] [ERROR] Failed to load resource: net::ERR_CONNECTION_CLOSED @ https://rumt-zh.com/rateConfig?sampled=1&id=0GVQESz2JVkP10XQ7X&uin=100048431065&version=1.18.1&aid=a95a81b8-471c-45ee-8817-74e2f7d750bb&env=production&platform=3&netType=3&vp=1707%20*%20932&sr=1707%20*%201067&sessionId=9080db76d0eb4c838dc690c01030245a&from=https%3A%2F%2Ftcb.cloud.tencent.com%2Fdev%3FenvId%3Dportfolio-site-v1-d1duqacaea7e51%23%2Fenv%2Fhttp-access&referer=https%3A%2F%2Ftcb.cloud.tencent.com%2Fdev%3FenvId%3Dportfolio-site-v1-d1duqacaea7e51:0
[ 4668414ms] [ERROR] Failed to load resource: net::ERR_CONNECTION_CLOSED @ https://rumt-zh.com/rateConfig?sampled=1&id=0GVQESz2JVkP10XQ7X&uin=100048431065&version=1.18.1&aid=a95a81b8-471c-45ee-8817-74e2f7d750bb&env=production&platform=3&netType=3&vp=1707%20*%20932&sr=1707%20*%201067&sessionId=9080db76d0eb4c838dc690c01030245a&from=https%3A%2F%2Ftcb.cloud.tencent.com%2Fdev%3FenvId%3Dportfolio-site-v1-d1duqacaea7e51%23%2Fenv%2Fhttp-access&referer=https%3A%2F%2Ftcb.cloud.tencent.com%2Fdev%3FenvId%3Dportfolio-site-v1-d1duqacaea7e51:0
[ 4670703ms] [ERROR] Failed to load resource: net::ERR_CONNECTION_CLOSED @ https://weda-api.cloud.tencent.com/qcloud-weida/v1/capi?i=account/DescribeCurrentUserDetails:0
[ 4672102ms] [ERROR] Failed to load resource: net::ERR_CONNECTION_CLOSED @ https://rumt-zh.com/speed?from=https%3A%2F%2Ftcb.cloud.tencent.com%2Fdev%3FenvId%3Dportfolio-site-v1-d1duqacaea7e51%23%2Fenv%2Fhttp-access&sampled=1&id=0GVQESz2JVkP10XQ7X&uin=100048431065&version=1.18.1&aid=a95a81b8-471c-45ee-8817-74e2f7d750bb&env=production&platform=3&netType=3&vp=1707%20*%20932&sr=1707%20*%201067&sessionId=9080db76d0eb4c838dc690c01030245a&referer=https%3A%2F%2Ftcb.cloud.tencent.com%2Fdev%3FenvId%3Dportfolio-site-v1-d1duqacaea7e51:0
[ 4672608ms] [ERROR] Failed to load resource: net::ERR_CONNECTION_CLOSED @ https://rumt-zh.com/collect?sampled=1&id=0GVQESz2JVkP10XQ7X&uin=100048431065&version=1.18.1&aid=a95a81b8-471c-45ee-8817-74e2f7d750bb&env=production&platform=3&netType=3&vp=1707%20*%20932&sr=1707%20*%201067&sessionId=9080db76d0eb4c838dc690c01030245a&from=https%3A%2F%2Ftcb.cloud.tencent.com%2Fdev%3FenvId%3Dportfolio-site-v1-d1duqacaea7e51%23%2Fenv%2Fhttp-access&referer=https%3A%2F%2Ftcb.cloud.tencent.com%2Fdev%3FenvId%3Dportfolio-site-v1-d1duqacaea7e51:0
[ 4672608ms] [ERROR] Failed to load resource: net::ERR_CONNECTION_CLOSED @ https://rumt-zh.com/collect?from=https%3A%2F%2Ftcb.cloud.tencent.com%2Fdev%3FenvId%3Dportfolio-site-v1-d1duqacaea7e51%23%2Fenv%2Fhttp-access&sampled=1&id=0GVQESz2JVkP10XQ7X&uin=100048431065&version=1.18.1&aid=a95a81b8-471c-45ee-8817-74e2f7d750bb&env=production&platform=3&netType=3&vp=1707%20*%20932&sr=1707%20*%201067&sessionId=9080db76d0eb4c838dc690c01030245a&referer=https%3A%2F%2Ftcb.cloud.tencent.com%2Fdev%3FenvId%3Dportfolio-site-v1-d1duqacaea7e51:0
[ 4695686ms] [ERROR] Failed to load resource: net::ERR_CONNECTION_CLOSED @ https://weda-api.cloud.tencent.com/qcloud-weida/v1/capi?i=account/DescribeCurrentUserDetails:0
[ 4697076ms] [ERROR] Failed to load resource: net::ERR_CONNECTION_CLOSED @ https://rumt-zh.com/speed?from=https%3A%2F%2Ftcb.cloud.tencent.com%2Fdev%3FenvId%3Dportfolio-site-v1-d1duqacaea7e51%23%2Fenv%2Fhttp-access&sampled=1&id=0GVQESz2JVkP10XQ7X&uin=100048431065&version=1.18.1&aid=a95a81b8-471c-45ee-8817-74e2f7d750bb&env=production&platform=3&netType=3&vp=1707%20*%20932&sr=1707%20*%201067&sessionId=9080db76d0eb4c838dc690c01030245a&referer=https%3A%2F%2Ftcb.cloud.tencent.com%2Fdev%3FenvId%3Dportfolio-site-v1-d1duqacaea7e51:0
[ 4697403ms] [ERROR] Failed to load resource: net::ERR_CONNECTION_CLOSED @ https://rumt-zh.com/collect?sampled=1&id=0GVQESz2JVkP10XQ7X&uin=100048431065&version=1.18.1&aid=a95a81b8-471c-45ee-8817-74e2f7d750bb&env=production&platform=3&netType=3&vp=1707%20*%20932&sr=1707%20*%201067&sessionId=9080db76d0eb4c838dc690c01030245a&from=https%3A%2F%2Ftcb.cloud.tencent.com%2Fdev%3FenvId%3Dportfolio-site-v1-d1duqacaea7e51%23%2Fenv%2Fhttp-access&referer=https%3A%2F%2Ftcb.cloud.tencent.com%2Fdev%3FenvId%3Dportfolio-site-v1-d1duqacaea7e51:0
[ 4697568ms] [ERROR] Failed to load resource: net::ERR_CONNECTION_CLOSED @ https://rumt-zh.com/collect?from=https%3A%2F%2Ftcb.cloud.tencent.com%2Fdev%3FenvId%3Dportfolio-site-v1-d1duqacaea7e51%23%2Fenv%2Fhttp-access&sampled=1&id=0GVQESz2JVkP10XQ7X&uin=100048431065&version=1.18.1&aid=a95a81b8-471c-45ee-8817-74e2f7d750bb&env=production&platform=3&netType=3&vp=1707%20*%20932&sr=1707%20*%201067&sessionId=9080db76d0eb4c838dc690c01030245a&referer=https%3A%2F%2Ftcb.cloud.tencent.com%2Fdev%3FenvId%3Dportfolio-site-v1-d1duqacaea7e51:0
[ 4725917ms] [ERROR] Failed to load resource: net::ERR_CONNECTION_CLOSED @ https://weda-api.cloud.tencent.com/qcloud-weida/v1/capi?i=account/DescribeCurrentUserDetails:0
[ 4727526ms] [ERROR] Failed to load resource: net::ERR_CONNECTION_CLOSED @ https://rumt-zh.com/speed?from=https%3A%2F%2Ftcb.cloud.tencent.com%2Fdev%3FenvId%3Dportfolio-site-v1-d1duqacaea7e51%23%2Fenv%2Fhttp-access&sampled=1&id=0GVQESz2JVkP10XQ7X&uin=100048431065&version=1.18.1&aid=a95a81b8-471c-45ee-8817-74e2f7d750bb&env=production&platform=3&netType=3&vp=1707%20*%20932&sr=1707%20*%201067&sessionId=9080db76d0eb4c838dc690c01030245a&referer=https%3A%2F%2Ftcb.cloud.tencent.com%2Fdev%3FenvId%3Dportfolio-site-v1-d1duqacaea7e51:0
[ 4727618ms] [ERROR] Failed to load resource: net::ERR_CONNECTION_CLOSED @ https://rumt-zh.com/collect?sampled=1&id=0GVQESz2JVkP10XQ7X&uin=100048431065&version=1.18.1&aid=a95a81b8-471c-45ee-8817-74e2f7d750bb&env=production&platform=3&netType=3&vp=1707%20*%20932&sr=1707%20*%201067&sessionId=9080db76d0eb4c838dc690c01030245a&from=https%3A%2F%2Ftcb.cloud.tencent.com%2Fdev%3FenvId%3Dportfolio-site-v1-d1duqacaea7e51%23%2Fenv%2Fhttp-access&referer=https%3A%2F%2Ftcb.cloud.tencent.com%2Fdev%3FenvId%3Dportfolio-site-v1-d1duqacaea7e51:0
[ 4727891ms] [ERROR] Failed to load resource: net::ERR_CONNECTION_CLOSED @ https://rumt-zh.com/collect?from=https%3A%2F%2Ftcb.cloud.tencent.com%2Fdev%3FenvId%3Dportfolio-site-v1-d1duqacaea7e51%23%2Fenv%2Fhttp-access&sampled=1&id=0GVQESz2JVkP10XQ7X&uin=100048431065&version=1.18.1&aid=a95a81b8-471c-45ee-8817-74e2f7d750bb&env=production&platform=3&netType=3&vp=1707%20*%20932&sr=1707%20*%201067&sessionId=9080db76d0eb4c838dc690c01030245a&referer=https%3A%2F%2Ftcb.cloud.tencent.com%2Fdev%3FenvId%3Dportfolio-site-v1-d1duqacaea7e51:0
[ 4755672ms] [ERROR] Failed to load resource: net::ERR_CONNECTION_CLOSED @ https://weda-api.cloud.tencent.com/qcloud-weida/v1/capi?i=account/DescribeCurrentUserDetails:0
[ 4757046ms] [ERROR] Failed to load resource: net::ERR_CONNECTION_CLOSED @ https://rumt-zh.com/speed?from=https%3A%2F%2Ftcb.cloud.tencent.com%2Fdev%3FenvId%3Dportfolio-site-v1-d1duqacaea7e51%23%2Fenv%2Fhttp-access&sampled=1&id=0GVQESz2JVkP10XQ7X&uin=100048431065&version=1.18.1&aid=a95a81b8-471c-45ee-8817-74e2f7d750bb&env=production&platform=3&netType=3&vp=1707%20*%20932&sr=1707%20*%201067&sessionId=9080db76d0eb4c838dc690c01030245a&referer=https%3A%2F%2Ftcb.cloud.tencent.com%2Fdev%3FenvId%3Dportfolio-site-v1-d1duqacaea7e51:0
[ 4757360ms] [ERROR] Failed to load resource: net::ERR_CONNECTION_CLOSED @ https://rumt-zh.com/collect?sampled=1&id=0GVQESz2JVkP10XQ7X&uin=100048431065&version=1.18.1&aid=a95a81b8-471c-45ee-8817-74e2f7d750bb&env=production&platform=3&netType=3&vp=1707%20*%20932&sr=1707%20*%201067&sessionId=9080db76d0eb4c838dc690c01030245a&from=https%3A%2F%2Ftcb.cloud.tencent.com%2Fdev%3FenvId%3Dportfolio-site-v1-d1duqacaea7e51%23%2Fenv%2Fhttp-access&referer=https%3A%2F%2Ftcb.cloud.tencent.com%2Fdev%3FenvId%3Dportfolio-site-v1-d1duqacaea7e51:0
[ 4757360ms] [ERROR] Failed to load resource: net::ERR_CONNECTION_CLOSED @ https://rumt-zh.com/collect?from=https%3A%2F%2Ftcb.cloud.tencent.com%2Fdev%3FenvId%3Dportfolio-site-v1-d1duqacaea7e51%23%2Fenv%2Fhttp-access&sampled=1&id=0GVQESz2JVkP10XQ7X&uin=100048431065&version=1.18.1&aid=a95a81b8-471c-45ee-8817-74e2f7d750bb&env=production&platform=3&netType=3&vp=1707%20*%20932&sr=1707%20*%201067&sessionId=9080db76d0eb4c838dc690c01030245a&referer=https%3A%2F%2Ftcb.cloud.tencent.com%2Fdev%3FenvId%3Dportfolio-site-v1-d1duqacaea7e51:0
[ 4785693ms] [ERROR] Failed to load resource: net::ERR_CONNECTION_CLOSED @ https://weda-api.cloud.tencent.com/qcloud-weida/v1/capi?i=account/DescribeCurrentUserDetails:0
[ 4787072ms] [ERROR] Failed to load resource: net::ERR_CONNECTION_CLOSED @ https://rumt-zh.com/speed?from=https%3A%2F%2Ftcb.cloud.tencent.com%2Fdev%3FenvId%3Dportfolio-site-v1-d1duqacaea7e51%23%2Fenv%2Fhttp-access&sampled=1&id=0GVQESz2JVkP10XQ7X&uin=100048431065&version=1.18.1&aid=a95a81b8-471c-45ee-8817-74e2f7d750bb&env=production&platform=3&netType=3&vp=1707%20*%20932&sr=1707%20*%201067&sessionId=9080db76d0eb4c838dc690c01030245a&referer=https%3A%2F%2Ftcb.cloud.tencent.com%2Fdev%3FenvId%3Dportfolio-site-v1-d1duqacaea7e51:0
[ 4787383ms] [ERROR] Failed to load resource: net::ERR_CONNECTION_CLOSED @ https://rumt-zh.com/collect?sampled=1&id=0GVQESz2JVkP10XQ7X&uin=100048431065&version=1.18.1&aid=a95a81b8-471c-45ee-8817-74e2f7d750bb&env=production&platform=3&netType=3&vp=1707%20*%20932&sr=1707%20*%201067&sessionId=9080db76d0eb4c838dc690c01030245a&from=https%3A%2F%2Ftcb.cloud.tencent.com%2Fdev%3FenvId%3Dportfolio-site-v1-d1duqacaea7e51%23%2Fenv%2Fhttp-access&referer=https%3A%2F%2Ftcb.cloud.tencent.com%2Fdev%3FenvId%3Dportfolio-site-v1-d1duqacaea7e51:0
[ 4787384ms] [ERROR] Failed to load resource: net::ERR_CONNECTION_CLOSED @ https://rumt-zh.com/collect?from=https%3A%2F%2Ftcb.cloud.tencent.com%2Fdev%3FenvId%3Dportfolio-site-v1-d1duqacaea7e51%23%2Fenv%2Fhttp-access&sampled=1&id=0GVQESz2JVkP10XQ7X&uin=100048431065&version=1.18.1&aid=a95a81b8-471c-45ee-8817-74e2f7d750bb&env=production&platform=3&netType=3&vp=1707%20*%20932&sr=1707%20*%201067&sessionId=9080db76d0eb4c838dc690c01030245a&referer=https%3A%2F%2Ftcb.cloud.tencent.com%2Fdev%3FenvId%3Dportfolio-site-v1-d1duqacaea7e51:0
[ 4815693ms] [ERROR] Failed to load resource: net::ERR_CONNECTION_CLOSED @ https://weda-api.cloud.tencent.com/qcloud-weida/v1/capi?i=account/DescribeCurrentUserDetails:0
[ 4817078ms] [ERROR] Failed to load resource: net::ERR_CONNECTION_CLOSED @ https://rumt-zh.com/speed?from=https%3A%2F%2Ftcb.cloud.tencent.com%2Fdev%3FenvId%3Dportfolio-site-v1-d1duqacaea7e51%23%2Fenv%2Fhttp-access&sampled=1&id=0GVQESz2JVkP10XQ7X&uin=100048431065&version=1.18.1&aid=a95a81b8-471c-45ee-8817-74e2f7d750bb&env=production&platform=3&netType=3&vp=1707%20*%20932&sr=1707%20*%201067&sessionId=9080db76d0eb4c838dc690c01030245a&referer=https%3A%2F%2Ftcb.cloud.tencent.com%2Fdev%3FenvId%3Dportfolio-site-v1-d1duqacaea7e51:0
[ 4817390ms] [ERROR] Failed to load resource: net::ERR_CONNECTION_CLOSED @ https://rumt-zh.com/collect?sampled=1&id=0GVQESz2JVkP10XQ7X&uin=100048431065&version=1.18.1&aid=a95a81b8-471c-45ee-8817-74e2f7d750bb&env=production&platform=3&netType=3&vp=1707%20*%20932&sr=1707%20*%201067&sessionId=9080db76d0eb4c838dc690c01030245a&from=https%3A%2F%2Ftcb.cloud.tencent.com%2Fdev%3FenvId%3Dportfolio-site-v1-d1duqacaea7e51%23%2Fenv%2Fhttp-access&referer=https%3A%2F%2Ftcb.cloud.tencent.com%2Fdev%3FenvId%3Dportfolio-site-v1-d1duqacaea7e51:0
[ 4817594ms] [ERROR] Failed to load resource: net::ERR_CONNECTION_CLOSED @ https://rumt-zh.com/collect?from=https%3A%2F%2Ftcb.cloud.tencent.com%2Fdev%3FenvId%3Dportfolio-site-v1-d1duqacaea7e51%23%2Fenv%2Fhttp-access&sampled=1&id=0GVQESz2JVkP10XQ7X&uin=100048431065&version=1.18.1&aid=a95a81b8-471c-45ee-8817-74e2f7d750bb&env=production&platform=3&netType=3&vp=1707%20*%20932&sr=1707%20*%201067&sessionId=9080db76d0eb4c838dc690c01030245a&referer=https%3A%2F%2Ftcb.cloud.tencent.com%2Fdev%3FenvId%3Dportfolio-site-v1-d1duqacaea7e51:0
[ 4845908ms] [ERROR] Failed to load resource: net::ERR_CONNECTION_CLOSED @ https://weda-api.cloud.tencent.com/qcloud-weida/v1/capi?i=account/DescribeCurrentUserDetails:0
[ 4847290ms] [ERROR] Failed to load resource: net::ERR_CONNECTION_CLOSED @ https://rumt-zh.com/speed?from=https%3A%2F%2Ftcb.cloud.tencent.com%2Fdev%3FenvId%3Dportfolio-site-v1-d1duqacaea7e51%23%2Fenv%2Fhttp-access&sampled=1&id=0GVQESz2JVkP10XQ7X&uin=100048431065&version=1.18.1&aid=a95a81b8-471c-45ee-8817-74e2f7d750bb&env=production&platform=3&netType=3&vp=1707%20*%20932&sr=1707%20*%201067&sessionId=9080db76d0eb4c838dc690c01030245a&referer=https%3A%2F%2Ftcb.cloud.tencent.com%2Fdev%3FenvId%3Dportfolio-site-v1-d1duqacaea7e51:0
[ 4847959ms] [ERROR] Failed to load resource: net::ERR_CONNECTION_CLOSED @ https://rumt-zh.com/collect?sampled=1&id=0GVQESz2JVkP10XQ7X&uin=100048431065&version=1.18.1&aid=a95a81b8-471c-45ee-8817-74e2f7d750bb&env=production&platform=3&netType=3&vp=1707%20*%20932&sr=1707%20*%201067&sessionId=9080db76d0eb4c838dc690c01030245a&from=https%3A%2F%2Ftcb.cloud.tencent.com%2Fdev%3FenvId%3Dportfolio-site-v1-d1duqacaea7e51%23%2Fenv%2Fhttp-access&referer=https%3A%2F%2Ftcb.cloud.tencent.com%2Fdev%3FenvId%3Dportfolio-site-v1-d1duqacaea7e51:0
[ 4847959ms] [ERROR] Failed to load resource: net::ERR_CONNECTION_CLOSED @ https://rumt-zh.com/collect?from=https%3A%2F%2Ftcb.cloud.tencent.com%2Fdev%3FenvId%3Dportfolio-site-v1-d1duqacaea7e51%23%2Fenv%2Fhttp-access&sampled=1&id=0GVQESz2JVkP10XQ7X&uin=100048431065&version=1.18.1&aid=a95a81b8-471c-45ee-8817-74e2f7d750bb&env=production&platform=3&netType=3&vp=1707%20*%20932&sr=1707%20*%201067&sessionId=9080db76d0eb4c838dc690c01030245a&referer=https%3A%2F%2Ftcb.cloud.tencent.com%2Fdev%3FenvId%3Dportfolio-site-v1-d1duqacaea7e51:0
[ 4875911ms] [ERROR] Failed to load resource: net::ERR_CONNECTION_CLOSED @ https://weda-api.cloud.tencent.com/qcloud-weida/v1/capi?i=account/DescribeCurrentUserDetails:0
[ 4877286ms] [ERROR] Failed to load resource: net::ERR_CONNECTION_CLOSED @ https://rumt-zh.com/speed?from=https%3A%2F%2Ftcb.cloud.tencent.com%2Fdev%3FenvId%3Dportfolio-site-v1-d1duqacaea7e51%23%2Fenv%2Fhttp-access&sampled=1&id=0GVQESz2JVkP10XQ7X&uin=100048431065&version=1.18.1&aid=a95a81b8-471c-45ee-8817-74e2f7d750bb&env=production&platform=3&netType=3&vp=1707%20*%20932&sr=1707%20*%201067&sessionId=9080db76d0eb4c838dc690c01030245a&referer=https%3A%2F%2Ftcb.cloud.tencent.com%2Fdev%3FenvId%3Dportfolio-site-v1-d1duqacaea7e51:0
[ 4877608ms] [ERROR] Failed to load resource: net::ERR_CONNECTION_CLOSED @ https://rumt-zh.com/collect?sampled=1&id=0GVQESz2JVkP10XQ7X&uin=100048431065&version=1.18.1&aid=a95a81b8-471c-45ee-8817-74e2f7d750bb&env=production&platform=3&netType=3&vp=1707%20*%20932&sr=1707%20*%201067&sessionId=9080db76d0eb4c838dc690c01030245a&from=https%3A%2F%2Ftcb.cloud.tencent.com%2Fdev%3FenvId%3Dportfolio-site-v1-d1duqacaea7e51%23%2Fenv%2Fhttp-access&referer=https%3A%2F%2Ftcb.cloud.tencent.com%2Fdev%3FenvId%3Dportfolio-site-v1-d1duqacaea7e51:0
[ 4878171ms] [ERROR] Failed to load resource: net::ERR_CONNECTION_CLOSED @ https://rumt-zh.com/collect?from=https%3A%2F%2Ftcb.cloud.tencent.com%2Fdev%3FenvId%3Dportfolio-site-v1-d1duqacaea7e51%23%2Fenv%2Fhttp-access&sampled=1&id=0GVQESz2JVkP10XQ7X&uin=100048431065&version=1.18.1&aid=a95a81b8-471c-45ee-8817-74e2f7d750bb&env=production&platform=3&netType=3&vp=1707%20*%20932&sr=1707%20*%201067&sessionId=9080db76d0eb4c838dc690c01030245a&referer=https%3A%2F%2Ftcb.cloud.tencent.com%2Fdev%3FenvId%3Dportfolio-site-v1-d1duqacaea7e51:0
[ 4905912ms] [ERROR] Failed to load resource: net::ERR_CONNECTION_CLOSED @ https://weda-api.cloud.tencent.com/qcloud-weida/v1/capi?i=account/DescribeCurrentUserDetails:0
[ 4907294ms] [ERROR] Failed to load resource: net::ERR_CONNECTION_CLOSED @ https://rumt-zh.com/speed?from=https%3A%2F%2Ftcb.cloud.tencent.com%2Fdev%3FenvId%3Dportfolio-site-v1-d1duqacaea7e51%23%2Fenv%2Fhttp-access&sampled=1&id=0GVQESz2JVkP10XQ7X&uin=100048431065&version=1.18.1&aid=a95a81b8-471c-45ee-8817-74e2f7d750bb&env=production&platform=3&netType=3&vp=1707%20*%20932&sr=1707%20*%201067&sessionId=9080db76d0eb4c838dc690c01030245a&referer=https%3A%2F%2Ftcb.cloud.tencent.com%2Fdev%3FenvId%3Dportfolio-site-v1-d1duqacaea7e51:0
[ 4907843ms] [ERROR] Failed to load resource: net::ERR_CONNECTION_CLOSED @ https://rumt-zh.com/collect?sampled=1&id=0GVQESz2JVkP10XQ7X&uin=100048431065&version=1.18.1&aid=a95a81b8-471c-45ee-8817-74e2f7d750bb&env=production&platform=3&netType=3&vp=1707%20*%20932&sr=1707%20*%201067&sessionId=9080db76d0eb4c838dc690c01030245a&from=https%3A%2F%2Ftcb.cloud.tencent.com%2Fdev%3FenvId%3Dportfolio-site-v1-d1duqacaea7e51%23%2Fenv%2Fhttp-access&referer=https%3A%2F%2Ftcb.cloud.tencent.com%2Fdev%3FenvId%3Dportfolio-site-v1-d1duqacaea7e51:0
[ 4907844ms] [ERROR] Failed to load resource: net::ERR_CONNECTION_CLOSED @ https://rumt-zh.com/collect?from=https%3A%2F%2Ftcb.cloud.tencent.com%2Fdev%3FenvId%3Dportfolio-site-v1-d1duqacaea7e51%23%2Fenv%2Fhttp-access&sampled=1&id=0GVQESz2JVkP10XQ7X&uin=100048431065&version=1.18.1&aid=a95a81b8-471c-45ee-8817-74e2f7d750bb&env=production&platform=3&netType=3&vp=1707%20*%20932&sr=1707%20*%201067&sessionId=9080db76d0eb4c838dc690c01030245a&referer=https%3A%2F%2Ftcb.cloud.tencent.com%2Fdev%3FenvId%3Dportfolio-site-v1-d1duqacaea7e51:0
[ 4935696ms] [ERROR] Failed to load resource: net::ERR_CONNECTION_CLOSED @ https://weda-api.cloud.tencent.com/qcloud-weida/v1/capi?i=account/DescribeCurrentUserDetails:0
[ 4965700ms] [ERROR] Failed to load resource: net::ERR_CONNECTION_CLOSED @ https://weda-api.cloud.tencent.com/qcloud-weida/v1/capi?i=account/DescribeCurrentUserDetails:0
[ 4995681ms] [ERROR] Failed to load resource: net::ERR_CONNECTION_CLOSED @ https://weda-api.cloud.tencent.com/qcloud-weida/v1/capi?i=account/DescribeCurrentUserDetails:0
[ 5025675ms] [ERROR] Failed to load resource: net::ERR_CONNECTION_CLOSED @ https://weda-api.cloud.tencent.com/qcloud-weida/v1/capi?i=account/DescribeCurrentUserDetails:0
[ 5055695ms] [ERROR] Failed to load resource: net::ERR_CONNECTION_CLOSED @ https://weda-api.cloud.tencent.com/qcloud-weida/v1/capi?i=account/DescribeCurrentUserDetails:0
[ 5085685ms] [ERROR] Failed to load resource: net::ERR_CONNECTION_CLOSED @ https://weda-api.cloud.tencent.com/qcloud-weida/v1/capi?i=account/DescribeCurrentUserDetails:0
[ 5115987ms] [ERROR] Failed to load resource: net::ERR_CONNECTION_CLOSED @ https://weda-api.cloud.tencent.com/qcloud-weida/v1/capi?i=account/DescribeCurrentUserDetails:0
[ 5145683ms] [ERROR] Failed to load resource: net::ERR_CONNECTION_CLOSED @ https://weda-api.cloud.tencent.com/qcloud-weida/v1/capi?i=account/DescribeCurrentUserDetails:0
[ 5175706ms] [ERROR] Failed to load resource: net::ERR_CONNECTION_CLOSED @ https://weda-api.cloud.tencent.com/qcloud-weida/v1/capi?i=account/DescribeCurrentUserDetails:0
[ 5205696ms] [ERROR] Failed to load resource: net::ERR_CONNECTION_CLOSED @ https://weda-api.cloud.tencent.com/qcloud-weida/v1/capi?i=account/DescribeCurrentUserDetails:0
[ 5235685ms] [ERROR] Failed to load resource: net::ERR_CONNECTION_CLOSED @ https://weda-api.cloud.tencent.com/qcloud-weida/v1/capi?i=account/DescribeCurrentUserDetails:0
[ 5265696ms] [ERROR] Failed to load resource: net::ERR_CONNECTION_CLOSED @ https://weda-api.cloud.tencent.com/qcloud-weida/v1/capi?i=account/DescribeCurrentUserDetails:0
[ 5295690ms] [ERROR] Failed to load resource: net::ERR_CONNECTION_CLOSED @ https://weda-api.cloud.tencent.com/qcloud-weida/v1/capi?i=account/DescribeCurrentUserDetails:0
[ 5325699ms] [ERROR] Failed to load resource: net::ERR_CONNECTION_CLOSED @ https://weda-api.cloud.tencent.com/qcloud-weida/v1/capi?i=account/DescribeCurrentUserDetails:0
[ 5356204ms] [ERROR] Failed to load resource: net::ERR_CONNECTION_CLOSED @ https://weda-api.cloud.tencent.com/qcloud-weida/v1/capi?i=account/DescribeCurrentUserDetails:0
[ 5385701ms] [ERROR] Failed to load resource: net::ERR_CONNECTION_CLOSED @ https://weda-api.cloud.tencent.com/qcloud-weida/v1/capi?i=account/DescribeCurrentUserDetails:0
[ 5418401ms] [WARNING] Blocked aria-hidden on an element because its descendant retained focus. The focus must not be hidden from assistive technology users. Avoid using aria-hidden on a focused element or its ancestor. Consider using the inert attribute instead, which will also prevent focus. For more details, see the aria-hidden section of the WAI-ARIA specification at https://w3c.github.io/aria/#aria-hidden.
Element with focus: <div>
Ancestor with aria-hidden: <div> @ https://tcb.cloud.tencent.com/dev?envId=portfolio-site-v1-d1duqacaea7e51#/db/mysql/setting:0
[ 5418494ms] [VERBOSE] [DOM] Password field is not contained in a form: (More info: https://goo.gl/9p2vKq) %o @ https://tcb.cloud.tencent.com/dev?envId=portfolio-site-v1-d1duqacaea7e51#/db/mysql/setting:0
[ 5418494ms] [VERBOSE] [DOM] Password field is not contained in a form: (More info: https://goo.gl/9p2vKq) %o @ https://tcb.cloud.tencent.com/dev?envId=portfolio-site-v1-d1duqacaea7e51#/db/mysql/setting:0
[ 5464487ms] [WARNING] Blocked aria-hidden on an element because its descendant retained focus. The focus must not be hidden from assistive technology users. Avoid using aria-hidden on a focused element or its ancestor. Consider using the inert attribute instead, which will also prevent focus. For more details, see the aria-hidden section of the WAI-ARIA specification at https://w3c.github.io/aria/#aria-hidden.
Element with focus: <div>
Ancestor with aria-hidden: <div> @ https://tcb.cloud.tencent.com/dev?envId=portfolio-site-v1-d1duqacaea7e51#/db/mysql/setting:0
[ 5464594ms] [VERBOSE] [DOM] Password field is not contained in a form: (More info: https://goo.gl/9p2vKq) %o @ https://tcb.cloud.tencent.com/dev?envId=portfolio-site-v1-d1duqacaea7e51#/db/mysql/setting:0
[ 5464595ms] [VERBOSE] [DOM] Password field is not contained in a form: (More info: https://goo.gl/9p2vKq) %o @ https://tcb.cloud.tencent.com/dev?envId=portfolio-site-v1-d1duqacaea7e51#/db/mysql/setting:0
[ 5517821ms] [ERROR] Failed to load resource: net::ERR_CONNECTION_CLOSED @ https://weda-api.cloud.tencent.com/qcloud-weida/v1/capi?i=lowcode/DescribeMysqlInstanceStatus:0
[ 5535758ms] [ERROR] Failed to load resource: net::ERR_CONNECTION_CLOSED @ https://weda-api.cloud.tencent.com/qcloud-weida/v1/capi?i=account/DescribeCurrentUserDetails:0
[ 5565979ms] [ERROR] Failed to load resource: net::ERR_CONNECTION_CLOSED @ https://weda-api.cloud.tencent.com/qcloud-weida/v1/capi?i=account/DescribeCurrentUserDetails:0
[ 5628478ms] [WARNING] Blocked aria-hidden on an element because its descendant retained focus. The focus must not be hidden from assistive technology users. Avoid using aria-hidden on a focused element or its ancestor. Consider using the inert attribute instead, which will also prevent focus. For more details, see the aria-hidden section of the WAI-ARIA specification at https://w3c.github.io/aria/#aria-hidden.
Element with focus: <div>
Ancestor with aria-hidden: <div> @ https://tcb.cloud.tencent.com/dev?envId=portfolio-site-v1-d1duqacaea7e51#/db/mysql/setting:0
[ 5745988ms] [ERROR] Failed to load resource: net::ERR_CONNECTION_CLOSED @ https://weda-api.cloud.tencent.com/qcloud-weida/v1/capi?i=account/DescribeCurrentUserDetails:0
[ 5746684ms] [ERROR] Failed to load resource: net::ERR_CONNECTION_CLOSED @ https://otheve.beacon.qq.com/analytics/v2_upload?appkey=0WEB0AD0GM4PUUU1:0
[ 5746689ms] [ERROR] Failed to load resource: net::ERR_CONNECTION_CLOSED @ https://h.trace.qq.com/kv?attaid=00400014144&token=6478159937&product_id=0WEB0AD0GM4PUUU1&platform=web&uin=th6ha5BeMHpaQPcP6sT4sitSwp4Gx3N2&model=&os=web&app_version=&sdk_version=4.5.14-web&error_stack=&_dc=0.9529411583108575&error_msg=Failed%20to%20fetch&error_code=600:0
[ 5775954ms] [ERROR] Failed to load resource: net::ERR_CONNECTION_CLOSED @ https://weda-api.cloud.tencent.com/qcloud-weida/v1/capi?i=account/DescribeCurrentUserDetails:0
[ 5835713ms] [ERROR] Failed to load resource: net::ERR_CONNECTION_CLOSED @ https://weda-api.cloud.tencent.com/qcloud-weida/v1/capi?i=account/DescribeCurrentUserDetails:0
[ 5865721ms] [ERROR] Failed to load resource: net::ERR_CONNECTION_CLOSED @ https://weda-api.cloud.tencent.com/qcloud-weida/v1/capi?i=account/DescribeCurrentUserDetails:0
[ 6045724ms] [ERROR] Failed to load resource: net::ERR_CONNECTION_CLOSED @ https://weda-api.cloud.tencent.com/qcloud-weida/v1/capi?i=account/DescribeCurrentUserDetails:0
[ 6075957ms] [ERROR] Failed to load resource: net::ERR_CONNECTION_CLOSED @ https://weda-api.cloud.tencent.com/qcloud-weida/v1/capi?i=account/DescribeCurrentUserDetails:0
[ 6115734ms] [ERROR] Failed to load resource: net::ERR_CONNECTION_CLOSED @ https://weda-api.cloud.tencent.com/qcloud-weida/v1/capi?i=account/DescribeCurrentUserDetails:0
[ 6135712ms] [ERROR] Failed to load resource: net::ERR_CONNECTION_CLOSED @ https://weda-api.cloud.tencent.com/qcloud-weida/v1/capi?i=account/DescribeCurrentUserDetails:0
[ 6165916ms] [ERROR] Failed to load resource: net::ERR_CONNECTION_CLOSED @ https://weda-api.cloud.tencent.com/qcloud-weida/v1/capi?i=account/DescribeCurrentUserDetails:0
[ 6195699ms] [ERROR] Failed to load resource: net::ERR_CONNECTION_CLOSED @ https://weda-api.cloud.tencent.com/qcloud-weida/v1/capi?i=account/DescribeCurrentUserDetails:0
[ 6225704ms] [ERROR] Failed to load resource: net::ERR_CONNECTION_CLOSED @ https://weda-api.cloud.tencent.com/qcloud-weida/v1/capi?i=account/DescribeCurrentUserDetails:0
[ 6256064ms] [ERROR] Failed to load resource: net::ERR_CONNECTION_CLOSED @ https://weda-api.cloud.tencent.com/qcloud-weida/v1/capi?i=account/DescribeCurrentUserDetails:0
[ 6285962ms] [ERROR] Failed to load resource: net::ERR_CONNECTION_CLOSED @ https://weda-api.cloud.tencent.com/qcloud-weida/v1/capi?i=account/DescribeCurrentUserDetails:0
[ 6296560ms] [ERROR] Failed to load resource: net::ERR_CONNECTION_CLOSED @ https://tcb.cloud.tencent.com/dev-platform/1.18.1/assets/layout.4fecb798.js:0
[ 6296963ms] [ERROR] Failed to load resource: net::ERR_CONNECTION_CLOSED @ https://tcb.cloud.tencent.com/dev-platform/1.18.1/assets/page-static-hosting-index.c41f199f.js:0
[ 6296963ms] [ERROR] Failed to load resource: net::ERR_CONNECTION_CLOSED @ https://tcb.cloud.tencent.com/dev-platform/1.18.1/assets/useFrameworkConfig.176930e7.js:0
[ 6296963ms] [ERROR] Failed to load resource: net::ERR_CONNECTION_CLOSED @ https://tcb.cloud.tencent.com/dev-platform/1.18.1/assets/index.5347427b.js:0
[ 6297176ms] [ERROR] Failed to load resource: net::ERR_CONNECTION_CLOSED @ https://tcb.cloud.tencent.com/dev-platform/1.18.1/assets/utils.34e6477d.js:0
[ 6297341ms] [ERROR] Failed to load resource: net::ERR_CONNECTION_CLOSED @ https://tcb.cloud.tencent.com/dev-platform/1.18.1/assets/AppDeployTable.0169d5a2.js:0
[ 6315932ms] [ERROR] Failed to load resource: net::ERR_CONNECTION_CLOSED @ https://weda-api.cloud.tencent.com/qcloud-weida/v1/capi?i=account/DescribeCurrentUserDetails:0
[ 6345709ms] [ERROR] Failed to load resource: net::ERR_CONNECTION_CLOSED @ https://weda-api.cloud.tencent.com/qcloud-weida/v1/capi?i=account/DescribeCurrentUserDetails:0
[ 6375745ms] [ERROR] Failed to load resource: net::ERR_CONNECTION_CLOSED @ https://weda-api.cloud.tencent.com/qcloud-weida/v1/capi?i=account/DescribeCurrentUserDetails:0
[ 6405726ms] [ERROR] Failed to load resource: net::ERR_CONNECTION_CLOSED @ https://weda-api.cloud.tencent.com/qcloud-weida/v1/capi?i=account/DescribeCurrentUserDetails:0
[ 6462306ms] [WARNING] A parser-blocking, cross site (i.e. different eTLD+1) script, https://tam.cdn-go.cn/aegis-sdk/latest/aegis.min.js, is invoked via document.write. The network request for this script MAY be blocked by the browser in this or a future page load due to poor network connectivity. If blocked in this page load, it will be confirmed in a subsequent console message. See https://www.chromestatus.com/feature/5718547946799104 for more details. @ https://tcb.cloud.tencent.com/dev?envId=portfolio-site-v1-d1duqacaea7e51:0
[ 6462306ms] [WARNING] A parser-blocking, cross site (i.e. different eTLD+1) script, https://tam.cdn-go.cn/aegis-sdk/latest/aegis.min.js, is invoked via document.write. The network request for this script MAY be blocked by the browser in this or a future page load due to poor network connectivity. If blocked in this page load, it will be confirmed in a subsequent console message. See https://www.chromestatus.com/feature/5718547946799104 for more details. @ https://tcb.cloud.tencent.com/dev?envId=portfolio-site-v1-d1duqacaea7e51:0
[ 6466980ms] Failed to set the 'domain' property on 'Document': Assignment is forbidden for sandboxed iframes.
[ 6467302ms] [ERROR] SecurityError: Failed to set the 'domain' property on 'Document': Assignment is forbidden for sandboxed iframes.
    at Ju (https://slscache.tencent-cloud.cn/qcact-ssr/1azSIPRi4JLt7YjU9nP5q/_next/static/chunks/framework-26c7ef1740bba62bfbe1.js:1:94669)
    at ys (https://slscache.tencent-cloud.cn/qcact-ssr/1azSIPRi4JLt7YjU9nP5q/_next/static/chunks/framework-26c7ef1740bba62bfbe1.js:1:115021)
    at https://slscache.tencent-cloud.cn/qcact-ssr/1azSIPRi4JLt7YjU9nP5q/_next/static/chunks/framework-26c7ef1740bba62bfbe1.js:1:111605
    at S (https://slscache.tencent-cloud.cn/qcact-ssr/1azSIPRi4JLt7YjU9nP5q/_next/static/chunks/framework-26c7ef1740bba62bfbe1.js:1:132397)
    at MessagePort.T (https://slscache.tencent-cloud.cn/qcact-ssr/1azSIPRi4JLt7YjU9nP5q/_next/static/chunks/framework-26c7ef1740bba62bfbe1.js:1:132931) @ https://slscache.tencent-cloud.cn/qcact-ssr/1azSIPRi4JLt7YjU9nP5q/_next/static/chunks/framework-26c7ef1740bba62bfbe1.js:0
[ 6467302ms] [ERROR] SecurityError: Failed to set the 'domain' property on 'Document': Assignment is forbidden for sandboxed iframes.
    at Ju (https://slscache.tencent-cloud.cn/qcact-ssr/1azSIPRi4JLt7YjU9nP5q/_next/static/chunks/framework-26c7ef1740bba62bfbe1.js:1:94669)
    at ys (https://slscache.tencent-cloud.cn/qcact-ssr/1azSIPRi4JLt7YjU9nP5q/_next/static/chunks/framework-26c7ef1740bba62bfbe1.js:1:115021)
    at https://slscache.tencent-cloud.cn/qcact-ssr/1azSIPRi4JLt7YjU9nP5q/_next/static/chunks/framework-26c7ef1740bba62bfbe1.js:1:111605
    at S (https://slscache.tencent-cloud.cn/qcact-ssr/1azSIPRi4JLt7YjU9nP5q/_next/static/chunks/framework-26c7ef1740bba62bfbe1.js:1:132397)
    at MessagePort.T (https://slscache.tencent-cloud.cn/qcact-ssr/1azSIPRi4JLt7YjU9nP5q/_next/static/chunks/framework-26c7ef1740bba62bfbe1.js:1:132931) @ https://slscache.tencent-cloud.cn/qcact-ssr/1azSIPRi4JLt7YjU9nP5q/_next/static/chunks/main-1f414af3347d8995ac17.js:0
[ 6467302ms] [ERROR] A client-side exception has occurred, see here for more info: https://nextjs.org/docs/messages/client-side-exception-occurred @ https://slscache.tencent-cloud.cn/qcact-ssr/1azSIPRi4JLt7YjU9nP5q/_next/static/chunks/main-1f414af3347d8995ac17.js:0
[ 6524357ms] [ERROR] Failed to load resource: net::ERR_CONNECTION_CLOSED @ https://weda-api.cloud.tencent.com/qcloud-weida/v1/capi?i=account/DescribeCurrentUserDetails:0
[ 6525749ms] [ERROR] Failed to load resource: net::ERR_CONNECTION_CLOSED @ https://rumt-zh.com/speed?from=https%3A%2F%2Ftcb.cloud.tencent.com%2Fdev%3FenvId%3Dportfolio-site-v1-d1duqacaea7e51%23%2Fscf%2Ffunction%2Fcreate&sampled=1&id=0GVQESz2JVkP10XQ7X&uin=100048431065&version=1.18.1&aid=a95a81b8-471c-45ee-8817-74e2f7d750bb&env=production&platform=3&netType=4&vp=1707%20*%20932&sr=1707%20*%201067&sessionId=e5600a623801463b8aa2cbd2ae20222a&referer=https%3A%2F%2Ftcb.cloud.tencent.com%2Fdev%3FenvId%3Dportfolio-site-v1-d1duqacaea7e51:0
[ 6526066ms] [ERROR] Failed to load resource: net::ERR_CONNECTION_CLOSED @ https://rumt-zh.com/collect?sampled=1&id=0GVQESz2JVkP10XQ7X&uin=100048431065&version=1.18.1&aid=a95a81b8-471c-45ee-8817-74e2f7d750bb&env=production&platform=3&netType=4&vp=1707%20*%20932&sr=1707%20*%201067&sessionId=e5600a623801463b8aa2cbd2ae20222a&from=https%3A%2F%2Ftcb.cloud.tencent.com%2Fdev%3FenvId%3Dportfolio-site-v1-d1duqacaea7e51%23%2Fscf%2Ffunction%2Fcreate&referer=https%3A%2F%2Ftcb.cloud.tencent.com%2Fdev%3FenvId%3Dportfolio-site-v1-d1duqacaea7e51:0
[ 6526275ms] [ERROR] Failed to load resource: net::ERR_CONNECTION_CLOSED @ https://rumt-zh.com/collect?from=https%3A%2F%2Ftcb.cloud.tencent.com%2Fdev%3FenvId%3Dportfolio-site-v1-d1duqacaea7e51%23%2Fscf%2Ffunction%2Fcreate&sampled=1&id=0GVQESz2JVkP10XQ7X&uin=100048431065&version=1.18.1&aid=a95a81b8-471c-45ee-8817-74e2f7d750bb&env=production&platform=3&netType=4&vp=1707%20*%20932&sr=1707%20*%201067&sessionId=e5600a623801463b8aa2cbd2ae20222a&referer=https%3A%2F%2Ftcb.cloud.tencent.com%2Fdev%3FenvId%3Dportfolio-site-v1-d1duqacaea7e51:0
[ 6553938ms] [ERROR] Failed to load resource: net::ERR_CONNECTION_CLOSED @ https://weda-api.cloud.tencent.com/qcloud-weida/v1/capi?i=account/DescribeCurrentUserDetails:0
[ 6583947ms] [ERROR] Failed to load resource: net::ERR_CONNECTION_CLOSED @ https://weda-api.cloud.tencent.com/qcloud-weida/v1/capi?i=account/DescribeCurrentUserDetails:0
[ 6585341ms] [ERROR] Failed to load resource: net::ERR_CONNECTION_CLOSED @ https://rumt-zh.com/speed?from=https%3A%2F%2Ftcb.cloud.tencent.com%2Fdev%3FenvId%3Dportfolio-site-v1-d1duqacaea7e51%23%2Fscf%2Ffunction%2Fcreate&sampled=1&id=0GVQESz2JVkP10XQ7X&uin=100048431065&version=1.18.1&aid=a95a81b8-471c-45ee-8817-74e2f7d750bb&env=production&platform=3&netType=4&vp=1707%20*%20932&sr=1707%20*%201067&sessionId=e5600a623801463b8aa2cbd2ae20222a&referer=https%3A%2F%2Ftcb.cloud.tencent.com%2Fdev%3FenvId%3Dportfolio-site-v1-d1duqacaea7e51:0
[ 6585664ms] [ERROR] Failed to load resource: net::ERR_CONNECTION_CLOSED @ https://rumt-zh.com/collect?sampled=1&id=0GVQESz2JVkP10XQ7X&uin=100048431065&version=1.18.1&aid=a95a81b8-471c-45ee-8817-74e2f7d750bb&env=production&platform=3&netType=4&vp=1707%20*%20932&sr=1707%20*%201067&sessionId=e5600a623801463b8aa2cbd2ae20222a&from=https%3A%2F%2Ftcb.cloud.tencent.com%2Fdev%3FenvId%3Dportfolio-site-v1-d1duqacaea7e51%23%2Fscf%2Ffunction%2Fcreate&referer=https%3A%2F%2Ftcb.cloud.tencent.com%2Fdev%3FenvId%3Dportfolio-site-v1-d1duqacaea7e51:0
[ 6585664ms] [ERROR] Failed to load resource: net::ERR_CONNECTION_CLOSED @ https://rumt-zh.com/collect?from=https%3A%2F%2Ftcb.cloud.tencent.com%2Fdev%3FenvId%3Dportfolio-site-v1-d1duqacaea7e51%23%2Fscf%2Ffunction%2Fcreate&sampled=1&id=0GVQESz2JVkP10XQ7X&uin=100048431065&version=1.18.1&aid=a95a81b8-471c-45ee-8817-74e2f7d750bb&env=production&platform=3&netType=4&vp=1707%20*%20932&sr=1707%20*%201067&sessionId=e5600a623801463b8aa2cbd2ae20222a&referer=https%3A%2F%2Ftcb.cloud.tencent.com%2Fdev%3FenvId%3Dportfolio-site-v1-d1duqacaea7e51:0
[ 6613957ms] [ERROR] Failed to load resource: net::ERR_CONNECTION_CLOSED @ https://weda-api.cloud.tencent.com/qcloud-weida/v1/capi?i=account/DescribeCurrentUserDetails:0
[ 6615352ms] [ERROR] Failed to load resource: net::ERR_CONNECTION_CLOSED @ https://rumt-zh.com/speed?from=https%3A%2F%2Ftcb.cloud.tencent.com%2Fdev%3FenvId%3Dportfolio-site-v1-d1duqacaea7e51%23%2Fscf%2Ffunction%2Fcreate&sampled=1&id=0GVQESz2JVkP10XQ7X&uin=100048431065&version=1.18.1&aid=a95a81b8-471c-45ee-8817-74e2f7d750bb&env=production&platform=3&netType=4&vp=1707%20*%20932&sr=1707%20*%201067&sessionId=e5600a623801463b8aa2cbd2ae20222a&referer=https%3A%2F%2Ftcb.cloud.tencent.com%2Fdev%3FenvId%3Dportfolio-site-v1-d1duqacaea7e51:0
[ 6615646ms] [ERROR] Failed to load resource: net::ERR_CONNECTION_CLOSED @ https://rumt-zh.com/collect?sampled=1&id=0GVQESz2JVkP10XQ7X&uin=100048431065&version=1.18.1&aid=a95a81b8-471c-45ee-8817-74e2f7d750bb&env=production&platform=3&netType=4&vp=1707%20*%20932&sr=1707%20*%201067&sessionId=e5600a623801463b8aa2cbd2ae20222a&from=https%3A%2F%2Ftcb.cloud.tencent.com%2Fdev%3FenvId%3Dportfolio-site-v1-d1duqacaea7e51%23%2Fscf%2Ffunction%2Fcreate&referer=https%3A%2F%2Ftcb.cloud.tencent.com%2Fdev%3FenvId%3Dportfolio-site-v1-d1duqacaea7e51:0
[ 6615646ms] [ERROR] Failed to load resource: net::ERR_CONNECTION_CLOSED @ https://rumt-zh.com/collect?from=https%3A%2F%2Ftcb.cloud.tencent.com%2Fdev%3FenvId%3Dportfolio-site-v1-d1duqacaea7e51%23%2Fscf%2Ffunction%2Fcreate&sampled=1&id=0GVQESz2JVkP10XQ7X&uin=100048431065&version=1.18.1&aid=a95a81b8-471c-45ee-8817-74e2f7d750bb&env=production&platform=3&netType=4&vp=1707%20*%20932&sr=1707%20*%201067&sessionId=e5600a623801463b8aa2cbd2ae20222a&referer=https%3A%2F%2Ftcb.cloud.tencent.com%2Fdev%3FenvId%3Dportfolio-site-v1-d1duqacaea7e51:0
[ 6643955ms] [ERROR] Failed to load resource: net::ERR_CONNECTION_CLOSED @ https://weda-api.cloud.tencent.com/qcloud-weida/v1/capi?i=account/DescribeCurrentUserDetails:0
[ 6645358ms] [ERROR] Failed to load resource: net::ERR_CONNECTION_CLOSED @ https://rumt-zh.com/speed?from=https%3A%2F%2Ftcb.cloud.tencent.com%2Fdev%3FenvId%3Dportfolio-site-v1-d1duqacaea7e51%23%2Fscf%2Ffunction%2Fcreate&sampled=1&id=0GVQESz2JVkP10XQ7X&uin=100048431065&version=1.18.1&aid=a95a81b8-471c-45ee-8817-74e2f7d750bb&env=production&platform=3&netType=3&vp=1707%20*%20932&sr=1707%20*%201067&sessionId=e5600a623801463b8aa2cbd2ae20222a&referer=https%3A%2F%2Ftcb.cloud.tencent.com%2Fdev%3FenvId%3Dportfolio-site-v1-d1duqacaea7e51:0
[ 6645675ms] [ERROR] Failed to load resource: net::ERR_CONNECTION_CLOSED @ https://rumt-zh.com/collect?sampled=1&id=0GVQESz2JVkP10XQ7X&uin=100048431065&version=1.18.1&aid=a95a81b8-471c-45ee-8817-74e2f7d750bb&env=production&platform=3&netType=3&vp=1707%20*%20932&sr=1707%20*%201067&sessionId=e5600a623801463b8aa2cbd2ae20222a&from=https%3A%2F%2Ftcb.cloud.tencent.com%2Fdev%3FenvId%3Dportfolio-site-v1-d1duqacaea7e51%23%2Fscf%2Ffunction%2Fcreate&referer=https%3A%2F%2Ftcb.cloud.tencent.com%2Fdev%3FenvId%3Dportfolio-site-v1-d1duqacaea7e51:0
[ 6645675ms] [ERROR] Failed to load resource: net::ERR_CONNECTION_CLOSED @ https://rumt-zh.com/collect?from=https%3A%2F%2Ftcb.cloud.tencent.com%2Fdev%3FenvId%3Dportfolio-site-v1-d1duqacaea7e51%23%2Fscf%2Ffunction%2Fcreate&sampled=1&id=0GVQESz2JVkP10XQ7X&uin=100048431065&version=1.18.1&aid=a95a81b8-471c-45ee-8817-74e2f7d750bb&env=production&platform=3&netType=3&vp=1707%20*%20932&sr=1707%20*%201067&sessionId=e5600a623801463b8aa2cbd2ae20222a&referer=https%3A%2F%2Ftcb.cloud.tencent.com%2Fdev%3FenvId%3Dportfolio-site-v1-d1duqacaea7e51:0
[ 6673951ms] [ERROR] Failed to load resource: net::ERR_CONNECTION_CLOSED @ https://weda-api.cloud.tencent.com/qcloud-weida/v1/capi?i=account/DescribeCurrentUserDetails:0
[ 6675356ms] [ERROR] Failed to load resource: net::ERR_CONNECTION_CLOSED @ https://rumt-zh.com/speed?from=https%3A%2F%2Ftcb.cloud.tencent.com%2Fdev%3FenvId%3Dportfolio-site-v1-d1duqacaea7e51%23%2Fscf%2Ffunction%2Fcreate&sampled=1&id=0GVQESz2JVkP10XQ7X&uin=100048431065&version=1.18.1&aid=a95a81b8-471c-45ee-8817-74e2f7d750bb&env=production&platform=3&netType=3&vp=1707%20*%20932&sr=1707%20*%201067&sessionId=e5600a623801463b8aa2cbd2ae20222a&referer=https%3A%2F%2Ftcb.cloud.tencent.com%2Fdev%3FenvId%3Dportfolio-site-v1-d1duqacaea7e51:0
[ 6675670ms] [ERROR] Failed to load resource: net::ERR_CONNECTION_CLOSED @ https://rumt-zh.com/collect?sampled=1&id=0GVQESz2JVkP10XQ7X&uin=100048431065&version=1.18.1&aid=a95a81b8-471c-45ee-8817-74e2f7d750bb&env=production&platform=3&netType=3&vp=1707%20*%20932&sr=1707%20*%201067&sessionId=e5600a623801463b8aa2cbd2ae20222a&from=https%3A%2F%2Ftcb.cloud.tencent.com%2Fdev%3FenvId%3Dportfolio-site-v1-d1duqacaea7e51%23%2Fscf%2Ffunction%2Fcreate&referer=https%3A%2F%2Ftcb.cloud.tencent.com%2Fdev%3FenvId%3Dportfolio-site-v1-d1duqacaea7e51:0
[ 6676047ms] [ERROR] Failed to load resource: net::ERR_CONNECTION_CLOSED @ https://rumt-zh.com/collect?from=https%3A%2F%2Ftcb.cloud.tencent.com%2Fdev%3FenvId%3Dportfolio-site-v1-d1duqacaea7e51%23%2Fscf%2Ffunction%2Fcreate&sampled=1&id=0GVQESz2JVkP10XQ7X&uin=100048431065&version=1.18.1&aid=a95a81b8-471c-45ee-8817-74e2f7d750bb&env=production&platform=3&netType=3&vp=1707%20*%20932&sr=1707%20*%201067&sessionId=e5600a623801463b8aa2cbd2ae20222a&referer=https%3A%2F%2Ftcb.cloud.tencent.com%2Fdev%3FenvId%3Dportfolio-site-v1-d1duqacaea7e51:0
[ 6703948ms] [ERROR] Failed to load resource: net::ERR_CONNECTION_CLOSED @ https://weda-api.cloud.tencent.com/qcloud-weida/v1/capi?i=account/DescribeCurrentUserDetails:0
[ 6705675ms] [ERROR] Failed to load resource: net::ERR_CONNECTION_CLOSED @ https://rumt-zh.com/speed?from=https%3A%2F%2Ftcb.cloud.tencent.com%2Fdev%3FenvId%3Dportfolio-site-v1-d1duqacaea7e51%23%2Fscf%2Ffunction%2Fcreate&sampled=1&id=0GVQESz2JVkP10XQ7X&uin=100048431065&version=1.18.1&aid=a95a81b8-471c-45ee-8817-74e2f7d750bb&env=production&platform=3&netType=3&vp=1707%20*%20932&sr=1707%20*%201067&sessionId=e5600a623801463b8aa2cbd2ae20222a&referer=https%3A%2F%2Ftcb.cloud.tencent.com%2Fdev%3FenvId%3Dportfolio-site-v1-d1duqacaea7e51:0
[ 6705852ms] [ERROR] Failed to load resource: net::ERR_CONNECTION_CLOSED @ https://rumt-zh.com/collect?sampled=1&id=0GVQESz2JVkP10XQ7X&uin=100048431065&version=1.18.1&aid=a95a81b8-471c-45ee-8817-74e2f7d750bb&env=production&platform=3&netType=3&vp=1707%20*%20932&sr=1707%20*%201067&sessionId=e5600a623801463b8aa2cbd2ae20222a&from=https%3A%2F%2Ftcb.cloud.tencent.com%2Fdev%3FenvId%3Dportfolio-site-v1-d1duqacaea7e51%23%2Fscf%2Ffunction%2Fcreate&referer=https%3A%2F%2Ftcb.cloud.tencent.com%2Fdev%3FenvId%3Dportfolio-site-v1-d1duqacaea7e51:0
[ 6706264ms] [ERROR] Failed to load resource: net::ERR_CONNECTION_CLOSED @ https://rumt-zh.com/collect?from=https%3A%2F%2Ftcb.cloud.tencent.com%2Fdev%3FenvId%3Dportfolio-site-v1-d1duqacaea7e51%23%2Fscf%2Ffunction%2Fcreate&sampled=1&id=0GVQESz2JVkP10XQ7X&uin=100048431065&version=1.18.1&aid=a95a81b8-471c-45ee-8817-74e2f7d750bb&env=production&platform=3&netType=3&vp=1707%20*%20932&sr=1707%20*%201067&sessionId=e5600a623801463b8aa2cbd2ae20222a&referer=https%3A%2F%2Ftcb.cloud.tencent.com%2Fdev%3FenvId%3Dportfolio-site-v1-d1duqacaea7e51:0
[ 6733963ms] [ERROR] Failed to load resource: net::ERR_CONNECTION_CLOSED @ https://weda-api.cloud.tencent.com/qcloud-weida/v1/capi?i=account/DescribeCurrentUserDetails:0
[ 6735353ms] [ERROR] Failed to load resource: net::ERR_CONNECTION_CLOSED @ https://rumt-zh.com/speed?from=https%3A%2F%2Ftcb.cloud.tencent.com%2Fdev%3FenvId%3Dportfolio-site-v1-d1duqacaea7e51%23%2Fscf%2Ffunction%2Fcreate&sampled=1&id=0GVQESz2JVkP10XQ7X&uin=100048431065&version=1.18.1&aid=a95a81b8-471c-45ee-8817-74e2f7d750bb&env=production&platform=3&netType=3&vp=1707%20*%20932&sr=1707%20*%201067&sessionId=e5600a623801463b8aa2cbd2ae20222a&referer=https%3A%2F%2Ftcb.cloud.tencent.com%2Fdev%3FenvId%3Dportfolio-site-v1-d1duqacaea7e51:0
[ 6735658ms] [ERROR] Failed to load resource: net::ERR_CONNECTION_CLOSED @ https://rumt-zh.com/collect?sampled=1&id=0GVQESz2JVkP10XQ7X&uin=100048431065&version=1.18.1&aid=a95a81b8-471c-45ee-8817-74e2f7d750bb&env=production&platform=3&netType=3&vp=1707%20*%20932&sr=1707%20*%201067&sessionId=e5600a623801463b8aa2cbd2ae20222a&from=https%3A%2F%2Ftcb.cloud.tencent.com%2Fdev%3FenvId%3Dportfolio-site-v1-d1duqacaea7e51%23%2Fscf%2Ffunction%2Fcreate&referer=https%3A%2F%2Ftcb.cloud.tencent.com%2Fdev%3FenvId%3Dportfolio-site-v1-d1duqacaea7e51:0
[ 6735659ms] [ERROR] Failed to load resource: net::ERR_CONNECTION_CLOSED @ https://rumt-zh.com/collect?from=https%3A%2F%2Ftcb.cloud.tencent.com%2Fdev%3FenvId%3Dportfolio-site-v1-d1duqacaea7e51%23%2Fscf%2Ffunction%2Fcreate&sampled=1&id=0GVQESz2JVkP10XQ7X&uin=100048431065&version=1.18.1&aid=a95a81b8-471c-45ee-8817-74e2f7d750bb&env=production&platform=3&netType=3&vp=1707%20*%20932&sr=1707%20*%201067&sessionId=e5600a623801463b8aa2cbd2ae20222a&referer=https%3A%2F%2Ftcb.cloud.tencent.com%2Fdev%3FenvId%3Dportfolio-site-v1-d1duqacaea7e51:0
[ 6763529ms] [ERROR] Failed to load resource: net::ERR_CONNECTION_CLOSED @ https://rumt-zh.com/rateConfig?sampled=1&id=0GVQESz2JVkP10XQ7X&uin=100048431065&version=1.18.1&aid=a95a81b8-471c-45ee-8817-74e2f7d750bb&env=production&platform=3&netType=3&vp=1707%20*%20932&sr=1707%20*%201067&sessionId=e5600a623801463b8aa2cbd2ae20222a&from=https%3A%2F%2Ftcb.cloud.tencent.com%2Fdev%3FenvId%3Dportfolio-site-v1-d1duqacaea7e51%23%2Fscf%2Ffunction%2Fcreate&referer=https%3A%2F%2Ftcb.cloud.tencent.com%2Fdev%3FenvId%3Dportfolio-site-v1-d1duqacaea7e51:0
[ 6763960ms] [ERROR] Failed to load resource: net::ERR_CONNECTION_CLOSED @ https://weda-api.cloud.tencent.com/qcloud-weida/v1/capi?i=account/DescribeCurrentUserDetails:0
[ 6765347ms] [ERROR] Failed to load resource: net::ERR_CONNECTION_CLOSED @ https://rumt-zh.com/speed?from=https%3A%2F%2Ftcb.cloud.tencent.com%2Fdev%3FenvId%3Dportfolio-site-v1-d1duqacaea7e51%23%2Fscf%2Ffunction%2Fcreate&sampled=1&id=0GVQESz2JVkP10XQ7X&uin=100048431065&version=1.18.1&aid=a95a81b8-471c-45ee-8817-74e2f7d750bb&env=production&platform=3&netType=3&vp=1707%20*%20932&sr=1707%20*%201067&sessionId=e5600a623801463b8aa2cbd2ae20222a&referer=https%3A%2F%2Ftcb.cloud.tencent.com%2Fdev%3FenvId%3Dportfolio-site-v1-d1duqacaea7e51:0
[ 6765650ms] [ERROR] Failed to load resource: net::ERR_CONNECTION_CLOSED @ https://rumt-zh.com/collect?sampled=1&id=0GVQESz2JVkP10XQ7X&uin=100048431065&version=1.18.1&aid=a95a81b8-471c-45ee-8817-74e2f7d750bb&env=production&platform=3&netType=3&vp=1707%20*%20932&sr=1707%20*%201067&sessionId=e5600a623801463b8aa2cbd2ae20222a&from=https%3A%2F%2Ftcb.cloud.tencent.com%2Fdev%3FenvId%3Dportfolio-site-v1-d1duqacaea7e51%23%2Fscf%2Ffunction%2Fcreate&referer=https%3A%2F%2Ftcb.cloud.tencent.com%2Fdev%3FenvId%3Dportfolio-site-v1-d1duqacaea7e51:0
[ 6765650ms] [ERROR] Failed to load resource: net::ERR_CONNECTION_CLOSED @ https://rumt-zh.com/collect?from=https%3A%2F%2Ftcb.cloud.tencent.com%2Fdev%3FenvId%3Dportfolio-site-v1-d1duqacaea7e51%23%2Fscf%2Ffunction%2Fcreate&sampled=1&id=0GVQESz2JVkP10XQ7X&uin=100048431065&version=1.18.1&aid=a95a81b8-471c-45ee-8817-74e2f7d750bb&env=production&platform=3&netType=3&vp=1707%20*%20932&sr=1707%20*%201067&sessionId=e5600a623801463b8aa2cbd2ae20222a&referer=https%3A%2F%2Ftcb.cloud.tencent.com%2Fdev%3FenvId%3Dportfolio-site-v1-d1duqacaea7e51:0
[ 6766928ms] [ERROR] Failed to load resource: net::ERR_CONNECTION_CLOSED @ https://rumt-zh.com/rateConfig?sampled=1&id=0GVQESz2JVkP10XQ7X&uin=100048431065&version=1.18.1&aid=a95a81b8-471c-45ee-8817-74e2f7d750bb&env=production&platform=3&netType=3&vp=1707%20*%20932&sr=1707%20*%201067&sessionId=e5600a623801463b8aa2cbd2ae20222a&from=https%3A%2F%2Ftcb.cloud.tencent.com%2Fdev%3FenvId%3Dportfolio-site-v1-d1duqacaea7e51%23%2Fscf%2Ffunction%2Fcreate&referer=https%3A%2F%2Ftcb.cloud.tencent.com%2Fdev%3FenvId%3Dportfolio-site-v1-d1duqacaea7e51:0
[ 6793956ms] [ERROR] Failed to load resource: net::ERR_CONNECTION_CLOSED @ https://weda-api.cloud.tencent.com/qcloud-weida/v1/capi?i=account/DescribeCurrentUserDetails:0
[ 6801047ms] [ERROR] Failed to load resource: net::ERR_CONNECTION_CLOSED @ https://rumt-zh.com/rateConfig?sampled=1&id=0GVQESz2JVkP10XQ7X&uin=100048431065&version=1.18.1&aid=a95a81b8-471c-45ee-8817-74e2f7d750bb&env=production&platform=3&netType=3&vp=1707%20*%20932&sr=1707%20*%201067&sessionId=e5600a623801463b8aa2cbd2ae20222a&from=https%3A%2F%2Ftcb.cloud.tencent.com%2Fdev%3FenvId%3Dportfolio-site-v1-d1duqacaea7e51%23%2Fscf%2Ffunction%2Fcreate&referer=https%3A%2F%2Ftcb.cloud.tencent.com%2Fdev%3FenvId%3Dportfolio-site-v1-d1duqacaea7e51:0
[ 6913949ms] [ERROR] Failed to load resource: net::ERR_CONNECTION_CLOSED @ https://weda-api.cloud.tencent.com/qcloud-weida/v1/capi?i=account/DescribeCurrentUserDetails:0
[ 6915659ms] [ERROR] Failed to load resource: net::ERR_CONNECTION_CLOSED @ https://rumt-zh.com/speed?from=https%3A%2F%2Ftcb.cloud.tencent.com%2Fdev%3FenvId%3Dportfolio-site-v1-d1duqacaea7e51%23%2Fscf%2Ffunction%2Fcreate%3FenvId%3Dportfolio-site-v1-d1duqacaea7e51%26type%3Dpackage&sampled=1&id=0GVQESz2JVkP10XQ7X&uin=100048431065&version=1.18.1&aid=a95a81b8-471c-45ee-8817-74e2f7d750bb&env=production&platform=3&netType=4&vp=1707%20*%20932&sr=1707%20*%201067&sessionId=e5600a623801463b8aa2cbd2ae20222a&referer=https%3A%2F%2Ftcb.cloud.tencent.com%2Fdev%3FenvId%3Dportfolio-site-v1-d1duqacaea7e51:0
[ 6915660ms] [ERROR] Failed to load resource: net::ERR_CONNECTION_CLOSED @ https://rumt-zh.com/collect?sampled=1&id=0GVQESz2JVkP10XQ7X&uin=100048431065&version=1.18.1&aid=a95a81b8-471c-45ee-8817-74e2f7d750bb&env=production&platform=3&netType=4&vp=1707%20*%20932&sr=1707%20*%201067&sessionId=e5600a623801463b8aa2cbd2ae20222a&from=https%3A%2F%2Ftcb.cloud.tencent.com%2Fdev%3FenvId%3Dportfolio-site-v1-d1duqacaea7e51%23%2Fscf%2Ffunction%2Fcreate%3FenvId%3Dportfolio-site-v1-d1duqacaea7e51%26type%3Dpackage&referer=https%3A%2F%2Ftcb.cloud.tencent.com%2Fdev%3FenvId%3Dportfolio-site-v1-d1duqacaea7e51:0
[ 6916397ms] [ERROR] Failed to load resource: net::ERR_CONNECTION_CLOSED @ https://rumt-zh.com/collect?from=https%3A%2F%2Ftcb.cloud.tencent.com%2Fdev%3FenvId%3Dportfolio-site-v1-d1duqacaea7e51%23%2Fscf%2Ffunction%2Fcreate%3FenvId%3Dportfolio-site-v1-d1duqacaea7e51%26type%3Dpackage&sampled=1&id=0GVQESz2JVkP10XQ7X&uin=100048431065&version=1.18.1&aid=a95a81b8-471c-45ee-8817-74e2f7d750bb&env=production&platform=3&netType=4&vp=1707%20*%20932&sr=1707%20*%201067&sessionId=e5600a623801463b8aa2cbd2ae20222a&referer=https%3A%2F%2Ftcb.cloud.tencent.com%2Fdev%3FenvId%3Dportfolio-site-v1-d1duqacaea7e51:0
[ 6944201ms] [ERROR] Failed to load resource: net::ERR_CONNECTION_CLOSED @ https://weda-api.cloud.tencent.com/qcloud-weida/v1/capi?i=account/DescribeCurrentUserDetails:0
[ 6945591ms] [ERROR] Failed to load resource: net::ERR_CONNECTION_CLOSED @ https://rumt-zh.com/speed?from=https%3A%2F%2Ftcb.cloud.tencent.com%2Fdev%3FenvId%3Dportfolio-site-v1-d1duqacaea7e51%23%2Fscf%2Ffunction%2Fcreate%3FenvId%3Dportfolio-site-v1-d1duqacaea7e51%26type%3Dpackage&sampled=1&id=0GVQESz2JVkP10XQ7X&uin=100048431065&version=1.18.1&aid=a95a81b8-471c-45ee-8817-74e2f7d750bb&env=production&platform=3&netType=4&vp=1707%20*%20932&sr=1707%20*%201067&sessionId=e5600a623801463b8aa2cbd2ae20222a&referer=https%3A%2F%2Ftcb.cloud.tencent.com%2Fdev%3FenvId%3Dportfolio-site-v1-d1duqacaea7e51:0
[ 6945892ms] [ERROR] Failed to load resource: net::ERR_CONNECTION_CLOSED @ https://rumt-zh.com/collect?sampled=1&id=0GVQESz2JVkP10XQ7X&uin=100048431065&version=1.18.1&aid=a95a81b8-471c-45ee-8817-74e2f7d750bb&env=production&platform=3&netType=4&vp=1707%20*%20932&sr=1707%20*%201067&sessionId=e5600a623801463b8aa2cbd2ae20222a&from=https%3A%2F%2Ftcb.cloud.tencent.com%2Fdev%3FenvId%3Dportfolio-site-v1-d1duqacaea7e51%23%2Fscf%2Ffunction%2Fcreate%3FenvId%3Dportfolio-site-v1-d1duqacaea7e51%26type%3Dpackage&referer=https%3A%2F%2Ftcb.cloud.tencent.com%2Fdev%3FenvId%3Dportfolio-site-v1-d1duqacaea7e51:0
[ 6945892ms] [ERROR] Failed to load resource: net::ERR_CONNECTION_CLOSED @ https://rumt-zh.com/collect?from=https%3A%2F%2Ftcb.cloud.tencent.com%2Fdev%3FenvId%3Dportfolio-site-v1-d1duqacaea7e51%23%2Fscf%2Ffunction%2Fcreate%3FenvId%3Dportfolio-site-v1-d1duqacaea7e51%26type%3Dpackage&sampled=1&id=0GVQESz2JVkP10XQ7X&uin=100048431065&version=1.18.1&aid=a95a81b8-471c-45ee-8817-74e2f7d750bb&env=production&platform=3&netType=4&vp=1707%20*%20932&sr=1707%20*%201067&sessionId=e5600a623801463b8aa2cbd2ae20222a&referer=https%3A%2F%2Ftcb.cloud.tencent.com%2Fdev%3FenvId%3Dportfolio-site-v1-d1duqacaea7e51:0
[ 6974195ms] [ERROR] Failed to load resource: net::ERR_CONNECTION_CLOSED @ https://weda-api.cloud.tencent.com/qcloud-weida/v1/capi?i=account/DescribeCurrentUserDetails:0
[ 6975587ms] [ERROR] Failed to load resource: net::ERR_CONNECTION_CLOSED @ https://rumt-zh.com/speed?from=https%3A%2F%2Ftcb.cloud.tencent.com%2Fdev%3FenvId%3Dportfolio-site-v1-d1duqacaea7e51%23%2Fscf%2Ffunction%2Fcreate%3FenvId%3Dportfolio-site-v1-d1duqacaea7e51%26type%3Dpackage&sampled=1&id=0GVQESz2JVkP10XQ7X&uin=100048431065&version=1.18.1&aid=a95a81b8-471c-45ee-8817-74e2f7d750bb&env=production&platform=3&netType=4&vp=1707%20*%20932&sr=1707%20*%201067&sessionId=e5600a623801463b8aa2cbd2ae20222a&referer=https%3A%2F%2Ftcb.cloud.tencent.com%2Fdev%3FenvId%3Dportfolio-site-v1-d1duqacaea7e51:0
[ 6975909ms] [ERROR] Failed to load resource: net::ERR_CONNECTION_CLOSED @ https://rumt-zh.com/collect?sampled=1&id=0GVQESz2JVkP10XQ7X&uin=100048431065&version=1.18.1&aid=a95a81b8-471c-45ee-8817-74e2f7d750bb&env=production&platform=3&netType=4&vp=1707%20*%20932&sr=1707%20*%201067&sessionId=e5600a623801463b8aa2cbd2ae20222a&from=https%3A%2F%2Ftcb.cloud.tencent.com%2Fdev%3FenvId%3Dportfolio-site-v1-d1duqacaea7e51%23%2Fscf%2Ffunction%2Fcreate%3FenvId%3Dportfolio-site-v1-d1duqacaea7e51%26type%3Dpackage&referer=https%3A%2F%2Ftcb.cloud.tencent.com%2Fdev%3FenvId%3Dportfolio-site-v1-d1duqacaea7e51:0
[ 6976279ms] [ERROR] Failed to load resource: net::ERR_CONNECTION_CLOSED @ https://rumt-zh.com/collect?from=https%3A%2F%2Ftcb.cloud.tencent.com%2Fdev%3FenvId%3Dportfolio-site-v1-d1duqacaea7e51%23%2Fscf%2Ffunction%2Fcreate%3FenvId%3Dportfolio-site-v1-d1duqacaea7e51%26type%3Dpackage&sampled=1&id=0GVQESz2JVkP10XQ7X&uin=100048431065&version=1.18.1&aid=a95a81b8-471c-45ee-8817-74e2f7d750bb&env=production&platform=3&netType=4&vp=1707%20*%20932&sr=1707%20*%201067&sessionId=e5600a623801463b8aa2cbd2ae20222a&referer=https%3A%2F%2Ftcb.cloud.tencent.com%2Fdev%3FenvId%3Dportfolio-site-v1-d1duqacaea7e51:0
[ 7004181ms] [ERROR] Failed to load resource: net::ERR_CONNECTION_CLOSED @ https://weda-api.cloud.tencent.com/qcloud-weida/v1/capi?i=account/DescribeCurrentUserDetails:0
[ 7005567ms] [ERROR] Failed to load resource: net::ERR_CONNECTION_CLOSED @ https://rumt-zh.com/speed?from=https%3A%2F%2Ftcb.cloud.tencent.com%2Fdev%3FenvId%3Dportfolio-site-v1-d1duqacaea7e51%23%2Fscf%2Ffunction%2Fcreate%3FenvId%3Dportfolio-site-v1-d1duqacaea7e51%26type%3Dpackage&sampled=1&id=0GVQESz2JVkP10XQ7X&uin=100048431065&version=1.18.1&aid=a95a81b8-471c-45ee-8817-74e2f7d750bb&env=production&platform=3&netType=4&vp=1707%20*%20932&sr=1707%20*%201067&sessionId=e5600a623801463b8aa2cbd2ae20222a&referer=https%3A%2F%2Ftcb.cloud.tencent.com%2Fdev%3FenvId%3Dportfolio-site-v1-d1duqacaea7e51:0
[ 7005881ms] [ERROR] Failed to load resource: net::ERR_CONNECTION_CLOSED @ https://rumt-zh.com/collect?sampled=1&id=0GVQESz2JVkP10XQ7X&uin=100048431065&version=1.18.1&aid=a95a81b8-471c-45ee-8817-74e2f7d750bb&env=production&platform=3&netType=4&vp=1707%20*%20932&sr=1707%20*%201067&sessionId=e5600a623801463b8aa2cbd2ae20222a&from=https%3A%2F%2Ftcb.cloud.tencent.com%2Fdev%3FenvId%3Dportfolio-site-v1-d1duqacaea7e51%23%2Fscf%2Ffunction%2Fcreate%3FenvId%3Dportfolio-site-v1-d1duqacaea7e51%26type%3Dpackage&referer=https%3A%2F%2Ftcb.cloud.tencent.com%2Fdev%3FenvId%3Dportfolio-site-v1-d1duqacaea7e51:0
[ 7005881ms] [ERROR] Failed to load resource: net::ERR_CONNECTION_CLOSED @ https://rumt-zh.com/collect?from=https%3A%2F%2Ftcb.cloud.tencent.com%2Fdev%3FenvId%3Dportfolio-site-v1-d1duqacaea7e51%23%2Fscf%2Ffunction%2Fcreate%3FenvId%3Dportfolio-site-v1-d1duqacaea7e51%26type%3Dpackage&sampled=1&id=0GVQESz2JVkP10XQ7X&uin=100048431065&version=1.18.1&aid=a95a81b8-471c-45ee-8817-74e2f7d750bb&env=production&platform=3&netType=4&vp=1707%20*%20932&sr=1707%20*%201067&sessionId=e5600a623801463b8aa2cbd2ae20222a&referer=https%3A%2F%2Ftcb.cloud.tencent.com%2Fdev%3FenvId%3Dportfolio-site-v1-d1duqacaea7e51:0
[ 7033955ms] [ERROR] Failed to load resource: net::ERR_CONNECTION_CLOSED @ https://weda-api.cloud.tencent.com/qcloud-weida/v1/capi?i=account/DescribeCurrentUserDetails:0
[ 7035355ms] [ERROR] Failed to load resource: net::ERR_CONNECTION_CLOSED @ https://rumt-zh.com/speed?from=https%3A%2F%2Ftcb.cloud.tencent.com%2Fdev%3FenvId%3Dportfolio-site-v1-d1duqacaea7e51%23%2Fscf%2Ffunction%2Fcreate%3FenvId%3Dportfolio-site-v1-d1duqacaea7e51%26type%3Dpackage&sampled=1&id=0GVQESz2JVkP10XQ7X&uin=100048431065&version=1.18.1&aid=a95a81b8-471c-45ee-8817-74e2f7d750bb&env=production&platform=3&netType=3&vp=1707%20*%20932&sr=1707%20*%201067&sessionId=e5600a623801463b8aa2cbd2ae20222a&referer=https%3A%2F%2Ftcb.cloud.tencent.com%2Fdev%3FenvId%3Dportfolio-site-v1-d1duqacaea7e51:0
[ 7035666ms] [ERROR] Failed to load resource: net::ERR_CONNECTION_CLOSED @ https://rumt-zh.com/collect?sampled=1&id=0GVQESz2JVkP10XQ7X&uin=100048431065&version=1.18.1&aid=a95a81b8-471c-45ee-8817-74e2f7d750bb&env=production&platform=3&netType=3&vp=1707%20*%20932&sr=1707%20*%201067&sessionId=e5600a623801463b8aa2cbd2ae20222a&from=https%3A%2F%2Ftcb.cloud.tencent.com%2Fdev%3FenvId%3Dportfolio-site-v1-d1duqacaea7e51%23%2Fscf%2Ffunction%2Fcreate%3FenvId%3Dportfolio-site-v1-d1duqacaea7e51%26type%3Dpackage&referer=https%3A%2F%2Ftcb.cloud.tencent.com%2Fdev%3FenvId%3Dportfolio-site-v1-d1duqacaea7e51:0
[ 7035929ms] [ERROR] Failed to load resource: net::ERR_CONNECTION_CLOSED @ https://rumt-zh.com/collect?from=https%3A%2F%2Ftcb.cloud.tencent.com%2Fdev%3FenvId%3Dportfolio-site-v1-d1duqacaea7e51%23%2Fscf%2Ffunction%2Fcreate%3FenvId%3Dportfolio-site-v1-d1duqacaea7e51%26type%3Dpackage&sampled=1&id=0GVQESz2JVkP10XQ7X&uin=100048431065&version=1.18.1&aid=a95a81b8-471c-45ee-8817-74e2f7d750bb&env=production&platform=3&netType=3&vp=1707%20*%20932&sr=1707%20*%201067&sessionId=e5600a623801463b8aa2cbd2ae20222a&referer=https%3A%2F%2Ftcb.cloud.tencent.com%2Fdev%3FenvId%3Dportfolio-site-v1-d1duqacaea7e51:0
[ 7068971ms] [ERROR] Failed to load resource: net::ERR_CONNECTION_CLOSED @ https://weda-api.cloud.tencent.com/qcloud-weida/v1/capi?i=account/DescribeCurrentUserDetails:0
[ 7070375ms] [ERROR] Failed to load resource: net::ERR_CONNECTION_CLOSED @ https://rumt-zh.com/speed?from=https%3A%2F%2Ftcb.cloud.tencent.com%2Fdev%3FenvId%3Dportfolio-site-v1-d1duqacaea7e51%23%2Fscf%2Ffunction%2Fcreate%3FenvId%3Dportfolio-site-v1-d1duqacaea7e51%26type%3Dpackage&sampled=1&id=0GVQESz2JVkP10XQ7X&uin=100048431065&version=1.18.1&aid=a95a81b8-471c-45ee-8817-74e2f7d750bb&env=production&platform=3&netType=3&vp=1707%20*%20932&sr=1707%20*%201067&sessionId=e5600a623801463b8aa2cbd2ae20222a&referer=https%3A%2F%2Ftcb.cloud.tencent.com%2Fdev%3FenvId%3Dportfolio-site-v1-d1duqacaea7e51:0
[ 7070670ms] [ERROR] Failed to load resource: net::ERR_CONNECTION_CLOSED @ https://rumt-zh.com/collect?sampled=1&id=0GVQESz2JVkP10XQ7X&uin=100048431065&version=1.18.1&aid=a95a81b8-471c-45ee-8817-74e2f7d750bb&env=production&platform=3&netType=3&vp=1707%20*%20932&sr=1707%20*%201067&sessionId=e5600a623801463b8aa2cbd2ae20222a&from=https%3A%2F%2Ftcb.cloud.tencent.com%2Fdev%3FenvId%3Dportfolio-site-v1-d1duqacaea7e51%23%2Fscf%2Ffunction%2Fcreate%3FenvId%3Dportfolio-site-v1-d1duqacaea7e51%26type%3Dpackage&referer=https%3A%2F%2Ftcb.cloud.tencent.com%2Fdev%3FenvId%3Dportfolio-site-v1-d1duqacaea7e51:0
[ 7070670ms] [ERROR] Failed to load resource: net::ERR_CONNECTION_CLOSED @ https://rumt-zh.com/collect?from=https%3A%2F%2Ftcb.cloud.tencent.com%2Fdev%3FenvId%3Dportfolio-site-v1-d1duqacaea7e51%23%2Fscf%2Ffunction%2Fcreate%3FenvId%3Dportfolio-site-v1-d1duqacaea7e51%26type%3Dpackage&sampled=1&id=0GVQESz2JVkP10XQ7X&uin=100048431065&version=1.18.1&aid=a95a81b8-471c-45ee-8817-74e2f7d750bb&env=production&platform=3&netType=3&vp=1707%20*%20932&sr=1707%20*%201067&sessionId=e5600a623801463b8aa2cbd2ae20222a&referer=https%3A%2F%2Ftcb.cloud.tencent.com%2Fdev%3FenvId%3Dportfolio-site-v1-d1duqacaea7e51:0
[ 7076836ms] [ERROR] Failed to load resource: net::ERR_CONNECTION_CLOSED @ https://weda-api.cloud.tencent.com/qcloud-weida/v1/capi?i=tcbr/DescribeArchitectureType:0
[ 7078070ms] [ERROR] Failed to load resource: net::ERR_CONNECTION_CLOSED @ https://tcb.cloud.tencent.com/dev-platform/1.18.1/assets/UpgradePackageAlert.7f2adc17.css:0
[ 7078562ms] [ERROR] Failed to load resource: net::ERR_CONNECTION_CLOSED @ https://rumt-zh.com/collect?sampled=1&id=0GVQESz2JVkP10XQ7X&uin=100048431065&version=1.18.1&aid=a95a81b8-471c-45ee-8817-74e2f7d750bb&env=production&platform=3&netType=3&vp=1707%20*%20932&sr=1707%20*%201067&sessionId=e5600a623801463b8aa2cbd2ae20222a&from=https%3A%2F%2Ftcb.cloud.tencent.com%2Fdev%3FenvId%3Dportfolio-site-v1-d1duqacaea7e51%23%2Fplatform-run&referer=https%3A%2F%2Ftcb.cloud.tencent.com%2Fdev%3FenvId%3Dportfolio-site-v1-d1duqacaea7e51:0
[ 7078743ms] [ERROR] Failed to load resource: net::ERR_CONNECTION_CLOSED @ https://rumt-zh.com/collect?from=https%3A%2F%2Ftcb.cloud.tencent.com%2Fdev%3FenvId%3Dportfolio-site-v1-d1duqacaea7e51%23%2Fplatform-run&sampled=1&id=0GVQESz2JVkP10XQ7X&uin=100048431065&version=1.18.1&aid=a95a81b8-471c-45ee-8817-74e2f7d750bb&env=production&platform=3&netType=3&vp=1707%20*%20932&sr=1707%20*%201067&sessionId=e5600a623801463b8aa2cbd2ae20222a&referer=https%3A%2F%2Ftcb.cloud.tencent.com%2Fdev%3FenvId%3Dportfolio-site-v1-d1duqacaea7e51:0
[ 7078919ms] [ERROR] Failed to load resource: net::ERR_CONNECTION_CLOSED @ https://tcb.cloud.tencent.com/dev-platform/1.18.1/assets/index.7defab7d.css:0
[ 7078921ms] [ERROR] Failed to load resource: net::ERR_CONNECTION_CLOSED @ https://tcb.cloud.tencent.com/dev-platform/1.18.1/assets/module.81596608.css:0
[ 7078921ms] [ERROR] Failed to load resource: net::ERR_CONNECTION_CLOSED @ https://tcb.cloud.tencent.com/dev-platform/1.18.1/assets/index.ed89d534.css:0
[ 7078921ms] [ERROR] Failed to load resource: net::ERR_CONNECTION_CLOSED @ https://tcb.cloud.tencent.com/dev-platform/1.18.1/assets/index.1d5689d2.css:0
[ 7078921ms] [ERROR] Failed to load resource: net::ERR_CONNECTION_CLOSED @ https://tcb.cloud.tencent.com/dev-platform/1.18.1/assets/index.8940cfd0.css:0
[ 7079757ms] [ERROR] Failed to load resource: net::ERR_CONNECTION_CLOSED @ https://rumt-zh.com/collect?from=https%3A%2F%2Ftcb.cloud.tencent.com%2Fdev%3FenvId%3Dportfolio-site-v1-d1duqacaea7e51%23%2Fplatform-run&sampled=1&id=0GVQESz2JVkP10XQ7X&uin=100048431065&version=1.18.1&aid=a95a81b8-471c-45ee-8817-74e2f7d750bb&env=production&platform=3&netType=3&vp=1707%20*%20932&sr=1707%20*%201067&sessionId=e5600a623801463b8aa2cbd2ae20222a&referer=https%3A%2F%2Ftcb.cloud.tencent.com%2Fdev%3FenvId%3Dportfolio-site-v1-d1duqacaea7e51:0
[ 7079757ms] [ERROR] Failed to load resource: net::ERR_CONNECTION_CLOSED @ https://tcb.cloud.tencent.com/dev-platform/1.18.1/assets/instance-db-selector.d65bc4fa.css:0
[ 7079757ms] [ERROR] Failed to load resource: net::ERR_CONNECTION_CLOSED @ https://tcb.cloud.tencent.com/dev-platform/1.18.1/assets/index.ff84f808.css:0
[ 7079757ms] [ERROR] Failed to load resource: net::ERR_CONNECTION_CLOSED @ https://tcb.cloud.tencent.com/dev-platform/1.18.1/assets/index.660cc616.css:0
[ 7079758ms] [ERROR] Failed to load resource: net::ERR_CONNECTION_CLOSED @ https://tcb.cloud.tencent.com/dev-platform/1.18.1/assets/db-doc-layout.0116a9c9.js:0
[ 7079761ms] [ERROR] Failed to load resource: net::ERR_CONNECTION_CLOSED @ https://weda-api.cloud.tencent.com/qcloud-weida/v1/capi?i=tcbr/DescribeUserServiceTermsRecord:0
[ 7079766ms] [ERROR] Failed to load resource: net::ERR_CONNECTION_CLOSED @ https://weda-api.cloud.tencent.com/qcloud-weida/v1/capi?i=tcbr/DescribeEnvBaseInfo:0
[ 7079768ms] [ERROR] Failed to load resource: net::ERR_CONNECTION_CLOSED @ https://weda-api.cloud.tencent.com/qcloud-weida/v1/capi?i=tcb/DescribeBillingInfo:0
[ 7079771ms] [ERROR] Failed to load resource: net::ERR_CONNECTION_CLOSED @ https://tcb.cloud.tencent.com/dev-platform/1.18.1/assets/data-source-scene.2f2181f9.js:0
[ 7079771ms] [ERROR] Failed to load resource: net::ERR_CONNECTION_CLOSED @ https://tcb.cloud.tencent.com/dev-platform/1.18.1/assets/UpgradePackageAlert.e80f225a.js:0
[ 7079789ms] [ERROR] Failed to load resource: net::ERR_CONNECTION_CLOSED @ https://tcb.cloud.tencent.com/dev-platform/1.18.1/assets/useIsCurrentEnvFreeTrial.4d5cad05.js:0
[ 7079789ms] [ERROR] Failed to load resource: net::ERR_CONNECTION_CLOSED @ https://tcb.cloud.tencent.com/dev-platform/1.18.1/assets/index.0b7ceb6c.js:0
[ 7079798ms] [ERROR] Failed to load resource: net::ERR_CONNECTION_CLOSED @ https://tcb.cloud.tencent.com/dev-platform/1.18.1/assets/CreateDbConnector.74173125.js:0
[ 7079800ms] [ERROR] Failed to load resource: net::ERR_CONNECTION_CLOSED @ https://rumt-zh.com/collect?from=https%3A%2F%2Ftcb.cloud.tencent.com%2Fdev%3FenvId%3Dportfolio-site-v1-d1duqacaea7e51%23%2Fplatform-run&sampled=1&id=0GVQESz2JVkP10XQ7X&uin=100048431065&version=1.18.1&aid=a95a81b8-471c-45ee-8817-74e2f7d750bb&env=production&platform=3&netType=3&vp=1707%20*%20932&sr=1707%20*%201067&sessionId=e5600a623801463b8aa2cbd2ae20222a&referer=https%3A%2F%2Ftcb.cloud.tencent.com%2Fdev%3FenvId%3Dportfolio-site-v1-d1duqacaea7e51:0
[ 7079800ms] [ERROR] Failed to load resource: net::ERR_CONNECTION_CLOSED @ https://tcb.cloud.tencent.com/dev-platform/1.18.1/assets/index.c1aac2c1.js:0
[ 7079800ms] [ERROR] Failed to load resource: net::ERR_CONNECTION_CLOSED @ https://tcb.cloud.tencent.com/dev-platform/1.18.1/assets/svg.58c58fe0.js:0
[ 7079800ms] [ERROR] Failed to load resource: net::ERR_CONNECTION_CLOSED @ https://tcb.cloud.tencent.com/dev-platform/1.18.1/assets/index.f215e68f.js:0
[ 7079801ms] [ERROR] Failed to load resource: net::ERR_CONNECTION_CLOSED @ https://tcb.cloud.tencent.com/dev-platform/1.18.1/assets/voronoi.fed7652e.js:0
[ 7079802ms] [ERROR] Failed to load resource: net::ERR_CONNECTION_CLOSED @ https://tcb.cloud.tencent.com/dev-platform/1.18.1/assets/index.8fd195db.js:0
[ 7079802ms] [ERROR] Failed to load resource: net::ERR_CONNECTION_CLOSED @ https://tcb.cloud.tencent.com/dev-platform/1.18.1/assets/http.a762d3eb.js:0
[ 7079802ms] [ERROR] Failed to load resource: net::ERR_CONNECTION_CLOSED @ https://tcb.cloud.tencent.com/dev-platform/1.18.1/assets/preview-data.63f25af6.js:0
[ 7079802ms] [ERROR] Failed to load resource: net::ERR_CONNECTION_CLOSED @ https://tcb.cloud.tencent.com/dev-platform/1.18.1/assets/adapter.cbbade66.js:0
[ 7079802ms] [ERROR] Failed to load resource: net::ERR_CONNECTION_RESET @ https://tcb.cloud.tencent.com/dev-platform/1.18.1/assets/index.20f715f4.js:0
[ 7079803ms] [ERROR] Failed to load resource: net::ERR_SOCKET_NOT_CONNECTED @ https://tcb.cloud.tencent.com/dev-platform/1.18.1/assets/index.f008e2a6.js:0
[ 7079803ms] [ERROR] Failed to load resource: net::ERR_SOCKET_NOT_CONNECTED @ https://tcb.cloud.tencent.com/dev-platform/1.18.1/assets/ds-adapter.194a4da3.js:0
[ 7079803ms] [ERROR] Failed to load resource: net::ERR_CONNECTION_CLOSED @ https://tcb.cloud.tencent.com/dev-platform/1.18.1/assets/utils.d0818435.js:0
[ 7079803ms] [ERROR] Failed to load resource: net::ERR_CONNECTION_RESET @ https://tcb.cloud.tencent.com/dev-platform/1.18.1/assets/index.80c8fcb5.js:0
[ 7079803ms] [ERROR] Failed to load resource: net::ERR_SOCKET_NOT_CONNECTED @ https://tcb.cloud.tencent.com/dev-platform/1.18.1/assets/index.773acf04.js:0
[ 7079803ms] [ERROR] Failed to load resource: net::ERR_CONNECTION_RESET @ https://tcb.cloud.tencent.com/dev-platform/1.18.1/assets/index.338803f7.js:0
[ 7079803ms] [ERROR] Failed to load resource: net::ERR_CONNECTION_CLOSED @ https://rumt-zh.com/collect?from=https%3A%2F%2Ftcb.cloud.tencent.com%2Fdev%3FenvId%3Dportfolio-site-v1-d1duqacaea7e51%23%2Fdb%2Fdoc%2Fcollection%2F&sampled=1&id=0GVQESz2JVkP10XQ7X&uin=100048431065&version=1.18.1&aid=a95a81b8-471c-45ee-8817-74e2f7d750bb&env=production&platform=3&netType=3&vp=1707%20*%20932&sr=1707%20*%201067&sessionId=e5600a623801463b8aa2cbd2ae20222a&referer=https%3A%2F%2Ftcb.cloud.tencent.com%2Fdev%3FenvId%3Dportfolio-site-v1-d1duqacaea7e51:0
[ 7081815ms] [ERROR] Failed to load resource: net::ERR_PROXY_CONNECTION_FAILED @ https://tcb.cloud.tencent.com/dev-platform/1.18.1/assets/omit.c42ba5b1.js:0
[ 7081815ms] [ERROR] Failed to load resource: net::ERR_PROXY_CONNECTION_FAILED @ https://tcb.cloud.tencent.com/dev-platform/1.18.1/assets/module.b91c3152.js:0
[ 7081815ms] [ERROR] Failed to load resource: net::ERR_PROXY_CONNECTION_FAILED @ https://tcb.cloud.tencent.com/dev-platform/1.18.1/assets/redux.77dc388f.js:0
[ 7081815ms] [ERROR] Failed to load resource: net::ERR_PROXY_CONNECTION_FAILED @ https://tcb.cloud.tencent.com/dev-platform/1.18.1/assets/tiki.519692c8.js:0
[ 7081815ms] [ERROR] Failed to load resource: net::ERR_PROXY_CONNECTION_FAILED @ https://tcb.cloud.tencent.com/dev-platform/1.18.1/assets/raf-schd.esm.b8ee7308.js:0
[ 7081845ms] [ERROR] Failed to load resource: net::ERR_PROXY_CONNECTION_FAILED @ https://tcb.cloud.tencent.com/dev-platform/1.18.1/assets/index.683e84fa.js:0
[ 7083869ms] [ERROR] Failed to load resource: net::ERR_PROXY_CONNECTION_FAILED @ https://tcb.cloud.tencent.com/dev-platform/1.18.1/assets/index.af2c7b2b.js:0
[ 7083869ms] [ERROR] Failed to load resource: net::ERR_PROXY_CONNECTION_FAILED @ https://tcb.cloud.tencent.com/dev-platform/1.18.1/assets/util.f067c134.js:0
[ 7083869ms] [ERROR] Failed to load resource: net::ERR_PROXY_CONNECTION_FAILED @ https://tcb.cloud.tencent.com/dev-platform/1.18.1/assets/depsEqual.6abc6dc8.js:0
[ 7083869ms] [ERROR] Failed to load resource: net::ERR_PROXY_CONNECTION_FAILED @ https://tcb.cloud.tencent.com/dev-platform/1.18.1/assets/main.ae7441d6.js:0
[ 7083869ms] [ERROR] Failed to load resource: net::ERR_PROXY_CONNECTION_FAILED @ https://tcb.cloud.tencent.com/dev-platform/1.18.1/assets/index.16f4a05f.js:0
[ 7083882ms] [ERROR] Failed to load resource: net::ERR_PROXY_CONNECTION_FAILED @ https://tcb.cloud.tencent.com/dev-platform/1.18.1/assets/index.88959e62.js:0
[ 7085923ms] [ERROR] Failed to load resource: net::ERR_PROXY_CONNECTION_FAILED @ https://tcb.cloud.tencent.com/dev-platform/1.18.1/assets/useCam.5dbc8a2c.js:0
[ 7085923ms] [ERROR] Failed to load resource: net::ERR_PROXY_CONNECTION_FAILED @ https://tcb.cloud.tencent.com/dev-platform/1.18.1/assets/useSequentialDeps.e2746f17.js:0
[ 7085923ms] [ERROR] Failed to load resource: net::ERR_PROXY_CONNECTION_FAILED @ https://tcb.cloud.tencent.com/dev-platform/1.18.1/assets/instance-db-selector.c863dee1.js:0
[ 7085923ms] [ERROR] Failed to load resource: net::ERR_PROXY_CONNECTION_FAILED @ https://tcb.cloud.tencent.com/dev-platform/1.18.1/assets/api.291fa214.js:0
[ 7085924ms] [ERROR] Failed to load resource: net::ERR_PROXY_CONNECTION_FAILED @ https://tcb.cloud.tencent.com/dev-platform/1.18.1/assets/helper.f5984b10.js:0
[ 7085938ms] [ERROR] Failed to load resource: net::ERR_PROXY_CONNECTION_FAILED @ https://tcb.cloud.tencent.com/dev-platform/1.18.1/assets/page-db-doc-collection-index.936e1978.js:0
[ 7087946ms] [ERROR] Failed to load resource: net::ERR_PROXY_CONNECTION_FAILED @ https://tcb.cloud.tencent.com/dev-platform/1.18.1/assets/docDbModule.4951c70b.js:0
[ 7087946ms] [ERROR] Failed to load resource: net::ERR_PROXY_CONNECTION_FAILED @ https://tcb.cloud.tencent.com/dev-platform/1.18.1/assets/index.10512991.js:0
[ 7087946ms] [ERROR] Failed to load resource: net::ERR_PROXY_CONNECTION_FAILED @ https://tcb.cloud.tencent.com/dev-platform/1.18.1/assets/subHours.16d569fe.js:0
[ 7087946ms] [ERROR] Failed to load resource: net::ERR_PROXY_CONNECTION_FAILED @ https://tcb.cloud.tencent.com/dev-platform/1.18.1/assets/index.0af3cd2c.js:0
[ 7087961ms] [ERROR] Failed to load resource: net::ERR_PROXY_CONNECTION_FAILED @ https://tcb.cloud.tencent.com/dev-platform/1.18.1/assets/index.c2f95d2a.js:0
[ 7087962ms] [ERROR] Failed to load resource: net::ERR_PROXY_CONNECTION_FAILED @ https://tcb.cloud.tencent.com/dev-platform/1.18.1/assets/_Uint8Array.92704bdc.js:0
[ 7089977ms] [ERROR] Failed to load resource: net::ERR_PROXY_CONNECTION_FAILED @ https://tcb.cloud.tencent.com/dev-platform/1.18.1/assets/isEmpty.24a36d48.js:0
[ 7089977ms] [ERROR] Failed to load resource: net::ERR_PROXY_CONNECTION_FAILED @ https://tcb.cloud.tencent.com/dev-platform/1.18.1/assets/index.2b4c5b01.js:0
[ 7089977ms] [ERROR] Failed to load resource: net::ERR_PROXY_CONNECTION_FAILED @ https://tcb.cloud.tencent.com/dev-platform/1.18.1/assets/one-light.978823c6.js:0
[ 7089977ms] [ERROR] Failed to load resource: net::ERR_PROXY_CONNECTION_FAILED @ https://tcb.cloud.tencent.com/dev-platform/1.18.1/assets/last.6ce92b3f.js:0
[ 7089992ms] [ERROR] Failed to load resource: net::ERR_PROXY_CONNECTION_FAILED @ https://tcb.cloud.tencent.com/dev-platform/1.18.1/assets/index.0d8789ee.js:0
[ 7089993ms] [ERROR] Failed to load resource: net::ERR_PROXY_CONNECTION_FAILED @ https://tcb.cloud.tencent.com/dev-platform/1.18.1/assets/mapKeys.575f9190.js:0
[ 7092018ms] [ERROR] Failed to load resource: net::ERR_PROXY_CONNECTION_FAILED @ https://tcb.cloud.tencent.com/dev-platform/1.18.1/assets/flexdb.3b080964.js:0
[ 7092018ms] [ERROR] Failed to load resource: net::ERR_PROXY_CONNECTION_FAILED @ https://tcb.cloud.tencent.com/dev-platform/1.18.1/assets/index.32e125cd.js:0
[ 7092018ms] [ERROR] Failed to load resource: net::ERR_PROXY_CONNECTION_FAILED @ https://tcb.cloud.tencent.com/dev-platform/1.18.1/assets/adapter.c05c7d93.js:0
[ 7092018ms] [ERROR] Failed to load resource: net::ERR_PROXY_CONNECTION_FAILED @ https://tcb.cloud.tencent.com/dev-platform/1.18.1/assets/cloud-admin.e5c79557.js:0
[ 7092032ms] [ERROR] Failed to load resource: net::ERR_PROXY_CONNECTION_FAILED @ https://tcb.cloud.tencent.com/dev-platform/1.18.1/assets/utils.8553e00c.js:0
[ 7092033ms] [ERROR] Failed to load resource: net::ERR_PROXY_CONNECTION_FAILED @ https://tcb.cloud.tencent.com/dev-platform/1.18.1/assets/system-role.39d1c22a.js:0
[ 7094044ms] [ERROR] Failed to load resource: net::ERR_PROXY_CONNECTION_FAILED @ https://tcb.cloud.tencent.com/dev-platform/1.18.1/assets/model.e452102c.js:0
