[    1343ms] [WARNING] document.domain mutation is ignored because the surrounding agent cluster is origin-keyed. @ https://console.cloud.tencent.com/tcb/env/index?rid=4:50
[    2557ms] [ERROR] Failed to load resource: net::ERR_CONNECTION_CLOSED @ https://sensors.cloud.tencent.com:8106/sa.gif?project=default&token=schemaLimited-zEb9s3Rz:0
[    5836ms] [ERROR] Failed to load resource: net::ERR_CONNECTION_CLOSED @ https://cloudcache.tencentcs.com/qccomponent/_cloudcache_tencentcs_com_idc.js:0
[    5929ms] [ERROR] Failed to load resource: net::ERR_CONNECTION_CLOSED @ https://main.qcloudimg.com/scripts/qccomponents/nav-product-tree.json:0
[    6377ms] [ERROR] Failed to load resource: net::ERR_CONNECTION_CLOSED @ https://helix.cloud.tencent.com/web-sdk.js:0
[    6691ms] [ERROR] Parameter [submitPage] is not valid {Name: undefined, DomainName: https://console.cloud.tencent.com, Path: undefined, BelongProductId: 2198, Report: https://console.cloud.tencent.com/tcb/env/index} @ https://cloudcache.tencent-cloud.com/qcloud/app/qcconsole_web/insight/insight-client.ae58d4552.js:0
[    7006ms] [WARNING] Retrying %d (classic): %s 1 https://cloudcache.tencent-cloud.com/web-sdk.js @ https://console.cloud.tencent.com/tcb/env/index?rid=4:1023
[    7055ms] [ERROR] Failed to load resource: net::ERR_CONNECTION_CLOSED @ https://main.qcloudimg.com/scripts/qccomponents/nav-product-tree.json:0
[    7574ms] [WARNING] Deprecation warning: value provided is not in a recognized RFC2822 or ISO format. moment construction falls back to js Date(), which is not reliable across all browsers and versions. Non RFC2822/ISO date formats are discouraged and will be removed in an upcoming major release. Please refer to http://momentjs.com/guides/#/warnings/js-date/ for more info.
Arguments: 
[0] _isAMomentObject: true, _isUTC: false, _useUTC: false, _l: undefined, _i: 2022/8/8, _f: undefined, _strict: undefined, _locale: [object Object]
Error
    at c.createFromInputFallback (https://cloudcache.tencent-cloud.com/qcloud/vendors/moment/moment-2.24.0.js:4:3368)
    at Ot (https://cloudcache.tencent-cloud.com/qcloud/vendors/moment/moment-2.24.0.js:4:21539)
    at Tt (https://cloudcache.tencent-cloud.com/qcloud/vendors/moment/moment-2.24.0.js:4:22250)
    at bt (https://cloudcache.tencent-cloud.com/qcloud/vendors/moment/moment-2.24.0.js:4:22332)
    at c (https://cloudcache.tencent-cloud.com/qcloud/vendors/moment/moment-2.24.0.js:4:209)
    at Module.<anonymous> (https://cloudcache.tencent-cloud.com/qcloud/tea/app/tcb.zh.5d5ae7dc8c.js?max_age=31536000:1:6939551)
    at o (https://cloudcache.tencent-cloud.com/qcloud/tea/app/tcb.zh.5d5ae7dc8c.js?max_age=31536000:1:361)
    at https://cloudcache.tencent-cloud.com/qcloud/tea/app/tcb.zh.5d5ae7dc8c.js?max_age=31536000:1:1504
    at https://cloudcache.tencent-cloud.com/qcloud/tea/app/tcb.zh.5d5ae7dc8c.js?max_age=31536000:1:1516 @ https://cloudcache.tencent-cloud.com/qcloud/vendors/moment/moment-2.24.0.js:3
[    7924ms] [WARNING] [deprecate] API（changeNavStatus）即将下线，请勿继续使用 @ https://cloudcache.tencent-cloud.com/qcloud/app/qcconsole_web/dest/platform.b2f86b2be9.js:0
[    7925ms] [WARNING] [deprecate] API pageManager.changeNavStatus 即将下线，请勿继续使用 @ https://cloudcache.tencent-cloud.com/qcloud/app/qcconsole_web/dest/platform.b2f86b2be9.js:0
[    8327ms] [ERROR] Failed to load resource: net::ERR_CONNECTION_CLOSED @ https://qcloud-tcb-console-1258344699.ap-shanghai.service.tcloudbase.com/api/v1.0/tcb-js-sdk-version:0
[    8411ms] [ERROR] Failed to load resource: the server responded with a status of 404 () @ https://cloudcache.tencent-cloud.com/web-sdk.js:0
[    8675ms] [ERROR] Failed to load resource: net::ERR_CONNECTION_CLOSED @ https://sensors.cloud.tencent.com:8106/sa.gif?project=default&token=schemaLimited-zEb9s3Rz:0
[    8714ms] [ERROR] Failed to load resource: net::ERR_CONNECTION_CLOSED @ https://main.qcloudimg.com/qcloud/main/scripts/release/common/tag.publish.json?random=0.3165762661410205:0
[    8716ms] [ERROR] TypeError: Failed to fetch
    at https://cloudcache.tencent-cloud.com/qcloud/app/qcconsole_web/insight/insight-client.ae58d4552.js:1:56623
    at https://cloudcache.tencent-cloud.com/qcloud/app/qcconsole_web/insight/insight-client.ae58d4552.js:1:24944
    at new Promise (<anonymous>)
    at new e (https://cloudcache.tencent-cloud.com/qcloud/app/qcconsole_web/insight/insight-client.ae58d4552.js:1:24917)
    at https://cloudcache.tencent-cloud.com/qcloud/app/qcconsole_web/insight/insight-client.ae58d4552.js:1:56597
    at window.fetch (https://cloudcache.tencent-cloud.com/qcloud/tea/sdk/ban.zh.b82594aab1.js?max_age=31536000:1:2266994)
    at window.fetch.window.fetch (https://cloudcache.tencent-cloud.com/qcloud/tea/app/tcb.zh.5d5ae7dc8c.js?max_age=31536000:1:3897325)
    at https://cloudcache.tencent-cloud.com/qcloud/tea/sdk/ai-assistant.zh.1e42f61afa.js?max_age=31536000:1:3306652
    at https://cloudcache.tencent-cloud.com/qcloud/tea/sdk/ai-assistant.zh.1e42f61afa.js?max_age=31536000:1:3305838
    at Object.next (https://cloudcache.tencent-cloud.com/qcloud/tea/sdk/ai-assistant.zh.1e42f61afa.js?max_age=31536000:1:3305943)
    at https://cloudcache.tencent-cloud.com/qcloud/tea/sdk/ai-assistant.zh.1e42f61afa.js?max_age=31536000:1:3304785
    at https://cloudcache.tencent-cloud.com/qcloud/app/qcconsole_web/insight/insight-client.ae58d4552.js:1:24944
    at new Promise (<anonymous>)
    at new e (https://cloudcache.tencent-cloud.com/qcloud/app/qcconsole_web/insight/insight-client.ae58d4552.js:1:24917)
    at pg (https://cloudcache.tencent-cloud.com/qcloud/tea/sdk/ai-assistant.zh.1e42f61afa.js?max_age=31536000:1:3304522)
    at hg (https://cloudcache.tencent-cloud.com/qcloud/tea/sdk/ai-assistant.zh.1e42f61afa.js?max_age=31536000:1:3306546)
    at Object.<anonymous> (https://cloudcache.tencent-cloud.com/qcloud/tea/sdk/ai-assistant.zh.1e42f61afa.js?max_age=31536000:1:3306210)
    at https://cloudcache.tencent-cloud.com/qcloud/tea/sdk/ai-assistant.zh.1e42f61afa.js?max_age=31536000:1:3305838
    at Object.next (https://cloudcache.tencent-cloud.com/qcloud/tea/sdk/ai-assistant.zh.1e42f61afa.js?max_age=31536000:1:3305943)
    at https://cloudcache.tencent-cloud.com/qcloud/tea/sdk/ai-assistant.zh.1e42f61afa.js?max_age=31536000:1:3304785
    at https://cloudcache.tencent-cloud.com/qcloud/app/qcconsole_web/insight/insight-client.ae58d4552.js:1:24944
    at new Promise (<anonymous>)
    at new e (https://cloudcache.tencent-cloud.com/qcloud/app/qcconsole_web/insight/insight-client.ae58d4552.js:1:24917)
    at pg (https://cloudcache.tencent-cloud.com/qcloud/tea/sdk/ai-assistant.zh.1e42f61afa.js?max_age=31536000:1:3304522)
    at Object.load (https://cloudcache.tencent-cloud.com/qcloud/tea/sdk/ai-assistant.zh.1e42f61afa.js?max_age=31536000:1:3306081)
    at Object.init (https://cloudcache.tencent-cloud.com/qcloud/tea/sdk/ai-assistant.zh.1e42f61afa.js?max_age=31536000:1:6174173)
    at https://cloudcache.tencent-cloud.com/qcloud/tea/sdk/menus.zh.c961e00b62.js?max_age=31536000:1:4511390
    at https://cloudcache.tencent-cloud.com/qcloud/tea/sdk/menus.zh.c961e00b62.js?max_age=31536000:1:4510984
    at Object.next (https://cloudcache.tencent-cloud.com/qcloud/tea/sdk/menus.zh.c961e00b62.js?max_age=31536000:1:4511089)
    at a (https://cloudcache.tencent-cloud.com/qcloud/tea/sdk/menus.zh.c961e00b62.js?max_age=31536000:1:4509796) @ https://cloudcache.tencent-cloud.com/qcloud/app/qcconsole_web/insight/insight-client.ae58d4552.js:0
[    8822ms] [ERROR] Failed to load resource: net::ERR_CONNECTION_CLOSED @ https://qcloud-tcb-console-1258344699.ap-shanghai.service.tcloudbase.com/api/v1.0/fault-notice:0
[    8823ms] [ERROR] Failed to load resource: net::ERR_CONNECTION_CLOSED @ https://qcloud-tcb-console-1258344699.ap-shanghai.service.tcloudbase.com/api/v1.0/tcb-app-template?limit=1000&sort={%22order%22:1}:0
[    8824ms] [ERROR] Failed to load resource: net::ERR_CONNECTION_CLOSED @ https://qcloud-tcb-console-1258344699.ap-shanghai.service.tcloudbase.com/api/v1.0/news:0
[    8824ms] [ERROR] Failed to load resource: net::ERR_CONNECTION_CLOSED @ https://qcloud-tcb-console-1258344699.ap-shanghai.service.tcloudbase.com/api/v1.0/tcb-js-sdk-version:0
[    8831ms] [ERROR] uncaught at e Error: Minified Redux error #14; visit https://redux.js.org/Errors?code=14 for the full message or use the non-minified dev environment for full errors. 
    at https://cloudcache.tencent-cloud.com/qcloud/tea/app/tcb.zh.5d5ae7dc8c.js?max_age=31536000:1:1290691
    at https://cloudcache.tencent-cloud.com/qcloud/tea/app/tcb.zh.5d5ae7dc8c.js?max_age=31536000:1:1290653
    at v (https://cloudcache.tencent-cloud.com/qcloud/tea/app/tcb.zh.5d5ae7dc8c.js?max_age=31536000:1:1289729)
    at https://cloudcache.tencent-cloud.com/qcloud/tea/app/tcb.zh.5d5ae7dc8c.js?max_age=31536000:1:187594
    at dispatch (https://cloudcache.tencent-cloud.com/qcloud/tea/app/tcb.zh.5d5ae7dc8c.js?max_age=31536000:1:1291503)
    at https://cloudcache.tencent-cloud.com/qcloud/tea/app/tcb.zh.5d5ae7dc8c.js?max_age=31536000:1:199534
    at https://cloudcache.tencent-cloud.com/qcloud/tea/app/tcb.zh.5d5ae7dc8c.js?max_age=31536000:1:182969
    at i (https://cloudcache.tencent-cloud.com/qcloud/tea/app/tcb.zh.5d5ae7dc8c.js?max_age=31536000:1:2502999)
    at u (https://cloudcache.tencent-cloud.com/qcloud/tea/app/tcb.zh.5d5ae7dc8c.js?max_age=31536000:1:2503149)
    at a (https://cloudcache.tencent-cloud.com/qcloud/tea/app/tcb.zh.5d5ae7dc8c.js?max_age=31536000:1:2503048)
    at H (https://cloudcache.tencent-cloud.com/qcloud/tea/app/tcb.zh.5d5ae7dc8c.js?max_age=31536000:1:182926)
    at B (https://cloudcache.tencent-cloud.com/qcloud/tea/app/tcb.zh.5d5ae7dc8c.js?max_age=31536000:1:182113)
    at L (https://cloudcache.tencent-cloud.com/qcloud/tea/app/tcb.zh.5d5ae7dc8c.js?max_age=31536000:1:181000)
    at Object.c [as cont] (https://cloudcache.tencent-cloud.com/qcloud/tea/app/tcb.zh.5d5ae7dc8c.js?max_age=31536000:1:181804)
    at F (https://cloudcache.tencent-cloud.com/qcloud/tea/app/tcb.zh.5d5ae7dc8c.js?max_age=31536000:1:181446)
    at e.cont (https://cloudcache.tencent-cloud.com/qcloud/tea/app/tcb.zh.5d5ae7dc8c.js?max_age=31536000:1:179198)
    at L (https://cloudcache.tencent-cloud.com/qcloud/tea/app/tcb.zh.5d5ae7dc8c.js?max_age=31536000:1:180985)
    at c (https://cloudcache.tencent-cloud.com/qcloud/tea/app/tcb.zh.5d5ae7dc8c.js?max_age=31536000:1:181804) @ https://cloudcache.tencent-cloud.com/qcloud/app/qcconsole_web/insight/insight-client.ae58d4552.js:0
[    8839ms] [ERROR] Failed to load resource: net::ERR_CONNECTION_CLOSED @ https://cloudcache.tencentcs.com/web-sdk.js:0
[    9122ms] [WARNING] document.domain mutation is ignored because the surrounding agent cluster is origin-keyed. @ https://cloud.tencent.com/act/resource/opc-ads?p=https%3A%2F%2Fconsole.cloud.tencent.com%2Ftcb%2Fenv%2Findex%3Frid%3D4&dd=100048431065&pd=10001&tm=light&cs=:2
[    9220ms] [ERROR] Failed to load resource: the server responded with a status of 404 () @ https://cloudcache.tencent-cloud.cn/web-sdk.js:0
[    9250ms] [WARNING] document.domain mutation is ignored because the surrounding agent cluster is origin-keyed. @ https://slscache.tencent-cloud.cn/qcact-ssr/1azSIPRi4JLt7YjU9nP5q/_next/static/chunks/pages/resource-a477a56e92a15f6d5357.js:0
[    9253ms] [LOG] 956c6c82397a4a0faafea6c6f37f20d3 xxxxxx @ https://cloudcache.tencent-cloud.com/qcloud/public/opc-sdk/opcsdk.90f10788e0.js:1
[    9912ms] [ERROR] Failed to load resource: the server responded with a status of 404 () @ https://cloudcache.tencentcs.cn/web-sdk.js:0
[    9917ms] [WARNING] Retrying %d (classic): %s 2 https://cloudcache.tencent-cloud.com/web-sdk.js @ https://console.cloud.tencent.com/tcb/env/index?rid=4:1006
[   10430ms] [ERROR] Failed to load resource: net::ERR_CONNECTION_CLOSED @ https://sensors.cloud.tencent.com:8106/sa.gif?project=default&token=schemaLimited-zEb9s3Rz:0
[   10869ms] [ERROR] Failed to load resource: net::ERR_CONNECTION_CLOSED @ https://cloudcache.tencentcs.com/web-sdk.js:0
[   10870ms] [WARNING] Retrying %d (classic): %s 3 https://cloudcache.tencentcs.com/web-sdk.js @ https://console.cloud.tencent.com/tcb/env/index?rid=4:1006
[   11401ms] [ERROR] Failed to load resource: the server responded with a status of 404 () @ https://cloudcache.tencent-cloud.cn/web-sdk.js:0
[   11402ms] [WARNING] Retrying %d (classic): %s 4 https://cloudcache.tencent-cloud.com/web-sdk.js @ https://console.cloud.tencent.com/tcb/env/index?rid=4:1023
[   11921ms] [WARNING] Retrying %d (classic): %s 5 https://cloudcache.tencent-cloud.com/web-sdk.js @ https://console.cloud.tencent.com/tcb/env/index?rid=4:1023
[   12442ms] [ERROR] Failed to load resource: the server responded with a status of 404 () @ https://cloudcache.tencent-cloud.com/web-sdk.js:0
[   12443ms] [WARNING] Retrying %d (xhr): %s 6 https://cloudcache.tencent-cloud.com/web-sdk.js @ https://console.cloud.tencent.com/tcb/env/index?rid=4:1039
[   12938ms] [ERROR] Failed to load resource: net::ERR_CONNECTION_CLOSED @ https://sensors.cloud.tencent.com:8106/sa.gif?project=default&token=schemaLimited-zEb9s3Rz:0
[   13473ms] [ERROR] Failed to load resource: the server responded with a status of 404 () @ https://cloudcache.tencent-cloud.com/web-sdk.js?r=0.8004381904794939:0
[   18300ms] [ERROR] Failed to load resource: net::ERR_CONNECTION_CLOSED @ https://ping.cloud.tencent.com/trafficCollect.php?uin=100048431065&ul=https%3A%2F%2Fconsole.cloud.tencent.com%2Ftcb%2Fenv&referer=&fromSource=qcloud.directEnter.login&visitId=9ef819f9c814ce53d099ec8282d2cc8d&landingpage=&language=zh&lastLoginType=&_ga=&pageTitle=%E8%85%BE%E8%AE%AF%E4%BA%91%20-%20%E6%8E%A7%E5%88%B6%E5%8F%B0&type=OfficialNetworkTraffic&expKey=browse&expValue=https%3A%2F%2Fconsole.cloud.tencent.com%2Ftcb%2Fenv%2Findex%3Frid%3D4&url=https%3A%2F%2Fconsole.cloud.tencent.com%2Ftcb%2Fenv&t=1777205006238:0
[  105234ms] [ERROR] Failed to load resource: net::ERR_CONNECTION_CLOSED @ https://sensors.cloud.tencent.com:8106/sa.gif?project=default&token=schemaLimited-zEb9s3Rz:0
[  106649ms] [WARNING] A parser-blocking, cross site (i.e. different eTLD+1) script, https://cloudcache.tencent-cloud.com/open/qcloud/js/version/201408/jquery.201408191328.js?t=20140821&max_age=31536000, is invoked via document.write. The network request for this script MAY be blocked by the browser in this or a future page load due to poor network connectivity. If blocked in this page load, it will be confirmed in a subsequent console message. See https://www.chromestatus.com/feature/5718547946799104 for more details. @ https://buy.cloud.tencent.com/lowcode?buyType=tcb:1460
[  106649ms] [WARNING] A parser-blocking, cross site (i.e. different eTLD+1) script, https://cloudcache.tencent-cloud.com/open/qcloud/js/version/201408/jquery.201408191328.js?t=20140821&max_age=31536000, is invoked via document.write. The network request for this script MAY be blocked by the browser in this or a future page load due to poor network connectivity. If blocked in this page load, it will be confirmed in a subsequent console message. See https://www.chromestatus.com/feature/5718547946799104 for more details. @ https://buy.cloud.tencent.com/lowcode?buyType=tcb:1460
[  107229ms] [ERROR] Failed to load resource: net::ERR_CONNECTION_CLOSED @ https://helix.cloud.tencent.com/web-sdk.js:0
[  107267ms] [ERROR] Failed to load resource: net::ERR_CONNECTION_CLOSED @ https://rumt-zh.com/collect/whitelist?id=nGLOZiKDeLo71dDead&uin=100048431065&version=1.43.57&aid=696bda3c-0e0b-4bcc-a005-f299f1c8d932&env=production&ext1=lowcode&platform=3&netType=4&vp=1036%20*%20906&sr=1707%20*%201067&sessionId=14ed5188a8694a22a77ff498860aa315&from=https%3A%2F%2Fbuy.cloud.tencent.com%2Flowcode%3FbuyType%3Dtcb&referer=https%3A%2F%2Fconsole.cloud.tencent.com%2Ftcb%2Fenv%2Findex%3Frid%3D4:0
[  107324ms] [ERROR] Failed to load resource: net::ERR_CONNECTION_CLOSED @ https://rumt-zh.com/rateConfig?id=nGLOZiKDeLo71dDead&uin=100048431065&version=1.43.57&aid=696bda3c-0e0b-4bcc-a005-f299f1c8d932&env=production&ext1=lowcode&platform=3&netType=4&vp=1036%20*%20906&sr=1707%20*%201067&sessionId=14ed5188a8694a22a77ff498860aa315&from=https%3A%2F%2Fbuy.cloud.tencent.com%2Flowcode%3FbuyType%3Dtcb&referer=https%3A%2F%2Fconsole.cloud.tencent.com%2Ftcb%2Fenv%2Findex%3Frid%3D4:0
[  107725ms] [ERROR] Failed to load resource: net::ERR_CONNECTION_CLOSED @ https://ping.cloud.tencent.com/trafficCollect.php?expKey=browse&expValue=https%3A%2F%2Fbuy.cloud.tencent.com%2Flowcode%3FbuyType%3Dtcb&uin=100048431065&ul=https%3A%2F%2Fbuy.cloud.tencent.com%2Flowcode%3FbuyType%3Dtcb&referer=https%3A%2F%2Fconsole.cloud.tencent.com%2Ftcb%2Fenv%2Findex%3Frid%3D4&fromSource=qcloud.directEnter.login&visitId=9ef819f9c814ce53d099ec8282d2cc8d&landingpage=https%3A%2F%2Fbuy.cloud.tencent.com%2Flowcode%3FbuyType%3Dtcb&language=zh&lastLoginType=&_ga=&pageTitle=%E4%BA%91%E5%BC%80%E5%8F%91%20CloudBase%E8%B4%AD%E4%B9%B0_%E4%BA%91%E5%BC%80%E5%8F%91%20CloudBase%E9%80%89%E8%B4%AD%20-%20%E8%85%BE%E8%AE%AF%E4%BA%91&from=&from_column=&type=OfficialNetworkTraffic&t=1777205105473:0
[  107970ms] [ERROR] Failed to load resource: net::ERR_CONNECTION_CLOSED @ https://rumt-zh.com/collect/pv?originFrom=https%3A%2F%2Fbuy.cloud.tencent.com%2Flowcode%3FbuyType%3Dtcb&id=nGLOZiKDeLo71dDead&uin=100048431065&version=1.43.57&aid=696bda3c-0e0b-4bcc-a005-f299f1c8d932&env=production&ext1=lowcode&platform=3&netType=4&vp=1036%20*%20906&sr=1707%20*%201067&sessionId=14ed5188a8694a22a77ff498860aa315&from=https%3A%2F%2Fbuy.cloud.tencent.com%2Flowcode%3FbuyType%3Dtcb&referer=https%3A%2F%2Fconsole.cloud.tencent.com%2Ftcb%2Fenv%2Findex%3Frid%3D4:0
[  108366ms] [ERROR] Failed to load resource: net::ERR_CONNECTION_CLOSED @ https://rumt-zh.com/speed?from=https%3A%2F%2Fbuy.cloud.tencent.com%2Flowcode%3FbuyType%3Dtcb&id=nGLOZiKDeLo71dDead&uin=100048431065&version=1.43.57&aid=696bda3c-0e0b-4bcc-a005-f299f1c8d932&env=production&ext1=lowcode&platform=3&netType=4&vp=1036%20*%20906&sr=1707%20*%201067&sessionId=14ed5188a8694a22a77ff498860aa315&referer=https%3A%2F%2Fconsole.cloud.tencent.com%2Ftcb%2Fenv%2Findex%3Frid%3D4:0
[  108524ms] [ERROR] Failed to load resource: net::ERR_CONNECTION_CLOSED @ https://main.qcloudimg.com/image/product/547/16_16/gray.svg:0
[  108526ms] [ERROR] Failed to load resource: net::ERR_CONNECTION_CLOSED @ https://main.qcloudimg.com/image/product/500/16_16/gray.svg:0
[  108548ms] [ERROR] Failed to load resource: net::ERR_CONNECTION_CLOSED @ https://main.qcloudimg.com/image/product/2980/16_16/gray.svg:0
[  108679ms] [ERROR] Failed to load resource: net::ERR_CONNECTION_CLOSED @ https://sensors.cloud.tencent.com:8106/sa?project=default&token=schemaLimited-zEb9s3Rz:0
[  108712ms] [ERROR] Failed to load resource: net::ERR_CONNECTION_CLOSED @ https://main.qcloudimg.com/image/product/2478/16_16/gray.svg:0
[  108856ms] [ERROR] Failed to load resource: net::ERR_CONNECTION_CLOSED @ https://sensors.cloud.tencent.com:8106/sa?project=default&token=schemaLimited-zEb9s3Rz:0
[  108883ms] [ERROR] Failed to load resource: net::ERR_CONNECTION_CLOSED @ https://rumt-zh.com/collect/events?id=nGLOZiKDeLo71dDead&uin=100048431065&version=1.43.57&aid=696bda3c-0e0b-4bcc-a005-f299f1c8d932&env=production&ext1=lowcode&platform=3&netType=4&vp=1036%20*%20906&sr=1707%20*%201067&sessionId=14ed5188a8694a22a77ff498860aa315&from=https%3A%2F%2Fbuy.cloud.tencent.com%2Flowcode%3FbuyType%3Dtcb&referer=https%3A%2F%2Fconsole.cloud.tencent.com%2Ftcb%2Fenv%2Findex%3Frid%3D4:0
[  108907ms] [ERROR] Failed to load resource: net::ERR_CONNECTION_CLOSED @ https://main.qcloudimg.com/image/product/2387/16_16/gray.svg:0
[  108910ms] [ERROR] Failed to load resource: net::ERR_CONNECTION_CLOSED @ https://main.qcloudimg.com/image/product/501/16_16/gray.svg:0
[  108910ms] [ERROR] Failed to load resource: net::ERR_CONNECTION_CLOSED @ https://main.qcloudimg.com/image/product/2738/16_16/gray.svg:0
[  108927ms] [ERROR] Failed to load resource: net::ERR_CONNECTION_CLOSED @ https://main.qcloudimg.com/image/product/2678/16_16/gray.svg:0
[  109284ms] [ERROR] Failed to load resource: net::ERR_CONNECTION_CLOSED @ https://rumt-zh.com/collect?from=https%3A%2F%2Fbuy.cloud.tencent.com%2Flowcode%3FbuyType%3Dtcb&id=nGLOZiKDeLo71dDead&uin=100048431065&version=1.43.57&aid=696bda3c-0e0b-4bcc-a005-f299f1c8d932&env=production&ext1=lowcode&platform=3&netType=4&vp=1036%20*%20906&sr=1707%20*%201067&sessionId=14ed5188a8694a22a77ff498860aa315&referer=https%3A%2F%2Fconsole.cloud.tencent.com%2Ftcb%2Fenv%2Findex%3Frid%3D4:0
[  109287ms] [ERROR] Failed to load resource: net::ERR_CONNECTION_CLOSED @ https://main.qcloudimg.com/image/product/2681/16_16/gray.svg:0
[  109407ms] [ERROR] Failed to load resource: net::ERR_CONNECTION_CLOSED @ https://main.qcloudimg.com/image/product/2684/16_16/gray.svg:0
[  109459ms] [ERROR] Failed to load resource: net::ERR_CONNECTION_CLOSED @ https://rumt-zh.com/collect?from=https%3A%2F%2Fbuy.cloud.tencent.com%2Flowcode%3FbuyType%3Dtcb&id=nGLOZiKDeLo71dDead&uin=100048431065&version=1.43.57&aid=696bda3c-0e0b-4bcc-a005-f299f1c8d932&env=production&ext1=lowcode&platform=3&netType=4&vp=1036%20*%20906&sr=1707%20*%201067&sessionId=14ed5188a8694a22a77ff498860aa315&referer=https%3A%2F%2Fconsole.cloud.tencent.com%2Ftcb%2Fenv%2Findex%3Frid%3D4:0
[  109467ms] [ERROR] Failed to load resource: net::ERR_CONNECTION_CLOSED @ https://main.qcloudimg.com/image/product/2604/16_16/gray.svg:0
[  109467ms] [ERROR] Failed to load resource: net::ERR_CONNECTION_CLOSED @ https://main.qcloudimg.com/image/product/2605/16_16/gray.svg:0
[  109592ms] [ERROR] Failed to load resource: net::ERR_CONNECTION_CLOSED @ https://main.qcloudimg.com/image/product/2606/16_16/gray.svg:0
[  109654ms] [ERROR] Failed to load resource: net::ERR_CONNECTION_CLOSED @ https://main.qcloudimg.com/image/product/2607/16_16/gray.svg:0
[  109776ms] [ERROR] Failed to load resource: net::ERR_CONNECTION_CLOSED @ https://main.qcloudimg.com/image/product/2608/16_16/gray.svg:0
[  109871ms] [ERROR] Failed to load resource: net::ERR_CONNECTION_CLOSED @ https://main.qcloudimg.com/image/product/504/16_16/gray.svg:0
[  109872ms] [ERROR] Failed to load resource: net::ERR_CONNECTION_CLOSED @ https://main.qcloudimg.com/image/product/508/16_16/gray.svg:0
[  110205ms] [ERROR] Failed to load resource: net::ERR_CONNECTION_CLOSED @ https://main.qcloudimg.com/image/product/3035/16_16/gray.svg:0
[  110205ms] [ERROR] Failed to load resource: net::ERR_CONNECTION_CLOSED @ https://main.qcloudimg.com/image/product/509/16_16/gray.svg:0
[  110236ms] [ERROR] Failed to load resource: net::ERR_CONNECTION_CLOSED @ https://main.qcloudimg.com/image/product/2834/16_16/gray.svg:0
[  110367ms] [ERROR] Failed to load resource: net::ERR_CONNECTION_CLOSED @ https://main.qcloudimg.com/image/product/2471/16_16/gray.svg:0
[  110637ms] [ERROR] Failed to load resource: net::ERR_CONNECTION_CLOSED @ https://main.qcloudimg.com/image/product/518/16_16/gray.svg:0
[  110732ms] [ERROR] Failed to load resource: net::ERR_CONNECTION_CLOSED @ https://main.qcloudimg.com/image/product/516/16_16/gray.svg:0
[  110756ms] [ERROR] Failed to load resource: net::ERR_CONNECTION_CLOSED @ https://main.qcloudimg.com/image/product/517/16_16/gray.svg:0
[  110937ms] [ERROR] Failed to load resource: net::ERR_CONNECTION_CLOSED @ https://main.qcloudimg.com/image/product/513/16_16/gray.svg:0
[  110985ms] [ERROR] Failed to load resource: net::ERR_CONNECTION_CLOSED @ https://main.qcloudimg.com/image/product/520/16_16/gray.svg:0
[  110986ms] [ERROR] Failed to load resource: net::ERR_CONNECTION_CLOSED @ https://main.qcloudimg.com/image/product/3070/16_16/gray.svg:0
[  111104ms] [ERROR] Failed to load resource: net::ERR_CONNECTION_CLOSED @ https://main.qcloudimg.com/image/product/524/16_16/gray.svg:0
[  111128ms] [ERROR] Failed to load resource: net::ERR_CONNECTION_CLOSED @ https://main.qcloudimg.com/image/product/2406/16_16/gray.svg:0
[  111284ms] [ERROR] Failed to load resource: net::ERR_CONNECTION_CLOSED @ https://main.qcloudimg.com/image/product/543/16_16/gray.svg:0
[  111363ms] [ERROR] Failed to load resource: net::ERR_CONNECTION_CLOSED @ https://main.qcloudimg.com/image/product/542/16_16/gray.svg:0
[  111364ms] [ERROR] Failed to load resource: net::ERR_CONNECTION_CLOSED @ https://main.qcloudimg.com/image/product/506/16_16/gray.svg:0
[  111506ms] [ERROR] Failed to load resource: net::ERR_CONNECTION_CLOSED @ https://main.qcloudimg.com/image/product/529/16_16/gray.svg:0
[  111656ms] [ERROR] Failed to load resource: net::ERR_CONNECTION_CLOSED @ https://main.qcloudimg.com/image/product/531/16_16/gray.svg:0
[  111687ms] [ERROR] Failed to load resource: net::ERR_CONNECTION_CLOSED @ https://main.qcloudimg.com/image/product/3008/16_16/gray.svg:0
[  111733ms] [ERROR] Failed to load resource: net::ERR_CONNECTION_CLOSED @ https://main.qcloudimg.com/image/product/532/16_16/gray.svg:0
[  111735ms] [ERROR] Failed to load resource: net::ERR_CONNECTION_CLOSED @ https://main.qcloudimg.com/image/product/534/16_16/gray.svg:0
[  111885ms] [ERROR] Failed to load resource: net::ERR_CONNECTION_CLOSED @ https://main.qcloudimg.com/image/product/3012/16_16/gray.svg:0
[  111889ms] [ERROR] Failed to load resource: net::ERR_CONNECTION_CLOSED @ https://main.qcloudimg.com/image/product/538/16_16/gray.svg:0
[  112071ms] [ERROR] Failed to load resource: net::ERR_CONNECTION_CLOSED @ https://main.qcloudimg.com/image/product/536/16_16/gray.svg:0
[  112106ms] [ERROR] Failed to load resource: net::ERR_CONNECTION_CLOSED @ https://main.qcloudimg.com/image/product/2530/16_16/gray.svg:0
[  112252ms] [ERROR] Failed to load resource: net::ERR_CONNECTION_CLOSED @ https://main.qcloudimg.com/image/product/3039/16_16/gray.svg:0
[  112427ms] [ERROR] Failed to load resource: net::ERR_CONNECTION_CLOSED @ https://main.qcloudimg.com/image/product/548/16_16/gray.svg:0
[  112998ms] [ERROR] Failed to load resource: net::ERR_CONNECTION_CLOSED @ https://sensors.cloud.tencent.com:8106/sa?project=default&token=schemaLimited-zEb9s3Rz:0
[  114066ms] [WARNING] reducer not found @@redux/INITw.p.m.y.g.h @ https://cloudcache.tencent-cloud.com/qcloud/tea/sdk/tag.zh.9f84bc4b2a.js?max_age=3153600:0
[  114066ms] [WARNING] reducer not found @@redux/INITw.p.m.y.g.h @ https://cloudcache.tencent-cloud.com/qcloud/tea/sdk/tag.zh.9f84bc4b2a.js?max_age=3153600:0
[  114867ms] [WARNING] 错误 code=ResourceNotFound.EffectivePolicyNotFound,msg=effective policy not found("tag.DescribeEffectivePolicy") @ https://cloudcache.tencent-cloud.com/qcloud/buy/tcb_buy/dist/buy/index.8cc1713e429ae0b2f196.js:104
[  114868ms] [ERROR] {code: ResourceNotFound.EffectivePolicyNotFound, mccode: ResourceNotFound.EffectivePolicyNotFound, errObj: Object, msg: effective policy not found(tag[#ResourceNotFound.EffectivePolicyNotFound]), data: Object} @ https://buy.cloud.tencent.com/lowcode?buyType=tcb:1327
[  114870ms] [ERROR] {code: ResourceNotFound.EffectivePolicyNotFound, mccode: ResourceNotFound.EffectivePolicyNotFound, errObj: Object, msg: effective policy not found(tag[#ResourceNotFound.EffectivePolicyNotFound]), data: Object} @ https://buy.cloud.tencent.com/lowcode?buyType=tcb:1327
[  114883ms] [WARNING] 错误 code=ResourceNotFound.EffectivePolicyNotFound,msg=effective policy not found("tag.DescribeEffectivePolicy") @ https://cloudcache.tencent-cloud.com/qcloud/buy/tcb_buy/dist/buy/index.8cc1713e429ae0b2f196.js:104
[  114884ms] [ERROR] {code: ResourceNotFound.EffectivePolicyNotFound, mccode: ResourceNotFound.EffectivePolicyNotFound, errObj: Object, msg: effective policy not found(tag[#ResourceNotFound.EffectivePolicyNotFound]), data: Object} @ https://buy.cloud.tencent.com/lowcode?buyType=tcb:1327
[  114889ms] [ERROR] Failed to load resource: net::ERR_CONNECTION_CLOSED @ https://rumt-zh.com/collect?from=https%3A%2F%2Fbuy.cloud.tencent.com%2Flowcode%3FbuyType%3Dtcb&id=nGLOZiKDeLo71dDead&uin=100048431065&version=1.43.57&aid=696bda3c-0e0b-4bcc-a005-f299f1c8d932&env=production&ext1=lowcode&platform=3&netType=4&vp=1036%20*%20906&sr=1707%20*%201067&sessionId=14ed5188a8694a22a77ff498860aa315&referer=https%3A%2F%2Fconsole.cloud.tencent.com%2Ftcb%2Fenv%2Findex%3Frid%3D4:0
[  114891ms] [ERROR] Failed to load resource: net::ERR_CONNECTION_CLOSED @ https://rumt-zh.com/rateConfig?id=nGLOZiKDeLo71dDead&uin=100048431065&version=1.43.57&aid=696bda3c-0e0b-4bcc-a005-f299f1c8d932&env=production&ext1=lowcode&platform=3&netType=4&vp=1036%20*%20906&sr=1707%20*%201067&sessionId=14ed5188a8694a22a77ff498860aa315&from=https%3A%2F%2Fbuy.cloud.tencent.com%2Flowcode%3FbuyType%3Dtcb&referer=https%3A%2F%2Fconsole.cloud.tencent.com%2Ftcb%2Fenv%2Findex%3Frid%3D4:0
[  115064ms] [ERROR] Failed to load resource: net::ERR_CONNECTION_CLOSED @ https://rumt-zh.com/collect?from=https%3A%2F%2Fbuy.cloud.tencent.com%2Flowcode%3FbuyType%3Dtcb&id=nGLOZiKDeLo71dDead&uin=100048431065&version=1.43.57&aid=696bda3c-0e0b-4bcc-a005-f299f1c8d932&env=production&ext1=lowcode&platform=3&netType=4&vp=1036%20*%20906&sr=1707%20*%201067&sessionId=14ed5188a8694a22a77ff498860aa315&referer=https%3A%2F%2Fconsole.cloud.tencent.com%2Ftcb%2Fenv%2Findex%3Frid%3D4:0
[  115283ms] [ERROR] Failed to load resource: net::ERR_CONNECTION_CLOSED @ https://rumt-zh.com/speed?from=https%3A%2F%2Fbuy.cloud.tencent.com%2Flowcode%3FbuyType%3Dtcb&id=nGLOZiKDeLo71dDead&uin=100048431065&version=1.43.57&aid=696bda3c-0e0b-4bcc-a005-f299f1c8d932&env=production&ext1=lowcode&platform=3&netType=4&vp=1036%20*%20906&sr=1707%20*%201067&sessionId=14ed5188a8694a22a77ff498860aa315&referer=https%3A%2F%2Fconsole.cloud.tencent.com%2Ftcb%2Fenv%2Findex%3Frid%3D4:0
[  115284ms] [ERROR] Failed to load resource: net::ERR_CONNECTION_CLOSED @ https://rumt-zh.com/collect?from=https%3A%2F%2Fbuy.cloud.tencent.com%2Flowcode%3FbuyType%3Dtcb&id=nGLOZiKDeLo71dDead&uin=100048431065&version=1.43.57&aid=696bda3c-0e0b-4bcc-a005-f299f1c8d932&env=production&ext1=lowcode&platform=3&netType=4&vp=1036%20*%20906&sr=1707%20*%201067&sessionId=14ed5188a8694a22a77ff498860aa315&referer=https%3A%2F%2Fconsole.cloud.tencent.com%2Ftcb%2Fenv%2Findex%3Frid%3D4:0
[  115660ms] [ERROR] Failed to load resource: net::ERR_CONNECTION_CLOSED @ https://rumt-zh.com/collect/events?id=nGLOZiKDeLo71dDead&uin=100048431065&version=1.43.57&aid=696bda3c-0e0b-4bcc-a005-f299f1c8d932&env=production&ext1=lowcode&platform=3&netType=4&vp=1036%20*%20906&sr=1707%20*%201067&sessionId=14ed5188a8694a22a77ff498860aa315&from=https%3A%2F%2Fbuy.cloud.tencent.com%2Flowcode%3FbuyType%3Dtcb&referer=https%3A%2F%2Fconsole.cloud.tencent.com%2Ftcb%2Fenv%2Findex%3Frid%3D4:0
[  115661ms] [ERROR] Failed to load resource: net::ERR_CONNECTION_CLOSED @ https://rumt-zh.com/collect?from=https%3A%2F%2Fbuy.cloud.tencent.com%2Flowcode%3FbuyType%3Dtcb&id=nGLOZiKDeLo71dDead&uin=100048431065&version=1.43.57&aid=696bda3c-0e0b-4bcc-a005-f299f1c8d932&env=production&ext1=lowcode&platform=3&netType=4&vp=1036%20*%20906&sr=1707%20*%201067&sessionId=14ed5188a8694a22a77ff498860aa315&referer=https%3A%2F%2Fconsole.cloud.tencent.com%2Ftcb%2Fenv%2Findex%3Frid%3D4:0
[  115871ms] [ERROR] Failed to load resource: net::ERR_CONNECTION_CLOSED @ https://rumt-zh.com/collect?from=https%3A%2F%2Fbuy.cloud.tencent.com%2Flowcode%3FbuyType%3Dtcb&id=nGLOZiKDeLo71dDead&uin=100048431065&version=1.43.57&aid=696bda3c-0e0b-4bcc-a005-f299f1c8d932&env=production&ext1=lowcode&platform=3&netType=4&vp=1036%20*%20906&sr=1707%20*%201067&sessionId=14ed5188a8694a22a77ff498860aa315&referer=https%3A%2F%2Fconsole.cloud.tencent.com%2Ftcb%2Fenv%2Findex%3Frid%3D4:0
[  115876ms] [ERROR] Failed to load resource: net::ERR_CONNECTION_CLOSED @ https://rumt-zh.com/speed/performance?dnsLookup=0&tcp=0&ssl=0&ttfb=670&contentDownload=582&domParse=1193&resourceDownload=5687&firstScreenTiming=2913&from=https%3A%2F%2Fbuy.cloud.tencent.com%2Flowcode%3FbuyType%3Dtcb&id=nGLOZiKDeLo71dDead&uin=100048431065&version=1.43.57&aid=696bda3c-0e0b-4bcc-a005-f299f1c8d932&env=production&ext1=lowcode&platform=3&netType=4&vp=1036%20*%20906&sr=1707%20*%201067&sessionId=14ed5188a8694a22a77ff498860aa315&referer=https%3A%2F%2Fconsole.cloud.tencent.com%2Ftcb%2Fenv%2Findex%3Frid%3D4&:0
[  115877ms] [ERROR] Failed to load resource: net::ERR_CONNECTION_CLOSED @ https://rumt-zh.com/collect/events?id=nGLOZiKDeLo71dDead&uin=100048431065&version=1.43.57&aid=696bda3c-0e0b-4bcc-a005-f299f1c8d932&env=production&ext1=lowcode&platform=3&netType=4&vp=1036%20*%20906&sr=1707%20*%201067&sessionId=14ed5188a8694a22a77ff498860aa315&from=https%3A%2F%2Fbuy.cloud.tencent.com%2Flowcode%3FbuyType%3Dtcb&referer=https%3A%2F%2Fconsole.cloud.tencent.com%2Ftcb%2Fenv%2Findex%3Frid%3D4:0
[  115878ms] [ERROR] Failed to load resource: net::ERR_CONNECTION_CLOSED @ https://rumt-zh.com/collect/events?id=nGLOZiKDeLo71dDead&uin=100048431065&version=1.43.57&aid=696bda3c-0e0b-4bcc-a005-f299f1c8d932&env=production&ext1=lowcode&platform=3&netType=4&vp=1036%20*%20906&sr=1707%20*%201067&sessionId=14ed5188a8694a22a77ff498860aa315&from=https%3A%2F%2Fbuy.cloud.tencent.com%2Flowcode%3FbuyType%3Dtcb&referer=https%3A%2F%2Fconsole.cloud.tencent.com%2Ftcb%2Fenv%2Findex%3Frid%3D4:0
[  116051ms] [ERROR] Failed to load resource: net::ERR_CONNECTION_CLOSED @ https://rumt-zh.com/collect?from=https%3A%2F%2Fbuy.cloud.tencent.com%2Flowcode%3FbuyType%3Dtcb&id=nGLOZiKDeLo71dDead&uin=100048431065&version=1.43.57&aid=696bda3c-0e0b-4bcc-a005-f299f1c8d932&env=production&ext1=lowcode&platform=3&netType=4&vp=1036%20*%20906&sr=1707%20*%201067&sessionId=14ed5188a8694a22a77ff498860aa315&referer=https%3A%2F%2Fconsole.cloud.tencent.com%2Ftcb%2Fenv%2Findex%3Frid%3D4:0
[  116051ms] [ERROR] Failed to load resource: net::ERR_CONNECTION_CLOSED @ https://rumt-zh.com/speed?from=https%3A%2F%2Fbuy.cloud.tencent.com%2Flowcode%3FbuyType%3Dtcb&id=nGLOZiKDeLo71dDead&uin=100048431065&version=1.43.57&aid=696bda3c-0e0b-4bcc-a005-f299f1c8d932&env=production&ext1=lowcode&platform=3&netType=4&vp=1036%20*%20906&sr=1707%20*%201067&sessionId=14ed5188a8694a22a77ff498860aa315&referer=https%3A%2F%2Fconsole.cloud.tencent.com%2Ftcb%2Fenv%2Findex%3Frid%3D4:0
[  116260ms] [ERROR] Failed to load resource: net::ERR_CONNECTION_CLOSED @ https://rumt-zh.com/collect?from=https%3A%2F%2Fbuy.cloud.tencent.com%2Flowcode%3FbuyType%3Dtcb&id=nGLOZiKDeLo71dDead&uin=100048431065&version=1.43.57&aid=696bda3c-0e0b-4bcc-a005-f299f1c8d932&env=production&ext1=lowcode&platform=3&netType=4&vp=1036%20*%20906&sr=1707%20*%201067&sessionId=14ed5188a8694a22a77ff498860aa315&referer=https%3A%2F%2Fconsole.cloud.tencent.com%2Ftcb%2Fenv%2Findex%3Frid%3D4:0
[  116260ms] [ERROR] Failed to load resource: net::ERR_CONNECTION_CLOSED @ https://rumt-zh.com/collect/events?id=nGLOZiKDeLo71dDead&uin=100048431065&version=1.43.57&aid=696bda3c-0e0b-4bcc-a005-f299f1c8d932&env=production&ext1=lowcode&platform=3&netType=4&vp=1036%20*%20906&sr=1707%20*%201067&sessionId=14ed5188a8694a22a77ff498860aa315&from=https%3A%2F%2Fbuy.cloud.tencent.com%2Flowcode%3FbuyType%3Dtcb&referer=https%3A%2F%2Fconsole.cloud.tencent.com%2Ftcb%2Fenv%2Findex%3Frid%3D4:0
[  116580ms] [ERROR] Failed to load resource: net::ERR_CONNECTION_CLOSED @ https://rumt-zh.com/collect?from=https%3A%2F%2Fbuy.cloud.tencent.com%2Flowcode%3FbuyType%3Dtcb&id=nGLOZiKDeLo71dDead&uin=100048431065&version=1.43.57&aid=696bda3c-0e0b-4bcc-a005-f299f1c8d932&env=production&ext1=lowcode&platform=3&netType=4&vp=1036%20*%20906&sr=1707%20*%201067&sessionId=14ed5188a8694a22a77ff498860aa315&referer=https%3A%2F%2Fconsole.cloud.tencent.com%2Ftcb%2Fenv%2Findex%3Frid%3D4:0
[  117273ms] [ERROR] Failed to load resource: net::ERR_CONNECTION_CLOSED @ https://rumt-zh.com/collect/events?id=nGLOZiKDeLo71dDead&uin=100048431065&version=1.43.57&aid=696bda3c-0e0b-4bcc-a005-f299f1c8d932&env=production&ext1=lowcode&platform=3&netType=4&vp=1036%20*%20906&sr=1707%20*%201067&sessionId=14ed5188a8694a22a77ff498860aa315&from=https%3A%2F%2Fbuy.cloud.tencent.com%2Flowcode%3FbuyType%3Dtcb&referer=https%3A%2F%2Fconsole.cloud.tencent.com%2Ftcb%2Fenv%2Findex%3Frid%3D4:0
[  117636ms] [ERROR] Failed to load resource: net::ERR_CONNECTION_CLOSED @ https://rumt-zh.com/collect?from=https%3A%2F%2Fbuy.cloud.tencent.com%2Flowcode%3FbuyType%3Dtcb&id=nGLOZiKDeLo71dDead&uin=100048431065&version=1.43.57&aid=696bda3c-0e0b-4bcc-a005-f299f1c8d932&env=production&ext1=lowcode&platform=3&netType=4&vp=1036%20*%20906&sr=1707%20*%201067&sessionId=14ed5188a8694a22a77ff498860aa315&referer=https%3A%2F%2Fconsole.cloud.tencent.com%2Ftcb%2Fenv%2Findex%3Frid%3D4:0
[  117702ms] [ERROR] Failed to load resource: net::ERR_CONNECTION_CLOSED @ https://rumt-zh.com/speed?from=https%3A%2F%2Fbuy.cloud.tencent.com%2Flowcode%3FbuyType%3Dtcb&id=nGLOZiKDeLo71dDead&uin=100048431065&version=1.43.57&aid=696bda3c-0e0b-4bcc-a005-f299f1c8d932&env=production&ext1=lowcode&platform=3&netType=4&vp=1036%20*%20906&sr=1707%20*%201067&sessionId=14ed5188a8694a22a77ff498860aa315&referer=https%3A%2F%2Fconsole.cloud.tencent.com%2Ftcb%2Fenv%2Findex%3Frid%3D4:0
[  118066ms] [ERROR] Failed to load resource: net::ERR_CONNECTION_CLOSED @ https://rumt-zh.com/collect/events?id=nGLOZiKDeLo71dDead&uin=100048431065&version=1.43.57&aid=696bda3c-0e0b-4bcc-a005-f299f1c8d932&env=production&ext1=lowcode&platform=3&netType=4&vp=1036%20*%20906&sr=1707%20*%201067&sessionId=14ed5188a8694a22a77ff498860aa315&from=https%3A%2F%2Fbuy.cloud.tencent.com%2Flowcode%3FbuyType%3Dtcb&referer=https%3A%2F%2Fconsole.cloud.tencent.com%2Ftcb%2Fenv%2Findex%3Frid%3D4:0
[  118074ms] [ERROR] Failed to load resource: net::ERR_CONNECTION_CLOSED @ https://rumt-zh.com/collect?from=https%3A%2F%2Fbuy.cloud.tencent.com%2Flowcode%3FbuyType%3Dtcb&id=nGLOZiKDeLo71dDead&uin=100048431065&version=1.43.57&aid=696bda3c-0e0b-4bcc-a005-f299f1c8d932&env=production&ext1=lowcode&platform=3&netType=4&vp=1036%20*%20906&sr=1707%20*%201067&sessionId=14ed5188a8694a22a77ff498860aa315&referer=https%3A%2F%2Fconsole.cloud.tencent.com%2Ftcb%2Fenv%2Findex%3Frid%3D4:0
[  118879ms] [ERROR] Failed to load resource: net::ERR_CONNECTION_CLOSED @ https://rumt-zh.com/speed?from=https%3A%2F%2Fbuy.cloud.tencent.com%2Flowcode%3FbuyType%3Dtcb&id=nGLOZiKDeLo71dDead&uin=100048431065&version=1.43.57&aid=696bda3c-0e0b-4bcc-a005-f299f1c8d932&env=production&ext1=lowcode&platform=3&netType=4&vp=1036%20*%20906&sr=1707%20*%201067&sessionId=14ed5188a8694a22a77ff498860aa315&referer=https%3A%2F%2Fconsole.cloud.tencent.com%2Ftcb%2Fenv%2Findex%3Frid%3D4:0
[  119516ms] [ERROR] Failed to load resource: net::ERR_CONNECTION_CLOSED @ https://main.qcloudimg.com/qcloud/main/scripts/release/common/tag.publish.json?t=0.2838424086372884:0
[  119517ms] [ERROR] TypeError: Failed to fetch
    at window.fetch.window.fetch (https://tam.cdn-go.cn/aegis-sdk/latest/aegis.min.js:10:49743)
    at https://buy.cloud.tencent.com/lowcode?buyType=tcb:1328:51313
    at https://buy.cloud.tencent.com/lowcode?buyType=tcb:1328:20407
    at new Promise (<anonymous>)
    at new e (https://buy.cloud.tencent.com/lowcode?buyType=tcb:1328:20380)
    at https://buy.cloud.tencent.com/lowcode?buyType=tcb:1328:51267
    at https://cloudcache.tencent-cloud.com/qcloud/buy/tcb_buy/dist/buy/index.8cc1713e429ae0b2f196.js:139:342629
    at https://cloudcache.tencent-cloud.com/qcloud/buy/tcb_buy/dist/buy/index.8cc1713e429ae0b2f196.js:139:342109
    at Object.next (https://cloudcache.tencent-cloud.com/qcloud/buy/tcb_buy/dist/buy/index.8cc1713e429ae0b2f196.js:139:342214)
    at https://cloudcache.tencent-cloud.com/qcloud/buy/tcb_buy/dist/buy/index.8cc1713e429ae0b2f196.js:139:341150
    at https://buy.cloud.tencent.com/lowcode?buyType=tcb:1328:20407
    at new Promise (<anonymous>)
    at new e (https://buy.cloud.tencent.com/lowcode?buyType=tcb:1328:20380)
    at Y (https://cloudcache.tencent-cloud.com/qcloud/buy/tcb_buy/dist/buy/index.8cc1713e429ae0b2f196.js:139:340895)
    at G.window.fetch (https://cloudcache.tencent-cloud.com/qcloud/buy/tcb_buy/dist/buy/index.8cc1713e429ae0b2f196.js:139:342328)
    at https://cloudcache.tencent-cloud.com/qcloud/tea/sdk/tag.zh.9f84bc4b2a.js?max_age=3153600:1:2259775
    at https://cloudcache.tencent-cloud.com/qcloud/tea/sdk/tag.zh.9f84bc4b2a.js?max_age=3153600:1:2259471
    at Object.next (https://cloudcache.tencent-cloud.com/qcloud/tea/sdk/tag.zh.9f84bc4b2a.js?max_age=3153600:1:2259576)
    at https://cloudcache.tencent-cloud.com/qcloud/tea/sdk/tag.zh.9f84bc4b2a.js?max_age=3153600:1:2258490
    at https://buy.cloud.tencent.com/lowcode?buyType=tcb:1328:20407 @ https://buy.cloud.tencent.com/lowcode?buyType=tcb:1327
[  120901ms] [ERROR] Failed to load resource: net::ERR_CONNECTION_CLOSED @ https://rumt-zh.com/speed?from=https%3A%2F%2Fbuy.cloud.tencent.com%2Flowcode%3FbuyType%3Dtcb&id=nGLOZiKDeLo71dDead&uin=100048431065&version=1.43.57&aid=696bda3c-0e0b-4bcc-a005-f299f1c8d932&env=production&ext1=lowcode&platform=3&netType=4&vp=1036%20*%20906&sr=1707%20*%201067&sessionId=14ed5188a8694a22a77ff498860aa315&referer=https%3A%2F%2Fconsole.cloud.tencent.com%2Ftcb%2Fenv%2Findex%3Frid%3D4:0
[  121197ms] [ERROR] Failed to load resource: net::ERR_CONNECTION_CLOSED @ https://rumt-zh.com/collect?from=https%3A%2F%2Fbuy.cloud.tencent.com%2Flowcode%3FbuyType%3Dtcb&id=nGLOZiKDeLo71dDead&uin=100048431065&version=1.43.57&aid=696bda3c-0e0b-4bcc-a005-f299f1c8d932&env=production&ext1=lowcode&platform=3&netType=4&vp=1036%20*%20906&sr=1707%20*%201067&sessionId=14ed5188a8694a22a77ff498860aa315&referer=https%3A%2F%2Fconsole.cloud.tencent.com%2Ftcb%2Fenv%2Findex%3Frid%3D4:0
[  122547ms] [ERROR] Failed to load resource: net::ERR_CONNECTION_CLOSED @ https://rumt-zh.com/collect?from=https%3A%2F%2Fbuy.cloud.tencent.com%2Flowcode%3FbuyType%3Dtcb&id=nGLOZiKDeLo71dDead&uin=100048431065&version=1.43.57&aid=696bda3c-0e0b-4bcc-a005-f299f1c8d932&env=production&ext1=lowcode&platform=3&netType=4&vp=1036%20*%20906&sr=1707%20*%201067&sessionId=14ed5188a8694a22a77ff498860aa315&referer=https%3A%2F%2Fconsole.cloud.tencent.com%2Ftcb%2Fenv%2Findex%3Frid%3D4:0
[  122857ms] [ERROR] Failed to load resource: net::ERR_CONNECTION_CLOSED @ https://rumt-zh.com/speed?from=https%3A%2F%2Fbuy.cloud.tencent.com%2Flowcode%3FbuyType%3Dtcb&id=nGLOZiKDeLo71dDead&uin=100048431065&version=1.43.57&aid=696bda3c-0e0b-4bcc-a005-f299f1c8d932&env=production&ext1=lowcode&platform=3&netType=4&vp=1036%20*%20906&sr=1707%20*%201067&sessionId=14ed5188a8694a22a77ff498860aa315&referer=https%3A%2F%2Fconsole.cloud.tencent.com%2Ftcb%2Fenv%2Findex%3Frid%3D4:0
[  125796ms] [ERROR] Failed to load resource: net::ERR_CONNECTION_CLOSED @ https://sensors.cloud.tencent.com:8106/sa?project=default&token=schemaLimited-zEb9s3Rz:0
[  130669ms] [ERROR] Failed to load resource: net::ERR_CONNECTION_CLOSED @ https://sensors.cloud.tencent.com:8106/sa?project=default&token=schemaLimited-zEb9s3Rz:0
[  132850ms] [ERROR] Failed to load resource: net::ERR_CONNECTION_CLOSED @ https://rumt-zh.com/speed?from=https%3A%2F%2Fbuy.cloud.tencent.com%2Flowcode%3FbuyType%3Dtcb&id=nGLOZiKDeLo71dDead&uin=100048431065&version=1.43.57&aid=696bda3c-0e0b-4bcc-a005-f299f1c8d932&env=production&ext1=lowcode&platform=3&netType=4&vp=1036%20*%20906&sr=1707%20*%201067&sessionId=14ed5188a8694a22a77ff498860aa315&referer=https%3A%2F%2Fconsole.cloud.tencent.com%2Ftcb%2Fenv%2Findex%3Frid%3D4:0
[  145487ms] [ERROR] Failed to load resource: net::ERR_CONNECTION_CLOSED @ https://rumt-zh.com/rateConfig?id=nGLOZiKDeLo71dDead&uin=100048431065&version=1.43.57&aid=696bda3c-0e0b-4bcc-a005-f299f1c8d932&env=production&ext1=lowcode&platform=3&netType=4&vp=1036%20*%20906&sr=1707%20*%201067&sessionId=14ed5188a8694a22a77ff498860aa315&from=https%3A%2F%2Fbuy.cloud.tencent.com%2Flowcode%3FbuyType%3Dtcb&referer=https%3A%2F%2Fconsole.cloud.tencent.com%2Ftcb%2Fenv%2Findex%3Frid%3D4:0
[  169606ms] [ERROR] Failed to load resource: net::ERR_CONNECTION_CLOSED @ https://sensors.cloud.tencent.com:8106/sa?project=default&token=schemaLimited-zEb9s3Rz:0
[  445873ms] [ERROR] Failed to load resource: net::ERR_CONNECTION_CLOSED @ https://rumt-zh.com/rateConfig?id=nGLOZiKDeLo71dDead&uin=100048431065&version=1.43.57&aid=696bda3c-0e0b-4bcc-a005-f299f1c8d932&env=production&ext1=lowcode&platform=3&netType=4&vp=1036%20*%20906&sr=1707%20*%201067&sessionId=14ed5188a8694a22a77ff498860aa315&from=https%3A%2F%2Fbuy.cloud.tencent.com%2Flowcode%3FbuyType%3Dtcb&referer=https%3A%2F%2Fconsole.cloud.tencent.com%2Ftcb%2Fenv%2Findex%3Frid%3D4:0
[  464720ms] [ERROR] Failed to load resource: net::ERR_CONNECTION_CLOSED @ https://rumt-zh.com/collect?from=https%3A%2F%2Fbuy.cloud.tencent.com%2Flowcode%3FbuyType%3Dtcb&id=nGLOZiKDeLo71dDead&uin=100048431065&version=1.43.57&aid=696bda3c-0e0b-4bcc-a005-f299f1c8d932&env=production&ext1=lowcode&platform=3&netType=4&vp=1036%20*%20906&sr=1707%20*%201067&sessionId=14ed5188a8694a22a77ff498860aa315&referer=https%3A%2F%2Fconsole.cloud.tencent.com%2Ftcb%2Fenv%2Findex%3Frid%3D4:0
[  464845ms] [ERROR] Failed to load resource: net::ERR_CONNECTION_CLOSED @ https://rumt-zh.com/speed?from=https%3A%2F%2Fbuy.cloud.tencent.com%2Flowcode%3FbuyType%3Dtcb&id=nGLOZiKDeLo71dDead&uin=100048431065&version=1.43.57&aid=696bda3c-0e0b-4bcc-a005-f299f1c8d932&env=production&ext1=lowcode&platform=3&netType=4&vp=1036%20*%20906&sr=1707%20*%201067&sessionId=14ed5188a8694a22a77ff498860aa315&referer=https%3A%2F%2Fconsole.cloud.tencent.com%2Ftcb%2Fenv%2Findex%3Frid%3D4:0
[  549614ms] [ERROR] Failed to load resource: net::ERR_CONNECTION_CLOSED @ https://sensors.cloud.tencent.com:8106/sa?project=default&token=schemaLimited-zEb9s3Rz:0
[  551552ms] [ERROR] Failed to load resource: net::ERR_CONNECTION_CLOSED @ https://sensors.cloud.tencent.com:8106/sa?project=default&token=schemaLimited-zEb9s3Rz:0
[  558029ms] [ERROR] Failed to load resource: net::ERR_CONNECTION_CLOSED @ https://rumt-zh.com/collect?from=https%3A%2F%2Fbuy.cloud.tencent.com%2Flowcode%3FbuyType%3Dtcb&id=nGLOZiKDeLo71dDead&uin=100048431065&version=1.43.57&aid=696bda3c-0e0b-4bcc-a005-f299f1c8d932&env=production&ext1=lowcode&platform=3&netType=4&vp=1036%20*%20906&sr=1707%20*%201067&sessionId=14ed5188a8694a22a77ff498860aa315&referer=https%3A%2F%2Fconsole.cloud.tencent.com%2Ftcb%2Fenv%2Findex%3Frid%3D4:0
[  558326ms] [ERROR] Failed to load resource: net::ERR_CONNECTION_CLOSED @ https://rumt-zh.com/speed?from=https%3A%2F%2Fbuy.cloud.tencent.com%2Flowcode%3FbuyType%3Dtcb&id=nGLOZiKDeLo71dDead&uin=100048431065&version=1.43.57&aid=696bda3c-0e0b-4bcc-a005-f299f1c8d932&env=production&ext1=lowcode&platform=3&netType=4&vp=1036%20*%20906&sr=1707%20*%201067&sessionId=14ed5188a8694a22a77ff498860aa315&referer=https%3A%2F%2Fconsole.cloud.tencent.com%2Ftcb%2Fenv%2Findex%3Frid%3D4:0
[  563787ms] [ERROR] Failed to load resource: net::ERR_CONNECTION_CLOSED @ https://rumt-zh.com/speed?from=https%3A%2F%2Fbuy.cloud.tencent.com%2Flowcode%3FbuyType%3Dtcb&id=nGLOZiKDeLo71dDead&uin=100048431065&version=1.43.57&aid=696bda3c-0e0b-4bcc-a005-f299f1c8d932&env=production&ext1=lowcode&platform=3&netType=4&vp=1036%20*%20906&sr=1707%20*%201067&sessionId=14ed5188a8694a22a77ff498860aa315&referer=https%3A%2F%2Fconsole.cloud.tencent.com%2Ftcb%2Fenv%2Findex%3Frid%3D4:0
[  564172ms] [ERROR] Failed to load resource: net::ERR_CONNECTION_CLOSED @ https://sensors.cloud.tencent.com:8106/sa?project=default&token=schemaLimited-zEb9s3Rz:0
[  728889ms] [ERROR] Failed to load resource: net::ERR_CONNECTION_CLOSED @ https://sensors.cloud.tencent.com:8106/sa?project=default&token=schemaLimited-zEb9s3Rz:0
[  731144ms] [ERROR] Failed to load resource: net::ERR_CONNECTION_CLOSED @ https://rumt-zh.com/speed?from=https%3A%2F%2Fbuy.cloud.tencent.com%2Flowcode%3FbuyType%3Dtcb&id=nGLOZiKDeLo71dDead&uin=100048431065&version=1.43.57&aid=696bda3c-0e0b-4bcc-a005-f299f1c8d932&env=production&ext1=lowcode&platform=3&netType=4&vp=1036%20*%20906&sr=1707%20*%201067&sessionId=14ed5188a8694a22a77ff498860aa315&referer=https%3A%2F%2Fconsole.cloud.tencent.com%2Ftcb%2Fenv%2Findex%3Frid%3D4:0
[  746249ms] [ERROR] Failed to load resource: net::ERR_CONNECTION_CLOSED @ https://rumt-zh.com/rateConfig?id=nGLOZiKDeLo71dDead&uin=100048431065&version=1.43.57&aid=696bda3c-0e0b-4bcc-a005-f299f1c8d932&env=production&ext1=lowcode&platform=3&netType=4&vp=1036%20*%20906&sr=1707%20*%201067&sessionId=14ed5188a8694a22a77ff498860aa315&from=https%3A%2F%2Fbuy.cloud.tencent.com%2Flowcode%3FbuyType%3Dtcb&referer=https%3A%2F%2Fconsole.cloud.tencent.com%2Ftcb%2Fenv%2Findex%3Frid%3D4:0
[  792173ms] [ERROR] Failed to load resource: net::ERR_CONNECTION_CLOSED @ https://sensors.cloud.tencent.com:8106/sa?project=default&token=schemaLimited-zEb9s3Rz:0
[  794163ms] [ERROR] Failed to load resource: net::ERR_CONNECTION_CLOSED @ https://rumt-zh.com/collect/events?id=nGLOZiKDeLo71dDead&uin=100048431065&version=1.43.57&aid=696bda3c-0e0b-4bcc-a005-f299f1c8d932&env=production&ext1=lowcode&platform=3&netType=4&vp=1036%20*%20906&sr=1707%20*%201067&sessionId=14ed5188a8694a22a77ff498860aa315&from=https%3A%2F%2Fbuy.cloud.tencent.com%2Flowcode%3FbuyType%3Dtcb&referer=https%3A%2F%2Fconsole.cloud.tencent.com%2Ftcb%2Fenv%2Findex%3Frid%3D4:0
[  808778ms] [ERROR] Failed to load resource: net::ERR_CONNECTION_CLOSED @ https://sensors.cloud.tencent.com:8106/sa?project=default&token=schemaLimited-zEb9s3Rz:0
[  809910ms] [ERROR] Failed to load resource: net::ERR_CONNECTION_CLOSED @ https://sensors.cloud.tencent.com:8106/sa?project=default&token=schemaLimited-zEb9s3Rz:0
[  815811ms] [ERROR] Failed to load resource: net::ERR_CONNECTION_CLOSED @ https://sensors.cloud.tencent.com:8106/sa?project=default&token=schemaLimited-zEb9s3Rz:0
[  817197ms] [ERROR] Failed to load resource: net::ERR_CONNECTION_CLOSED @ https://sensors.cloud.tencent.com:8106/sa?project=default&token=schemaLimited-zEb9s3Rz:0
[  819919ms] [ERROR] Failed to load resource: net::ERR_CONNECTION_CLOSED @ https://sensors.cloud.tencent.com:8106/sa?project=default&token=schemaLimited-zEb9s3Rz:0
[  889694ms] [ERROR] Failed to load resource: net::ERR_CONNECTION_CLOSED @ https://sensors.cloud.tencent.com:8106/sa?project=default&token=schemaLimited-zEb9s3Rz:0
[  890622ms] [ERROR] Failed to load resource: net::ERR_CONNECTION_CLOSED @ https://sensors.cloud.tencent.com:8106/sa?project=default&token=schemaLimited-zEb9s3Rz:0
[  901170ms] [ERROR] Failed to load resource: net::ERR_CONNECTION_CLOSED @ https://sensors.cloud.tencent.com:8106/sa?project=default&token=schemaLimited-zEb9s3Rz:0
[  901250ms] [ERROR] Failed to load resource: net::ERR_CONNECTION_CLOSED @ https://sensors.cloud.tencent.com:8106/sa?project=default&token=schemaLimited-zEb9s3Rz:0
[  903166ms] [ERROR] Failed to load resource: net::ERR_CONNECTION_CLOSED @ https://sensors.cloud.tencent.com:8106/sa?project=default&token=schemaLimited-zEb9s3Rz:0
[  903422ms] [ERROR] Failed to load resource: net::ERR_CONNECTION_CLOSED @ https://rumt-zh.com/speed/webvitals?FCP=1792&LCP=1836&FID=2.2999999970197678&CLS=-1&INP=-1&TTI=11612.300000011921&from=https%3A%2F%2Fbuy.cloud.tencent.com%2Flowcode%3FbuyType%3Dtcb&id=nGLOZiKDeLo71dDead&uin=100048431065&version=1.43.57&aid=696bda3c-0e0b-4bcc-a005-f299f1c8d932&env=production&ext1=lowcode&platform=3&netType=4&vp=1036%20*%20906&sr=1707%20*%201067&sessionId=14ed5188a8694a22a77ff498860aa315&referer=https%3A%2F%2Fconsole.cloud.tencent.com%2Ftcb%2Fenv%2Findex%3Frid%3D4:0
[  903532ms] [ERROR] Failed to load resource: net::ERR_CONNECTION_CLOSED @ https://sensors.cloud.tencent.com:8106/sa?project=default&token=schemaLimited-zEb9s3Rz:0
[  903716ms] [ERROR] Failed to load resource: net::ERR_CONNECTION_CLOSED @ https://sensors.cloud.tencent.com:8106/sa?project=default&token=schemaLimited-zEb9s3Rz:0
[  903800ms] [ERROR] Failed to load resource: net::ERR_CONNECTION_CLOSED @ https://ping.cloud.tencent.com/trafficCollect.php?expKey=stayTime&expValue=795726&uin=100048431065&ul=https%3A%2F%2Fbuy.cloud.tencent.com%2Flowcode%3FbuyType%3Dtcb&referer=https%3A%2F%2Fconsole.cloud.tencent.com%2Ftcb%2Fenv%2Findex%3Frid%3D4&fromSource=qcloud.directEnter.login&visitId=9ef819f9c814ce53d099ec8282d2cc8d&landingpage=https%3A%2F%2Fbuy.cloud.tencent.com%2Flowcode%3FbuyType%3Dtcb&language=zh&lastLoginType=&_ga=&pageTitle=%E4%BA%91%E5%BC%80%E5%8F%91%20CloudBase%E8%B4%AD%E4%B9%B0_%E4%BA%91%E5%BC%80%E5%8F%91%20CloudBase%E9%80%89%E8%B4%AD%20-%20%E8%85%BE%E8%AE%AF%E4%BA%91&from=&from_column=&type=OfficialNetworkTraffic&t=1777205901195:0
[  905888ms] [ERROR] Failed to load resource: net::ERR_CONNECTION_CLOSED @ https://rumt-zh.com/collect/whitelist?id=nGLOZiKDeLo71dDead&uin=100048431065&version=1.43.57&aid=696bda3c-0e0b-4bcc-a005-f299f1c8d932&env=production&ext1=platform&platform=3&netType=3&vp=1707%20*%20932&sr=1707%20*%201067&sessionId=14ed5188a8694a22a77ff498860aa315&from=https%3A%2F%2Fbuy.cloud.tencent.com%2Forder%2Fcheck&referer=https%3A%2F%2Fbuy.cloud.tencent.com%2Flowcode%3FbuyType%3Dtcb:0
[  905920ms] [ERROR] Failed to load resource: net::ERR_CONNECTION_CLOSED @ https://rumt-zh.com/rateConfig?id=nGLOZiKDeLo71dDead&uin=100048431065&version=1.43.57&aid=696bda3c-0e0b-4bcc-a005-f299f1c8d932&env=production&ext1=platform&platform=3&netType=3&vp=1707%20*%20932&sr=1707%20*%201067&sessionId=14ed5188a8694a22a77ff498860aa315&from=https%3A%2F%2Fbuy.cloud.tencent.com%2Forder%2Fcheck&referer=https%3A%2F%2Fbuy.cloud.tencent.com%2Flowcode%3FbuyType%3Dtcb:0
[  906292ms] [ERROR] Failed to load resource: net::ERR_CONNECTION_CLOSED @ https://rumt-zh.com/collect/pv?originFrom=https%3A%2F%2Fbuy.cloud.tencent.com%2Forder%2Fcheck&id=nGLOZiKDeLo71dDead&uin=100048431065&version=1.43.57&aid=696bda3c-0e0b-4bcc-a005-f299f1c8d932&env=production&ext1=platform&platform=3&netType=3&vp=1707%20*%20932&sr=1707%20*%201067&sessionId=14ed5188a8694a22a77ff498860aa315&from=https%3A%2F%2Fbuy.cloud.tencent.com%2Forder%2Fcheck&referer=https%3A%2F%2Fbuy.cloud.tencent.com%2Flowcode%3FbuyType%3Dtcb:0
[  906865ms] [LOG] [decodeBeaconParams] Unexpected end of JSON input @ https://cloudcache.tencent-cloud.com/qcloud/buy/tcb_buy/dist/order/newCheck.61058c0dce495f6e8848.js:94
[  907097ms] [ERROR] Failed to load resource: net::ERR_CONNECTION_CLOSED @ https://ping.cloud.tencent.com/trafficCollect.php?expKey=browse&expValue=https%3A%2F%2Fbuy.cloud.tencent.com%2Forder%2Fcheck&uin=100048431065&ul=https%3A%2F%2Fbuy.cloud.tencent.com%2Forder%2Fcheck&referer=https%3A%2F%2Fbuy.cloud.tencent.com%2Flowcode%3FbuyType%3Dtcb&fromSource=qcloud.directEnter.login&visitId=9ef819f9c814ce53d099ec8282d2cc8d&landingpage=https%3A%2F%2Fbuy.cloud.tencent.com%2Flowcode%3FbuyType%3Dtcb&language=zh&lastLoginType=&_ga=&pageTitle=%E6%94%AF%E4%BB%98%E8%AE%A2%E5%8D%95-%E8%85%BE%E8%AE%AF%E4%BA%91&from=&from_column=&type=OfficialNetworkTraffic&t=1777205903715:0
[  907156ms] [ERROR] Failed to load resource: net::ERR_CONNECTION_CLOSED @ https://helix.cloud.tencent.com/web-sdk.js:0
[  907430ms] [ERROR] Failed to load resource: net::ERR_CONNECTION_CLOSED @ https://rumt-zh.com/collect/whitelist?id=KqnrSUjzKbbPshIJcF&uin=100048431065&version=1.43.57&aid=696bda3c-0e0b-4bcc-a005-f299f1c8d932&env=production&platform=3&netType=3&vp=1707%20*%20932&sr=1707%20*%201067&sessionId=14ed5188a8694a22a77ff498860aa315&from=https%3A%2F%2Fbuy.cloud.tencent.com%2Forder%2Fcheck&referer=https%3A%2F%2Fbuy.cloud.tencent.com%2Flowcode%3FbuyType%3Dtcb:0
[  907725ms] [ERROR] Failed to load resource: net::ERR_CONNECTION_CLOSED @ https://rumt-zh.com/rateConfig?id=KqnrSUjzKbbPshIJcF&uin=100048431065&version=1.43.57&aid=696bda3c-0e0b-4bcc-a005-f299f1c8d932&env=production&platform=3&netType=3&vp=1707%20*%20932&sr=1707%20*%201067&sessionId=14ed5188a8694a22a77ff498860aa315&from=https%3A%2F%2Fbuy.cloud.tencent.com%2Forder%2Fcheck&referer=https%3A%2F%2Fbuy.cloud.tencent.com%2Flowcode%3FbuyType%3Dtcb:0
[  907808ms] [ERROR] Failed to load resource: net::ERR_CONNECTION_CLOSED @ https://rumt-zh.com/collect?from=https%3A%2F%2Fbuy.cloud.tencent.com%2Forder%2Fcheck&id=nGLOZiKDeLo71dDead&uin=100048431065&version=1.43.57&aid=696bda3c-0e0b-4bcc-a005-f299f1c8d932&env=production&ext1=platform&platform=3&netType=3&vp=1707%20*%20932&sr=1707%20*%201067&sessionId=14ed5188a8694a22a77ff498860aa315&referer=https%3A%2F%2Fbuy.cloud.tencent.com%2Flowcode%3FbuyType%3Dtcb:0
[  908182ms] [ERROR] Failed to load resource: net::ERR_CONNECTION_CLOSED @ https://rumt-zh.com/collect/pv?originFrom=https%3A%2F%2Fbuy.cloud.tencent.com%2Forder%2Fcheck&id=KqnrSUjzKbbPshIJcF&uin=100048431065&version=1.43.57&aid=696bda3c-0e0b-4bcc-a005-f299f1c8d932&env=production&platform=3&netType=3&vp=1707%20*%20932&sr=1707%20*%201067&sessionId=14ed5188a8694a22a77ff498860aa315&from=https%3A%2F%2Fbuy.cloud.tencent.com%2Forder%2Fcheck&referer=https%3A%2F%2Fbuy.cloud.tencent.com%2Flowcode%3FbuyType%3Dtcb:0
[  908545ms] [ERROR] Failed to load resource: net::ERR_CONNECTION_CLOSED @ https://ssl.captcha.qq.com/TCaptcha.js:0
[  908891ms] [ERROR] Failed to load resource: net::ERR_CONNECTION_CLOSED @ https://rumt-zh.com/collect?from=https%3A%2F%2Fbuy.cloud.tencent.com%2Forder%2Fcheck&id=KqnrSUjzKbbPshIJcF&uin=100048431065&version=1.43.57&aid=696bda3c-0e0b-4bcc-a005-f299f1c8d932&env=production&platform=3&netType=3&vp=1707%20*%20932&sr=1707%20*%201067&sessionId=14ed5188a8694a22a77ff498860aa315&referer=https%3A%2F%2Fbuy.cloud.tencent.com%2Flowcode%3FbuyType%3Dtcb:0
[  909059ms] [WARNING] Retrying %d (seajs-classic): %s 1 https://ssl.captcha.qq.com/TCaptcha.js @ https://buy.cloud.tencent.com/order/check:723
[  909124ms] [ERROR] Failed to load resource: net::ERR_CONNECTION_CLOSED @ https://rumt-zh.com/speed?from=https%3A%2F%2Fbuy.cloud.tencent.com%2Forder%2Fcheck&id=nGLOZiKDeLo71dDead&uin=100048431065&version=1.43.57&aid=696bda3c-0e0b-4bcc-a005-f299f1c8d932&env=production&ext1=platform&platform=3&netType=3&vp=1707%20*%20932&sr=1707%20*%201067&sessionId=14ed5188a8694a22a77ff498860aa315&referer=https%3A%2F%2Fbuy.cloud.tencent.com%2Flowcode%3FbuyType%3Dtcb:0
[  909145ms] [ERROR] Failed to load resource: net::ERR_CONNECTION_CLOSED @ https://main.qcloudimg.com/image/product/547/16_16/gray.svg:0
[  909508ms] [ERROR] Failed to load resource: net::ERR_CONNECTION_CLOSED @ https://rumt-zh.com/rateConfig?id=nGLOZiKDeLo71dDead&uin=100048431065&version=1.43.57&aid=696bda3c-0e0b-4bcc-a005-f299f1c8d932&env=production&ext1=platform&platform=3&netType=3&vp=1707%20*%20932&sr=1707%20*%201067&sessionId=14ed5188a8694a22a77ff498860aa315&from=https%3A%2F%2Fbuy.cloud.tencent.com%2Forder%2Fcheck&referer=https%3A%2F%2Fbuy.cloud.tencent.com%2Flowcode%3FbuyType%3Dtcb:0
[  909691ms] [ERROR] Failed to load resource: net::ERR_CONNECTION_CLOSED @ https://main.qcloudimg.com/image/product/500/16_16/gray.svg:0
[  909695ms] [ERROR] Failed to load resource: net::ERR_CONNECTION_CLOSED @ https://main.qcloudimg.com/image/product/2980/16_16/gray.svg:0
[  909978ms] [ERROR] Failed to load resource: net::ERR_CONNECTION_CLOSED @ https://main.qcloudimg.com/image/product/2478/16_16/gray.svg:0
[  909978ms] [ERROR] Failed to load resource: net::ERR_CONNECTION_CLOSED @ https://main.qcloudimg.com/image/product/2387/16_16/gray.svg:0
[  910337ms] [ERROR] Failed to load resource: net::ERR_CONNECTION_CLOSED @ https://rumt-zh.com/collect?from=https%3A%2F%2Fbuy.cloud.tencent.com%2Forder%2Fcheck&id=nGLOZiKDeLo71dDead&uin=100048431065&version=1.43.57&aid=696bda3c-0e0b-4bcc-a005-f299f1c8d932&env=production&ext1=platform&platform=3&netType=3&vp=1707%20*%20932&sr=1707%20*%201067&sessionId=14ed5188a8694a22a77ff498860aa315&referer=https%3A%2F%2Fbuy.cloud.tencent.com%2Flowcode%3FbuyType%3Dtcb:0
[  910378ms] [ERROR] Failed to load resource: net::ERR_CONNECTION_CLOSED @ https://main.qcloudimg.com/image/product/501/16_16/gray.svg:0
[  910378ms] [ERROR] Failed to load resource: net::ERR_CONNECTION_CLOSED @ https://main.qcloudimg.com/image/product/2738/16_16/gray.svg:0
[  910449ms] [ERROR] Failed to load resource: net::ERR_CONNECTION_CLOSED @ https://main.qcloudimg.com/image/product/2678/16_16/gray.svg:0
[  910653ms] [ERROR] Failed to load resource: net::ERR_CONNECTION_CLOSED @ https://rumt-zh.com/collect?from=https%3A%2F%2Fbuy.cloud.tencent.com%2Forder%2Fcheck&id=KqnrSUjzKbbPshIJcF&uin=100048431065&version=1.43.57&aid=696bda3c-0e0b-4bcc-a005-f299f1c8d932&env=production&platform=3&netType=3&vp=1707%20*%20932&sr=1707%20*%201067&sessionId=14ed5188a8694a22a77ff498860aa315&referer=https%3A%2F%2Fbuy.cloud.tencent.com%2Flowcode%3FbuyType%3Dtcb:0
[  910834ms] [ERROR] Failed to load resource: net::ERR_CONNECTION_CLOSED @ https://rumt-zh.com/collect?from=https%3A%2F%2Fbuy.cloud.tencent.com%2Forder%2Fcheck&id=nGLOZiKDeLo71dDead&uin=100048431065&version=1.43.57&aid=696bda3c-0e0b-4bcc-a005-f299f1c8d932&env=production&ext1=platform&platform=3&netType=3&vp=1707%20*%20932&sr=1707%20*%201067&sessionId=14ed5188a8694a22a77ff498860aa315&referer=https%3A%2F%2Fbuy.cloud.tencent.com%2Flowcode%3FbuyType%3Dtcb:0
[  910991ms] [ERROR] Failed to load resource: net::ERR_CONNECTION_CLOSED @ https://main.qcloudimg.com/image/product/2681/16_16/gray.svg:0
[  911066ms] [ERROR] Failed to load resource: net::ERR_CONNECTION_CLOSED @ https://main.qcloudimg.com/image/product/2684/16_16/gray.svg:0
[  911136ms] [ERROR] Failed to load resource: net::ERR_CONNECTION_CLOSED @ https://main.qcloudimg.com/image/product/2604/16_16/gray.svg:0
[  911199ms] [ERROR] Failed to load resource: net::ERR_CONNECTION_CLOSED @ https://rumt-zh.com/rateConfig?id=KqnrSUjzKbbPshIJcF&uin=100048431065&version=1.43.57&aid=696bda3c-0e0b-4bcc-a005-f299f1c8d932&env=production&platform=3&netType=3&vp=1707%20*%20932&sr=1707%20*%201067&sessionId=14ed5188a8694a22a77ff498860aa315&from=https%3A%2F%2Fbuy.cloud.tencent.com%2Forder%2Fcheck&referer=https%3A%2F%2Fbuy.cloud.tencent.com%2Flowcode%3FbuyType%3Dtcb:0
[  911381ms] [ERROR] Failed to load resource: net::ERR_CONNECTION_CLOSED @ https://main.qcloudimg.com/image/product/2605/16_16/gray.svg:0
[  911381ms] [ERROR] Failed to load resource: net::ERR_CONNECTION_CLOSED @ https://main.qcloudimg.com/image/product/2606/16_16/gray.svg:0
[  911441ms] [ERROR] Failed to load resource: net::ERR_CONNECTION_CLOSED @ https://main.qcloudimg.com/image/product/2607/16_16/gray.svg:0
[  911804ms] [ERROR] Failed to load resource: net::ERR_CONNECTION_CLOSED @ https://rumt-zh.com/collect?from=https%3A%2F%2Fbuy.cloud.tencent.com%2Forder%2Fcheck&id=KqnrSUjzKbbPshIJcF&uin=100048431065&version=1.43.57&aid=696bda3c-0e0b-4bcc-a005-f299f1c8d932&env=production&platform=3&netType=3&vp=1707%20*%20932&sr=1707%20*%201067&sessionId=14ed5188a8694a22a77ff498860aa315&referer=https%3A%2F%2Fbuy.cloud.tencent.com%2Flowcode%3FbuyType%3Dtcb:0
[  912032ms] [ERROR] Failed to load resource: net::ERR_CONNECTION_CLOSED @ https://main.qcloudimg.com/image/product/2608/16_16/gray.svg:0
[  912053ms] [ERROR] Failed to load resource: net::ERR_CONNECTION_CLOSED @ https://main.qcloudimg.com/image/product/504/16_16/gray.svg:0
[  912053ms] [ERROR] Failed to load resource: net::ERR_CONNECTION_CLOSED @ https://main.qcloudimg.com/image/product/508/16_16/gray.svg:0
[  912066ms] [ERROR] Failed to load resource: net::ERR_CONNECTION_CLOSED @ https://rumt-zh.com/collect?from=https%3A%2F%2Fbuy.cloud.tencent.com%2Forder%2Fcheck&id=nGLOZiKDeLo71dDead&uin=100048431065&version=1.43.57&aid=696bda3c-0e0b-4bcc-a005-f299f1c8d932&env=production&ext1=platform&platform=3&netType=3&vp=1707%20*%20932&sr=1707%20*%201067&sessionId=14ed5188a8694a22a77ff498860aa315&referer=https%3A%2F%2Fbuy.cloud.tencent.com%2Flowcode%3FbuyType%3Dtcb:0
[  912174ms] [ERROR] Failed to load resource: net::ERR_CONNECTION_CLOSED @ https://main.qcloudimg.com/image/product/3035/16_16/gray.svg:0
[  912362ms] [ERROR] Failed to load resource: net::ERR_CONNECTION_CLOSED @ https://rumt-zh.com/collect?from=https%3A%2F%2Fbuy.cloud.tencent.com%2Forder%2Fcheck&id=KqnrSUjzKbbPshIJcF&uin=100048431065&version=1.43.57&aid=696bda3c-0e0b-4bcc-a005-f299f1c8d932&env=production&platform=3&netType=3&vp=1707%20*%20932&sr=1707%20*%201067&sessionId=14ed5188a8694a22a77ff498860aa315&referer=https%3A%2F%2Fbuy.cloud.tencent.com%2Flowcode%3FbuyType%3Dtcb:0
[  912461ms] [ERROR] Failed to load resource: net::ERR_CONNECTION_CLOSED @ https://main.qcloudimg.com/image/product/509/16_16/gray.svg:0
[  912549ms] [ERROR] Failed to load resource: net::ERR_CONNECTION_CLOSED @ https://rumt-zh.com/collect?from=https%3A%2F%2Fbuy.cloud.tencent.com%2Forder%2Fcheck&id=nGLOZiKDeLo71dDead&uin=100048431065&version=1.43.57&aid=696bda3c-0e0b-4bcc-a005-f299f1c8d932&env=production&ext1=platform&platform=3&netType=3&vp=1707%20*%20932&sr=1707%20*%201067&sessionId=14ed5188a8694a22a77ff498860aa315&referer=https%3A%2F%2Fbuy.cloud.tencent.com%2Flowcode%3FbuyType%3Dtcb:0
[  912740ms] [ERROR] Failed to load resource: net::ERR_CONNECTION_CLOSED @ https://main.qcloudimg.com/image/product/2834/16_16/gray.svg:0
[  912870ms] [ERROR] Failed to load resource: net::ERR_CONNECTION_CLOSED @ https://main.qcloudimg.com/image/product/2471/16_16/gray.svg:0
[  912870ms] [ERROR] Failed to load resource: net::ERR_CONNECTION_CLOSED @ https://main.qcloudimg.com/image/product/518/16_16/gray.svg:0
[  913103ms] [ERROR] Failed to load resource: net::ERR_CONNECTION_CLOSED @ https://rumt-zh.com/collect?from=https%3A%2F%2Fbuy.cloud.tencent.com%2Forder%2Fcheck&id=KqnrSUjzKbbPshIJcF&uin=100048431065&version=1.43.57&aid=696bda3c-0e0b-4bcc-a005-f299f1c8d932&env=production&platform=3&netType=3&vp=1707%20*%20932&sr=1707%20*%201067&sessionId=14ed5188a8694a22a77ff498860aa315&referer=https%3A%2F%2Fbuy.cloud.tencent.com%2Flowcode%3FbuyType%3Dtcb:0
[  913274ms] [ERROR] Failed to load resource: net::ERR_CONNECTION_CLOSED @ https://rumt-zh.com/speed/performance?dnsLookup=0&tcp=0&ssl=0&ttfb=1103&contentDownload=917&domParse=1263&resourceDownload=1070&firstScreenTiming=4564&from=https%3A%2F%2Fbuy.cloud.tencent.com%2Forder%2Fcheck&id=KqnrSUjzKbbPshIJcF&uin=100048431065&version=1.43.57&aid=696bda3c-0e0b-4bcc-a005-f299f1c8d932&env=production&platform=3&netType=3&vp=1707%20*%20932&sr=1707%20*%201067&sessionId=14ed5188a8694a22a77ff498860aa315&referer=https%3A%2F%2Fbuy.cloud.tencent.com%2Flowcode%3FbuyType%3Dtcb&:0
[  913449ms] [ERROR] Failed to load resource: net::ERR_CONNECTION_CLOSED @ https://main.qcloudimg.com/image/product/516/16_16/gray.svg:0
[  913453ms] [ERROR] Failed to load resource: net::ERR_CONNECTION_CLOSED @ https://main.qcloudimg.com/image/product/517/16_16/gray.svg:0
[  913553ms] [ERROR] Failed to load resource: net::ERR_CONNECTION_CLOSED @ https://main.qcloudimg.com/image/product/513/16_16/gray.svg:0
[  913553ms] [ERROR] Failed to load resource: net::ERR_CONNECTION_CLOSED @ https://main.qcloudimg.com/image/product/520/16_16/gray.svg:0
[  913632ms] [ERROR] Failed to load resource: net::ERR_CONNECTION_CLOSED @ https://main.qcloudimg.com/image/product/3070/16_16/gray.svg:0
[  913818ms] [ERROR] Failed to load resource: net::ERR_CONNECTION_CLOSED @ https://main.qcloudimg.com/image/product/524/16_16/gray.svg:0
[  913819ms] [ERROR] Failed to load resource: net::ERR_CONNECTION_CLOSED @ https://main.qcloudimg.com/image/product/2406/16_16/gray.svg:0
[  913824ms] [ERROR] Failed to load resource: net::ERR_CONNECTION_CLOSED @ https://rumt-zh.com/collect?from=https%3A%2F%2Fbuy.cloud.tencent.com%2Forder%2Fcheck&id=nGLOZiKDeLo71dDead&uin=100048431065&version=1.43.57&aid=696bda3c-0e0b-4bcc-a005-f299f1c8d932&env=production&ext1=platform&platform=3&netType=3&vp=1707%20*%20932&sr=1707%20*%201067&sessionId=14ed5188a8694a22a77ff498860aa315&referer=https%3A%2F%2Fbuy.cloud.tencent.com%2Flowcode%3FbuyType%3Dtcb:0
[  914003ms] [ERROR] Failed to load resource: net::ERR_CONNECTION_CLOSED @ https://main.qcloudimg.com/image/product/543/16_16/gray.svg:0
[  914138ms] [ERROR] Failed to load resource: net::ERR_CONNECTION_CLOSED @ https://rumt-zh.com/collect?from=https%3A%2F%2Fbuy.cloud.tencent.com%2Forder%2Fcheck&id=KqnrSUjzKbbPshIJcF&uin=100048431065&version=1.43.57&aid=696bda3c-0e0b-4bcc-a005-f299f1c8d932&env=production&platform=3&netType=3&vp=1707%20*%20932&sr=1707%20*%201067&sessionId=14ed5188a8694a22a77ff498860aa315&referer=https%3A%2F%2Fbuy.cloud.tencent.com%2Flowcode%3FbuyType%3Dtcb:0
[  914157ms] [ERROR] Failed to load resource: net::ERR_CONNECTION_CLOSED @ https://main.qcloudimg.com/image/product/542/16_16/gray.svg:0
[  914191ms] [ERROR] Failed to load resource: net::ERR_CONNECTION_CLOSED @ https://rumt-zh.com/collect?from=https%3A%2F%2Fbuy.cloud.tencent.com%2Forder%2Fcheck&id=nGLOZiKDeLo71dDead&uin=100048431065&version=1.43.57&aid=696bda3c-0e0b-4bcc-a005-f299f1c8d932&env=production&ext1=platform&platform=3&netType=3&vp=1707%20*%20932&sr=1707%20*%201067&sessionId=14ed5188a8694a22a77ff498860aa315&referer=https%3A%2F%2Fbuy.cloud.tencent.com%2Flowcode%3FbuyType%3Dtcb:0
[  914499ms] [ERROR] Failed to load resource: net::ERR_CONNECTION_CLOSED @ https://main.qcloudimg.com/image/product/506/16_16/gray.svg:0
[  914499ms] [ERROR] Failed to load resource: net::ERR_CONNECTION_CLOSED @ https://main.qcloudimg.com/image/product/529/16_16/gray.svg:0
[  914562ms] [ERROR] Failed to load resource: net::ERR_CONNECTION_CLOSED @ https://rumt-zh.com/collect?from=https%3A%2F%2Fbuy.cloud.tencent.com%2Forder%2Fcheck&id=KqnrSUjzKbbPshIJcF&uin=100048431065&version=1.43.57&aid=696bda3c-0e0b-4bcc-a005-f299f1c8d932&env=production&platform=3&netType=3&vp=1707%20*%20932&sr=1707%20*%201067&sessionId=14ed5188a8694a22a77ff498860aa315&referer=https%3A%2F%2Fbuy.cloud.tencent.com%2Flowcode%3FbuyType%3Dtcb:0
[  914699ms] [ERROR] Failed to load resource: net::ERR_CONNECTION_CLOSED @ https://rumt-zh.com/speed/performance?dnsLookup=0&tcp=0&ssl=0&ttfb=1103&contentDownload=917&domParse=1263&resourceDownload=1070&firstScreenTiming=4564&from=https%3A%2F%2Fbuy.cloud.tencent.com%2Forder%2Fcheck&id=nGLOZiKDeLo71dDead&uin=100048431065&version=1.43.57&aid=696bda3c-0e0b-4bcc-a005-f299f1c8d932&env=production&ext1=platform&platform=3&netType=3&vp=1707%20*%20932&sr=1707%20*%201067&sessionId=14ed5188a8694a22a77ff498860aa315&referer=https%3A%2F%2Fbuy.cloud.tencent.com%2Flowcode%3FbuyType%3Dtcb&:0
[  914761ms] [ERROR] Failed to load resource: net::ERR_CONNECTION_CLOSED @ https://main.qcloudimg.com/image/product/531/16_16/gray.svg:0
[  914870ms] [ERROR] Failed to load resource: net::ERR_CONNECTION_CLOSED @ https://main.qcloudimg.com/image/product/3008/16_16/gray.svg:0
[  915235ms] [ERROR] Failed to load resource: net::ERR_CONNECTION_CLOSED @ https://rumt-zh.com/collect?from=https%3A%2F%2Fbuy.cloud.tencent.com%2Forder%2Fcheck&id=nGLOZiKDeLo71dDead&uin=100048431065&version=1.43.57&aid=696bda3c-0e0b-4bcc-a005-f299f1c8d932&env=production&ext1=platform&platform=3&netType=3&vp=1707%20*%20932&sr=1707%20*%201067&sessionId=14ed5188a8694a22a77ff498860aa315&referer=https%3A%2F%2Fbuy.cloud.tencent.com%2Flowcode%3FbuyType%3Dtcb:0
[  915241ms] [ERROR] Failed to load resource: net::ERR_CONNECTION_CLOSED @ https://main.qcloudimg.com/image/product/532/16_16/gray.svg:0
[  915436ms] [ERROR] Failed to load resource: net::ERR_CONNECTION_CLOSED @ https://main.qcloudimg.com/image/product/534/16_16/gray.svg:0
[  915599ms] [ERROR] Failed to load resource: net::ERR_CONNECTION_CLOSED @ https://main.qcloudimg.com/image/product/3012/16_16/gray.svg:0
[  915778ms] [ERROR] Failed to load resource: net::ERR_CONNECTION_CLOSED @ https://main.qcloudimg.com/image/product/538/16_16/gray.svg:0
[  915778ms] [ERROR] Failed to load resource: net::ERR_CONNECTION_CLOSED @ https://main.qcloudimg.com/image/product/536/16_16/gray.svg:0
[  915779ms] [ERROR] Failed to load resource: net::ERR_CONNECTION_CLOSED @ https://rumt-zh.com/collect?from=https%3A%2F%2Fbuy.cloud.tencent.com%2Forder%2Fcheck&id=KqnrSUjzKbbPshIJcF&uin=100048431065&version=1.43.57&aid=696bda3c-0e0b-4bcc-a005-f299f1c8d932&env=production&platform=3&netType=3&vp=1707%20*%20932&sr=1707%20*%201067&sessionId=14ed5188a8694a22a77ff498860aa315&referer=https%3A%2F%2Fbuy.cloud.tencent.com%2Flowcode%3FbuyType%3Dtcb:0
[  915949ms] [ERROR] Failed to load resource: net::ERR_CONNECTION_CLOSED @ https://main.qcloudimg.com/image/product/2530/16_16/gray.svg:0
[  916132ms] [ERROR] Failed to load resource: net::ERR_CONNECTION_CLOSED @ https://main.qcloudimg.com/image/product/3039/16_16/gray.svg:0
[  916158ms] [ERROR] Failed to load resource: net::ERR_CONNECTION_CLOSED @ https://ssl.captcha.qq.com/TCaptcha.js:0
[  916189ms] [ERROR] Failed to load resource: net::ERR_CONNECTION_CLOSED @ https://main.qcloudimg.com/image/product/548/16_16/gray.svg:0
[  916470ms] [ERROR] Failed to load resource: net::ERR_CONNECTION_CLOSED @ https://rumt-zh.com/collect?from=https%3A%2F%2Fbuy.cloud.tencent.com%2Forder%2Fcheck&id=nGLOZiKDeLo71dDead&uin=100048431065&version=1.43.57&aid=696bda3c-0e0b-4bcc-a005-f299f1c8d932&env=production&ext1=platform&platform=3&netType=3&vp=1707%20*%20932&sr=1707%20*%201067&sessionId=14ed5188a8694a22a77ff498860aa315&referer=https%3A%2F%2Fbuy.cloud.tencent.com%2Flowcode%3FbuyType%3Dtcb:0
[  916475ms] [ERROR] Failed to load resource: net::ERR_CONNECTION_CLOSED @ https://rumt-zh.com/collect?from=https%3A%2F%2Fbuy.cloud.tencent.com%2Forder%2Fcheck&id=KqnrSUjzKbbPshIJcF&uin=100048431065&version=1.43.57&aid=696bda3c-0e0b-4bcc-a005-f299f1c8d932&env=production&platform=3&netType=3&vp=1707%20*%20932&sr=1707%20*%201067&sessionId=14ed5188a8694a22a77ff498860aa315&referer=https%3A%2F%2Fbuy.cloud.tencent.com%2Flowcode%3FbuyType%3Dtcb:0
[  916671ms] [WARNING] Retrying %d (seajs-classic): %s 2 https://ssl.captcha.qq.com/TCaptcha.js @ https://buy.cloud.tencent.com/order/check:723
[  917416ms] [ERROR] Failed to load resource: net::ERR_CONNECTION_CLOSED @ https://rumt-zh.com/collect?from=https%3A%2F%2Fbuy.cloud.tencent.com%2Forder%2Fcheck&id=nGLOZiKDeLo71dDead&uin=100048431065&version=1.43.57&aid=696bda3c-0e0b-4bcc-a005-f299f1c8d932&env=production&ext1=platform&platform=3&netType=3&vp=1707%20*%20932&sr=1707%20*%201067&sessionId=14ed5188a8694a22a77ff498860aa315&referer=https%3A%2F%2Fbuy.cloud.tencent.com%2Flowcode%3FbuyType%3Dtcb:0
[  917416ms] [ERROR] Failed to load resource: net::ERR_CONNECTION_CLOSED @ https://rumt-zh.com/collect?from=https%3A%2F%2Fbuy.cloud.tencent.com%2Forder%2Fcheck&id=KqnrSUjzKbbPshIJcF&uin=100048431065&version=1.43.57&aid=696bda3c-0e0b-4bcc-a005-f299f1c8d932&env=production&platform=3&netType=3&vp=1707%20*%20932&sr=1707%20*%201067&sessionId=14ed5188a8694a22a77ff498860aa315&referer=https%3A%2F%2Fbuy.cloud.tencent.com%2Flowcode%3FbuyType%3Dtcb:0
[  917564ms] [ERROR] Failed to load resource: net::ERR_CONNECTION_CLOSED @ https://ssl.captcha.qq.com/TCaptcha.js:0
[  917574ms] [ERROR] Failed to load resource: net::ERR_CONNECTION_CLOSED @ https://rumt-zh.com/collect?from=https%3A%2F%2Fbuy.cloud.tencent.com%2Forder%2Fcheck&id=nGLOZiKDeLo71dDead&uin=100048431065&version=1.43.57&aid=696bda3c-0e0b-4bcc-a005-f299f1c8d932&env=production&ext1=platform&platform=3&netType=3&vp=1707%20*%20932&sr=1707%20*%201067&sessionId=14ed5188a8694a22a77ff498860aa315&referer=https%3A%2F%2Fbuy.cloud.tencent.com%2Flowcode%3FbuyType%3Dtcb:0
[  917899ms] [ERROR] Failed to load resource: net::ERR_CONNECTION_CLOSED @ https://rumt-zh.com/speed?from=https%3A%2F%2Fbuy.cloud.tencent.com%2Forder%2Fcheck&id=nGLOZiKDeLo71dDead&uin=100048431065&version=1.43.57&aid=696bda3c-0e0b-4bcc-a005-f299f1c8d932&env=production&ext1=platform&platform=3&netType=3&vp=1707%20*%20932&sr=1707%20*%201067&sessionId=14ed5188a8694a22a77ff498860aa315&referer=https%3A%2F%2Fbuy.cloud.tencent.com%2Flowcode%3FbuyType%3Dtcb:0
[  917961ms] [ERROR] Failed to load resource: net::ERR_CONNECTION_CLOSED @ https://sensors.cloud.tencent.com:8106/sa?project=default&token=schemaLimited-zEb9s3Rz:0
[  918075ms] [WARNING] Retrying %d (seajs-xhr): %s 3 https://ssl.captcha.qq.com/TCaptcha.js @ https://buy.cloud.tencent.com/order/check:768
[  918261ms] [ERROR] Failed to load resource: net::ERR_CONNECTION_CLOSED @ https://sensors.cloud.tencent.com:8106/sa?project=default&token=schemaLimited-zEb9s3Rz:0
[  918450ms] [ERROR] Failed to load resource: net::ERR_CONNECTION_CLOSED @ https://ssl.captcha.qq.com/TCaptcha.js?r=0.22778686350754285:0
[  919287ms] [ERROR] Failed to load resource: net::ERR_CONNECTION_CLOSED @ https://rumt-zh.com/collect?from=https%3A%2F%2Fbuy.cloud.tencent.com%2Forder%2Fcheck&id=nGLOZiKDeLo71dDead&uin=100048431065&version=1.43.57&aid=696bda3c-0e0b-4bcc-a005-f299f1c8d932&env=production&ext1=platform&platform=3&netType=3&vp=1707%20*%20932&sr=1707%20*%201067&sessionId=14ed5188a8694a22a77ff498860aa315&referer=https%3A%2F%2Fbuy.cloud.tencent.com%2Flowcode%3FbuyType%3Dtcb:0
[  919287ms] [ERROR] Failed to load resource: net::ERR_CONNECTION_CLOSED @ https://rumt-zh.com/collect?from=https%3A%2F%2Fbuy.cloud.tencent.com%2Forder%2Fcheck&id=KqnrSUjzKbbPshIJcF&uin=100048431065&version=1.43.57&aid=696bda3c-0e0b-4bcc-a005-f299f1c8d932&env=production&platform=3&netType=3&vp=1707%20*%20932&sr=1707%20*%201067&sessionId=14ed5188a8694a22a77ff498860aa315&referer=https%3A%2F%2Fbuy.cloud.tencent.com%2Flowcode%3FbuyType%3Dtcb:0
[  919904ms] [ERROR] Failed to load resource: net::ERR_CONNECTION_CLOSED @ https://rumt-zh.com/speed?from=https%3A%2F%2Fbuy.cloud.tencent.com%2Forder%2Fcheck&id=nGLOZiKDeLo71dDead&uin=100048431065&version=1.43.57&aid=696bda3c-0e0b-4bcc-a005-f299f1c8d932&env=production&ext1=platform&platform=3&netType=3&vp=1707%20*%20932&sr=1707%20*%201067&sessionId=14ed5188a8694a22a77ff498860aa315&referer=https%3A%2F%2Fbuy.cloud.tencent.com%2Flowcode%3FbuyType%3Dtcb:0
[  921328ms] [ERROR] Failed to load resource: net::ERR_CONNECTION_CLOSED @ https://rumt-zh.com/speed?from=https%3A%2F%2Fbuy.cloud.tencent.com%2Forder%2Fcheck&id=nGLOZiKDeLo71dDead&uin=100048431065&version=1.43.57&aid=696bda3c-0e0b-4bcc-a005-f299f1c8d932&env=production&ext1=platform&platform=3&netType=3&vp=1707%20*%20932&sr=1707%20*%201067&sessionId=14ed5188a8694a22a77ff498860aa315&referer=https%3A%2F%2Fbuy.cloud.tencent.com%2Flowcode%3FbuyType%3Dtcb:0
[  923778ms] [ERROR] Failed to load resource: net::ERR_CONNECTION_CLOSED @ https://rumt-zh.com/collect?from=https%3A%2F%2Fbuy.cloud.tencent.com%2Forder%2Fcheck&id=nGLOZiKDeLo71dDead&uin=100048431065&version=1.43.57&aid=696bda3c-0e0b-4bcc-a005-f299f1c8d932&env=production&ext1=platform&platform=3&netType=3&vp=1707%20*%20932&sr=1707%20*%201067&sessionId=14ed5188a8694a22a77ff498860aa315&referer=https%3A%2F%2Fbuy.cloud.tencent.com%2Flowcode%3FbuyType%3Dtcb:0
[  924095ms] [ERROR] Failed to load resource: net::ERR_CONNECTION_CLOSED @ https://rumt-zh.com/speed?from=https%3A%2F%2Fbuy.cloud.tencent.com%2Forder%2Fcheck&id=nGLOZiKDeLo71dDead&uin=100048431065&version=1.43.57&aid=696bda3c-0e0b-4bcc-a005-f299f1c8d932&env=production&ext1=platform&platform=3&netType=4&vp=1707%20*%20932&sr=1707%20*%201067&sessionId=14ed5188a8694a22a77ff498860aa315&referer=https%3A%2F%2Fbuy.cloud.tencent.com%2Flowcode%3FbuyType%3Dtcb:0
[  924349ms] [ERROR] Failed to load resource: net::ERR_CONNECTION_CLOSED @ https://rumt-zh.com/collect?from=https%3A%2F%2Fbuy.cloud.tencent.com%2Forder%2Fcheck&id=nGLOZiKDeLo71dDead&uin=100048431065&version=1.43.57&aid=696bda3c-0e0b-4bcc-a005-f299f1c8d932&env=production&ext1=platform&platform=3&netType=4&vp=1707%20*%20932&sr=1707%20*%201067&sessionId=14ed5188a8694a22a77ff498860aa315&referer=https%3A%2F%2Fbuy.cloud.tencent.com%2Flowcode%3FbuyType%3Dtcb:0
[  924407ms] [ERROR] Failed to load resource: net::ERR_CONNECTION_CLOSED @ https://rumt-zh.com/collect?from=https%3A%2F%2Fbuy.cloud.tencent.com%2Forder%2Fcheck&id=nGLOZiKDeLo71dDead&uin=100048431065&version=1.43.57&aid=696bda3c-0e0b-4bcc-a005-f299f1c8d932&env=production&ext1=platform&platform=3&netType=4&vp=1707%20*%20932&sr=1707%20*%201067&sessionId=14ed5188a8694a22a77ff498860aa315&referer=https%3A%2F%2Fbuy.cloud.tencent.com%2Flowcode%3FbuyType%3Dtcb:0
[  924682ms] [ERROR] Failed to load resource: net::ERR_CONNECTION_CLOSED @ https://sensors.cloud.tencent.com:8106/sa?project=default&token=schemaLimited-zEb9s3Rz:0
[  924790ms] [ERROR] Failed to load resource: net::ERR_CONNECTION_CLOSED @ https://sensors.cloud.tencent.com:8106/sa?project=default&token=schemaLimited-zEb9s3Rz:0
[  924895ms] [ERROR] Failed to load resource: net::ERR_CONNECTION_CLOSED @ https://sensors.cloud.tencent.com:8106/sa?project=default&token=schemaLimited-zEb9s3Rz:0
[  924895ms] [ERROR] Failed to load resource: net::ERR_CONNECTION_CLOSED @ https://sensors.cloud.tencent.com:8106/sa?project=default&token=schemaLimited-zEb9s3Rz:0
[  924895ms] [ERROR] Failed to load resource: net::ERR_CONNECTION_CLOSED @ https://sensors.cloud.tencent.com:8106/sa?project=default&token=schemaLimited-zEb9s3Rz:0
[  925416ms] [ERROR] Failed to load resource: net::ERR_CONNECTION_CLOSED @ https://rumt-zh.com/collect?from=https%3A%2F%2Fbuy.cloud.tencent.com%2Forder%2Fcheck&id=nGLOZiKDeLo71dDead&uin=100048431065&version=1.43.57&aid=696bda3c-0e0b-4bcc-a005-f299f1c8d932&env=production&ext1=platform&platform=3&netType=4&vp=1707%20*%20932&sr=1707%20*%201067&sessionId=14ed5188a8694a22a77ff498860aa315&referer=https%3A%2F%2Fbuy.cloud.tencent.com%2Flowcode%3FbuyType%3Dtcb:0
[  925753ms] [ERROR] Failed to load resource: net::ERR_CONNECTION_CLOSED @ https://rumt-zh.com/speed?from=https%3A%2F%2Fbuy.cloud.tencent.com%2Forder%2Fcheck&id=nGLOZiKDeLo71dDead&uin=100048431065&version=1.43.57&aid=696bda3c-0e0b-4bcc-a005-f299f1c8d932&env=production&ext1=platform&platform=3&netType=4&vp=1707%20*%20932&sr=1707%20*%201067&sessionId=14ed5188a8694a22a77ff498860aa315&referer=https%3A%2F%2Fbuy.cloud.tencent.com%2Flowcode%3FbuyType%3Dtcb:0
[  938920ms] [ERROR] Failed to load resource: net::ERR_CONNECTION_CLOSED @ https://rumt-zh.com/collect?from=https%3A%2F%2Fbuy.cloud.tencent.com%2Forder%2Fcheck&id=nGLOZiKDeLo71dDead&uin=100048431065&version=1.43.57&aid=696bda3c-0e0b-4bcc-a005-f299f1c8d932&env=production&ext1=platform&platform=3&netType=4&vp=1707%20*%20932&sr=1707%20*%201067&sessionId=14ed5188a8694a22a77ff498860aa315&referer=https%3A%2F%2Fbuy.cloud.tencent.com%2Flowcode%3FbuyType%3Dtcb:0
[  939486ms] [ERROR] Failed to load resource: net::ERR_CONNECTION_CLOSED @ https://rumt-zh.com/speed?from=https%3A%2F%2Fbuy.cloud.tencent.com%2Forder%2Fcheck&id=nGLOZiKDeLo71dDead&uin=100048431065&version=1.43.57&aid=696bda3c-0e0b-4bcc-a005-f299f1c8d932&env=production&ext1=platform&platform=3&netType=4&vp=1707%20*%20932&sr=1707%20*%201067&sessionId=14ed5188a8694a22a77ff498860aa315&referer=https%3A%2F%2Fbuy.cloud.tencent.com%2Flowcode%3FbuyType%3Dtcb:0
[  939891ms] [ERROR] Failed to load resource: net::ERR_CONNECTION_CLOSED @ https://rumt-zh.com/rateConfig?id=nGLOZiKDeLo71dDead&uin=100048431065&version=1.43.57&aid=696bda3c-0e0b-4bcc-a005-f299f1c8d932&env=production&ext1=platform&platform=3&netType=4&vp=1707%20*%20932&sr=1707%20*%201067&sessionId=14ed5188a8694a22a77ff498860aa315&from=https%3A%2F%2Fbuy.cloud.tencent.com%2Forder%2Fcheck&referer=https%3A%2F%2Fbuy.cloud.tencent.com%2Flowcode%3FbuyType%3Dtcb:0
[  941799ms] [ERROR] Failed to load resource: net::ERR_CONNECTION_CLOSED @ https://rumt-zh.com/rateConfig?id=KqnrSUjzKbbPshIJcF&uin=100048431065&version=1.43.57&aid=696bda3c-0e0b-4bcc-a005-f299f1c8d932&env=production&platform=3&netType=3&vp=1707%20*%20932&sr=1707%20*%201067&sessionId=14ed5188a8694a22a77ff498860aa315&from=https%3A%2F%2Fbuy.cloud.tencent.com%2Forder%2Fcheck&referer=https%3A%2F%2Fbuy.cloud.tencent.com%2Flowcode%3FbuyType%3Dtcb:0
[  964803ms] [ERROR] Failed to load resource: net::ERR_CONNECTION_CLOSED @ https://sensors.cloud.tencent.com:8106/sa?project=default&token=schemaLimited-zEb9s3Rz:0
[  972735ms] [ERROR] Failed to load resource: net::ERR_CONNECTION_CLOSED @ https://sensors.cloud.tencent.com:8106/sa?project=default&token=schemaLimited-zEb9s3Rz:0
[  974373ms] [ERROR] Failed to load resource: net::ERR_CONNECTION_CLOSED @ https://sensors.cloud.tencent.com:8106/sa?project=default&token=schemaLimited-zEb9s3Rz:0
[  978507ms] [ERROR] Failed to load resource: net::ERR_CONNECTION_CLOSED @ https://rumt-zh.com/collect?from=https%3A%2F%2Fbuy.cloud.tencent.com%2Forder%2Fcheck&id=nGLOZiKDeLo71dDead&uin=100048431065&version=1.43.57&aid=696bda3c-0e0b-4bcc-a005-f299f1c8d932&env=production&ext1=platform&platform=3&netType=4&vp=1707%20*%20932&sr=1707%20*%201067&sessionId=14ed5188a8694a22a77ff498860aa315&referer=https%3A%2F%2Fbuy.cloud.tencent.com%2Flowcode%3FbuyType%3Dtcb:0
[  978507ms] [ERROR] Failed to load resource: net::ERR_CONNECTION_CLOSED @ https://rumt-zh.com/speed?from=https%3A%2F%2Fbuy.cloud.tencent.com%2Forder%2Fcheck&id=nGLOZiKDeLo71dDead&uin=100048431065&version=1.43.57&aid=696bda3c-0e0b-4bcc-a005-f299f1c8d932&env=production&ext1=platform&platform=3&netType=4&vp=1707%20*%20932&sr=1707%20*%201067&sessionId=14ed5188a8694a22a77ff498860aa315&referer=https%3A%2F%2Fbuy.cloud.tencent.com%2Flowcode%3FbuyType%3Dtcb:0
[  978508ms] [ERROR] Failed to load resource: net::ERR_CONNECTION_CLOSED @ https://gatherer.m.qq.com/event/report:0
[  978885ms] [ERROR] Failed to load resource: net::ERR_CONNECTION_CLOSED @ https://rumt-zh.com/collect?from=https%3A%2F%2Fbuy.cloud.tencent.com%2Forder%2Fcheck&id=nGLOZiKDeLo71dDead&uin=100048431065&version=1.43.57&aid=696bda3c-0e0b-4bcc-a005-f299f1c8d932&env=production&ext1=platform&platform=3&netType=4&vp=1707%20*%20932&sr=1707%20*%201067&sessionId=14ed5188a8694a22a77ff498860aa315&referer=https%3A%2F%2Fbuy.cloud.tencent.com%2Flowcode%3FbuyType%3Dtcb:0
[  979095ms] [ERROR] Failed to load resource: net::ERR_CONNECTION_CLOSED @ https://browsertdidticket.m.qq.com/:0
[  979190ms] [ERROR] Failed to load resource: net::ERR_CONNECTION_CLOSED @ https://rumt-zh.com/speed?from=https%3A%2F%2Fbuy.cloud.tencent.com%2Forder%2Fcheck&id=nGLOZiKDeLo71dDead&uin=100048431065&version=1.43.57&aid=696bda3c-0e0b-4bcc-a005-f299f1c8d932&env=production&ext1=platform&platform=3&netType=4&vp=1707%20*%20932&sr=1707%20*%201067&sessionId=14ed5188a8694a22a77ff498860aa315&referer=https%3A%2F%2Fbuy.cloud.tencent.com%2Flowcode%3FbuyType%3Dtcb:0
[  979453ms] [ERROR] Failed to load resource: net::ERR_CONNECTION_CLOSED @ https://gatherer.m.qq.com/event/report:0
[  979712ms] [ERROR] Failed to load resource: net::ERR_CONNECTION_CLOSED @ https://browsertdidticket.m.qq.com/:0
[  980090ms] [ERROR] Failed to load resource: net::ERR_CONNECTION_CLOSED @ https://gatherer.m.qq.com/event/report:0
[  980682ms] [ERROR] Failed to load resource: net::ERR_CONNECTION_CLOSED @ https://rumt-zh.com/collect?from=https%3A%2F%2Fbuy.cloud.tencent.com%2Forder%2Fcheck&id=nGLOZiKDeLo71dDead&uin=100048431065&version=1.43.57&aid=696bda3c-0e0b-4bcc-a005-f299f1c8d932&env=production&ext1=platform&platform=3&netType=4&vp=1707%20*%20932&sr=1707%20*%201067&sessionId=14ed5188a8694a22a77ff498860aa315&referer=https%3A%2F%2Fbuy.cloud.tencent.com%2Flowcode%3FbuyType%3Dtcb:0
[  983052ms] [ERROR] Failed to load resource: net::ERR_CONNECTION_CLOSED @ https://rumt-zh.com/collect?from=https%3A%2F%2Fbuy.cloud.tencent.com%2Forder%2Fcheck&id=nGLOZiKDeLo71dDead&uin=100048431065&version=1.43.57&aid=696bda3c-0e0b-4bcc-a005-f299f1c8d932&env=production&ext1=platform&platform=3&netType=4&vp=1707%20*%20932&sr=1707%20*%201067&sessionId=14ed5188a8694a22a77ff498860aa315&referer=https%3A%2F%2Fbuy.cloud.tencent.com%2Flowcode%3FbuyType%3Dtcb:0
[  983594ms] [ERROR] Failed to load resource: net::ERR_CONNECTION_CLOSED @ https://rumt-zh.com/speed?from=https%3A%2F%2Fbuy.cloud.tencent.com%2Forder%2Fcheck&id=nGLOZiKDeLo71dDead&uin=100048431065&version=1.43.57&aid=696bda3c-0e0b-4bcc-a005-f299f1c8d932&env=production&ext1=platform&platform=3&netType=4&vp=1707%20*%20932&sr=1707%20*%201067&sessionId=14ed5188a8694a22a77ff498860aa315&referer=https%3A%2F%2Fbuy.cloud.tencent.com%2Flowcode%3FbuyType%3Dtcb:0
[  984189ms] [ERROR] Failed to load resource: net::ERR_CONNECTION_CLOSED @ https://rumt-zh.com/collect?from=https%3A%2F%2Fbuy.cloud.tencent.com%2Forder%2Fcheck&id=nGLOZiKDeLo71dDead&uin=100048431065&version=1.43.57&aid=696bda3c-0e0b-4bcc-a005-f299f1c8d932&env=production&ext1=platform&platform=3&netType=4&vp=1707%20*%20932&sr=1707%20*%201067&sessionId=14ed5188a8694a22a77ff498860aa315&referer=https%3A%2F%2Fbuy.cloud.tencent.com%2Flowcode%3FbuyType%3Dtcb:0
[  984506ms] [ERROR] Failed to load resource: net::ERR_CONNECTION_CLOSED @ https://rumt-zh.com/speed?from=https%3A%2F%2Fbuy.cloud.tencent.com%2Forder%2Fcheck&id=nGLOZiKDeLo71dDead&uin=100048431065&version=1.43.57&aid=696bda3c-0e0b-4bcc-a005-f299f1c8d932&env=production&ext1=platform&platform=3&netType=4&vp=1707%20*%20932&sr=1707%20*%201067&sessionId=14ed5188a8694a22a77ff498860aa315&referer=https%3A%2F%2Fbuy.cloud.tencent.com%2Flowcode%3FbuyType%3Dtcb:0
[  988147ms] [ERROR] Failed to load resource: net::ERR_CONNECTION_CLOSED @ https://sensors.cloud.tencent.com:8106/sa?project=default&token=schemaLimited-zEb9s3Rz:0
[  988147ms] [ERROR] Failed to load resource: net::ERR_CONNECTION_CLOSED @ https://sensors.cloud.tencent.com:8106/sa?project=default&token=schemaLimited-zEb9s3Rz:0
[  989019ms] [ERROR] Failed to load resource: net::ERR_CONNECTION_CLOSED @ https://sensors.cloud.tencent.com:8106/sa?project=default&token=schemaLimited-zEb9s3Rz:0
[  990573ms] [ERROR] Failed to load resource: net::ERR_CONNECTION_CLOSED @ https://rumt-zh.com/collect?from=https%3A%2F%2Fbuy.cloud.tencent.com%2Forder%2Fcheck&id=nGLOZiKDeLo71dDead&uin=100048431065&version=1.43.57&aid=696bda3c-0e0b-4bcc-a005-f299f1c8d932&env=production&ext1=platform&platform=3&netType=4&vp=1707%20*%20932&sr=1707%20*%201067&sessionId=14ed5188a8694a22a77ff498860aa315&referer=https%3A%2F%2Fbuy.cloud.tencent.com%2Flowcode%3FbuyType%3Dtcb:0
[  990624ms] [ERROR] Failed to load resource: net::ERR_CONNECTION_CLOSED @ https://sensors.cloud.tencent.com:8106/sa?project=default&token=schemaLimited-zEb9s3Rz:0
[  991131ms] [ERROR] Failed to load resource: net::ERR_CONNECTION_CLOSED @ https://rumt-zh.com/speed?from=https%3A%2F%2Fbuy.cloud.tencent.com%2Forder%2Fcheck&id=nGLOZiKDeLo71dDead&uin=100048431065&version=1.43.57&aid=696bda3c-0e0b-4bcc-a005-f299f1c8d932&env=production&ext1=platform&platform=3&netType=4&vp=1707%20*%20932&sr=1707%20*%201067&sessionId=14ed5188a8694a22a77ff498860aa315&referer=https%3A%2F%2Fbuy.cloud.tencent.com%2Flowcode%3FbuyType%3Dtcb:0
[  991941ms] [ERROR] Failed to load resource: net::ERR_CONNECTION_CLOSED @ https://rumt-zh.com/collect?from=https%3A%2F%2Fbuy.cloud.tencent.com%2Forder%2Fcheck&id=nGLOZiKDeLo71dDead&uin=100048431065&version=1.43.57&aid=696bda3c-0e0b-4bcc-a005-f299f1c8d932&env=production&ext1=platform&platform=3&netType=4&vp=1707%20*%20932&sr=1707%20*%201067&sessionId=14ed5188a8694a22a77ff498860aa315&referer=https%3A%2F%2Fbuy.cloud.tencent.com%2Flowcode%3FbuyType%3Dtcb:0
[  991942ms] [ERROR] Failed to load resource: net::ERR_CONNECTION_CLOSED @ https://rumt-zh.com/speed?from=https%3A%2F%2Fbuy.cloud.tencent.com%2Forder%2Fcheck&id=nGLOZiKDeLo71dDead&uin=100048431065&version=1.43.57&aid=696bda3c-0e0b-4bcc-a005-f299f1c8d932&env=production&ext1=platform&platform=3&netType=4&vp=1707%20*%20932&sr=1707%20*%201067&sessionId=14ed5188a8694a22a77ff498860aa315&referer=https%3A%2F%2Fbuy.cloud.tencent.com%2Flowcode%3FbuyType%3Dtcb:0
[ 1026772ms] [ERROR] Failed to load resource: net::ERR_CONNECTION_CLOSED @ https://sensors.cloud.tencent.com:8106/sa?project=default&token=schemaLimited-zEb9s3Rz:0
[ 1030888ms] [ERROR] Failed to load resource: net::ERR_CONNECTION_CLOSED @ https://rumt-zh.com/speed/webvitals?FCP=2352&LCP=-1&FID=5.9000000059604645&CLS=-1&INP=-1&TTI=19540.59999999404&from=https%3A%2F%2Fbuy.cloud.tencent.com%2Forder%2Fcheck&id=nGLOZiKDeLo71dDead&uin=100048431065&version=1.43.57&aid=696bda3c-0e0b-4bcc-a005-f299f1c8d932&env=production&ext1=platform&platform=3&netType=4&vp=1707%20*%20932&sr=1707%20*%201067&sessionId=14ed5188a8694a22a77ff498860aa315&referer=https%3A%2F%2Fbuy.cloud.tencent.com%2Flowcode%3FbuyType%3Dtcb:0
[ 1030959ms] [ERROR] Failed to load resource: net::ERR_CONNECTION_CLOSED @ https://ping.cloud.tencent.com/trafficCollect.php?expKey=stayTime&expValue=125165&uin=100048431065&ul=https%3A%2F%2Fbuy.cloud.tencent.com%2Forder%2Fcheck&referer=https%3A%2F%2Fbuy.cloud.tencent.com%2Flowcode%3FbuyType%3Dtcb&fromSource=qcloud.directEnter.login&visitId=9ef819f9c814ce53d099ec8282d2cc8d&landingpage=https%3A%2F%2Fbuy.cloud.tencent.com%2Flowcode%3FbuyType%3Dtcb&language=zh&lastLoginType=&_ga=&pageTitle=%E7%A1%AE%E8%AE%A4%E4%BA%A7%E5%93%81%E4%BF%A1%E6%81%AF-%E8%85%BE%E8%AE%AF%E4%BA%91&from=&from_column=&type=OfficialNetworkTraffic&t=1777206028878:0
[ 1031105ms] [ERROR] Failed to load resource: net::ERR_CONNECTION_CLOSED @ https://sensors.cloud.tencent.com:8106/sa?project=default&token=schemaLimited-zEb9s3Rz:0
[ 1031217ms] [ERROR] Failed to load resource: net::ERR_CONNECTION_CLOSED @ https://sensors.cloud.tencent.com:8106/sa?project=default&token=schemaLimited-zEb9s3Rz:0
[ 1032512ms] [LOG] [decodeBeaconParams] Unexpected end of JSON input @ https://cloudcache.tencent-cloud.com/qcloud/buy/tcb_buy/dist/order/done.7cd03bf2b6f58190e354.js:94
[ 1032628ms] [ERROR] Failed to load resource: net::ERR_CONNECTION_CLOSED @ https://rumt-zh.com/collect/whitelist?id=nGLOZiKDeLo71dDead&uin=100048431065&version=1.43.57&aid=696bda3c-0e0b-4bcc-a005-f299f1c8d932&env=production&ext1=platform&platform=3&netType=4&vp=1707%20*%20932&sr=1707%20*%201067&sessionId=14ed5188a8694a22a77ff498860aa315&from=https%3A%2F%2Fbuy.cloud.tencent.com%2Forder%2Fdone%3Ffrom%3DpayDealBtn%26dealName%3D20260426065141641504001%26productFrom%3D%26payMode%3D1%26orderMode%3D0%26isAccountFinanceAgent%3Dfalse%26isBenefitPrePay%3Dfalse&referer=https%3A%2F%2Fbuy.cloud.tencent.com%2Forder%2Fcheck:0
[ 1032644ms] [ERROR] Failed to load resource: net::ERR_CONNECTION_CLOSED @ https://ping.cloud.tencent.com/trafficCollect.php?expKey=browse&expValue=https%3A%2F%2Fbuy.cloud.tencent.com%2Forder%2Fdone%3Ffrom%3DpayDealBtn%26dealName%3D20260426065141641504001%26productFrom%3D%26payMode%3D1%26orderMode%3D0%26isAccountFinanceAgent%3Dfalse%26isBenefitPrePay%3Dfalse&uin=100048431065&ul=https%3A%2F%2Fbuy.cloud.tencent.com%2Forder%2Fdone%3Ffrom%3DpayDealBtn%26dealName%3D20260426065141641504001%26productFrom%3D%26payMode%3D1%26orderMode%3D0%26isAccountFinanceAgent%3Dfalse%26isBenefitPrePay%3Dfalse&referer=https%3A%2F%2Fbuy.cloud.tencent.com%2Forder%2Fcheck&fromSource=qcloud.directEnter.login&visitId=9ef819f9c814ce53d099ec8282d2cc8d&landingpage=https%3A%2F%2Fbuy.cloud.tencent.com%2Flowcode%3FbuyType%3Dtcb&language=zh&lastLoginType=&_ga=&pageTitle=%E8%AE%A2%E5%8D%95%E6%94%AF%E4%BB%98-%E8%85%BE%E8%AE%AF%E4%BA%91&from=payDealBtn&from_column=&type=OfficialNetworkTraffic&t=1777206030563:0
[ 1033388ms] [ERROR] Failed to load resource: net::ERR_CONNECTION_CLOSED @ https://rumt-zh.com/rateConfig?id=nGLOZiKDeLo71dDead&uin=100048431065&version=1.43.57&aid=696bda3c-0e0b-4bcc-a005-f299f1c8d932&env=production&ext1=platform&platform=3&netType=4&vp=1707%20*%20932&sr=1707%20*%201067&sessionId=14ed5188a8694a22a77ff498860aa315&from=https%3A%2F%2Fbuy.cloud.tencent.com%2Forder%2Fdone%3Ffrom%3DpayDealBtn%26dealName%3D20260426065141641504001%26productFrom%3D%26payMode%3D1%26orderMode%3D0%26isAccountFinanceAgent%3Dfalse%26isBenefitPrePay%3Dfalse&referer=https%3A%2F%2Fbuy.cloud.tencent.com%2Forder%2Fcheck:0
[ 1033388ms] [ERROR] Failed to load resource: net::ERR_CONNECTION_CLOSED @ https://helix.cloud.tencent.com/web-sdk.js:0
[ 1033781ms] [ERROR] Failed to load resource: net::ERR_CONNECTION_CLOSED @ https://rumt-zh.com/collect/pv?originFrom=https%3A%2F%2Fbuy.cloud.tencent.com%2Forder%2Fdone%3Ffrom%3DpayDealBtn%26dealName%3D20260426065141641504001%26productFrom%3D%26payMode%3D1%26orderMode%3D0%26isAccountFinanceAgent%3Dfalse%26isBenefitPrePay%3Dfalse&id=nGLOZiKDeLo71dDead&uin=100048431065&version=1.43.57&aid=696bda3c-0e0b-4bcc-a005-f299f1c8d932&env=production&ext1=platform&platform=3&netType=4&vp=1707%20*%20932&sr=1707%20*%201067&sessionId=14ed5188a8694a22a77ff498860aa315&from=https%3A%2F%2Fbuy.cloud.tencent.com%2Forder%2Fdone%3Ffrom%3DpayDealBtn%26dealName%3D20260426065141641504001%26productFrom%3D%26payMode%3D1%26orderMode%3D0%26isAccountFinanceAgent%3Dfalse%26isBenefitPrePay%3Dfalse&referer=https%3A%2F%2Fbuy.cloud.tencent.com%2Forder%2Fcheck:0
[ 1034131ms] [ERROR] Failed to load resource: net::ERR_CONNECTION_CLOSED @ https://sensors.cloud.tencent.com:8106/sa?project=default&token=schemaLimited-zEb9s3Rz:0
[ 1034434ms] [ERROR] Failed to load resource: net::ERR_CONNECTION_CLOSED @ https://sensors.cloud.tencent.com:8106/sa?project=default&token=schemaLimited-zEb9s3Rz:0
[ 1034434ms] [ERROR] Failed to load resource: net::ERR_CONNECTION_CLOSED @ https://sensors.cloud.tencent.com:8106/sa?project=default&token=schemaLimited-zEb9s3Rz:0
[ 1034560ms] [ERROR] Failed to load resource: net::ERR_CONNECTION_CLOSED @ https://main.qcloudimg.com/image/product/547/16_16/gray.svg:0
[ 1034582ms] [ERROR] Failed to load resource: net::ERR_CONNECTION_CLOSED @ https://main.qcloudimg.com/image/product/500/16_16/gray.svg:0
[ 1034585ms] [ERROR] Failed to load resource: net::ERR_CONNECTION_CLOSED @ https://main.qcloudimg.com/image/product/2980/16_16/gray.svg:0
[ 1034606ms] [ERROR] Failed to load resource: net::ERR_CONNECTION_CLOSED @ https://main.qcloudimg.com/image/product/2478/16_16/gray.svg:0
[ 1034607ms] [ERROR] Failed to load resource: net::ERR_CONNECTION_CLOSED @ https://main.qcloudimg.com/image/product/2387/16_16/gray.svg:0
[ 1034652ms] [ERROR] Failed to load resource: net::ERR_CONNECTION_CLOSED @ https://rumt-zh.com/collect?from=https%3A%2F%2Fbuy.cloud.tencent.com%2Forder%2Fdone%3Ffrom%3DpayDealBtn%26dealName%3D20260426065141641504001%26productFrom%3D%26payMode%3D1%26orderMode%3D0%26isAccountFinanceAgent%3Dfalse%26isBenefitPrePay%3Dfalse&id=nGLOZiKDeLo71dDead&uin=100048431065&version=1.43.57&aid=696bda3c-0e0b-4bcc-a005-f299f1c8d932&env=production&ext1=platform&platform=3&netType=4&vp=1707%20*%20932&sr=1707%20*%201067&sessionId=14ed5188a8694a22a77ff498860aa315&referer=https%3A%2F%2Fbuy.cloud.tencent.com%2Forder%2Fcheck:0
[ 1034833ms] [ERROR] Failed to load resource: net::ERR_CONNECTION_CLOSED @ https://main.qcloudimg.com/image/product/501/16_16/gray.svg:0
[ 1034978ms] [ERROR] Failed to load resource: net::ERR_CONNECTION_CLOSED @ https://main.qcloudimg.com/image/product/2738/16_16/gray.svg:0
[ 1034987ms] [ERROR] Failed to load resource: net::ERR_CONNECTION_CLOSED @ https://main.qcloudimg.com/image/product/2678/16_16/gray.svg:0
[ 1034989ms] [ERROR] Failed to load resource: net::ERR_CONNECTION_CLOSED @ https://main.qcloudimg.com/image/product/2681/16_16/gray.svg:0
[ 1034989ms] [ERROR] Failed to load resource: net::ERR_CONNECTION_CLOSED @ https://main.qcloudimg.com/image/product/2684/16_16/gray.svg:0
[ 1034989ms] [ERROR] Failed to load resource: net::ERR_CONNECTION_CLOSED @ https://main.qcloudimg.com/image/product/2604/16_16/gray.svg:0
[ 1035018ms] [ERROR] Failed to load resource: net::ERR_CONNECTION_CLOSED @ https://rumt-zh.com/collect?from=https%3A%2F%2Fbuy.cloud.tencent.com%2Forder%2Fdone%3Ffrom%3DpayDealBtn%26dealName%3D20260426065141641504001%26productFrom%3D%26payMode%3D1%26orderMode%3D0%26isAccountFinanceAgent%3Dfalse%26isBenefitPrePay%3Dfalse&id=nGLOZiKDeLo71dDead&uin=100048431065&version=1.43.57&aid=696bda3c-0e0b-4bcc-a005-f299f1c8d932&env=production&ext1=platform&platform=3&netType=4&vp=1707%20*%20932&sr=1707%20*%201067&sessionId=14ed5188a8694a22a77ff498860aa315&referer=https%3A%2F%2Fbuy.cloud.tencent.com%2Forder%2Fcheck:0
[ 1035125ms] [ERROR] Failed to load resource: net::ERR_CONNECTION_CLOSED @ https://rumt-zh.com/collect?from=https%3A%2F%2Fbuy.cloud.tencent.com%2Forder%2Fdone%3Ffrom%3DpayDealBtn%26dealName%3D20260426065141641504001%26productFrom%3D%26payMode%3D1%26orderMode%3D0%26isAccountFinanceAgent%3Dfalse%26isBenefitPrePay%3Dfalse&id=nGLOZiKDeLo71dDead&uin=100048431065&version=1.43.57&aid=696bda3c-0e0b-4bcc-a005-f299f1c8d932&env=production&ext1=platform&platform=3&netType=4&vp=1707%20*%20932&sr=1707%20*%201067&sessionId=14ed5188a8694a22a77ff498860aa315&referer=https%3A%2F%2Fbuy.cloud.tencent.com%2Forder%2Fcheck:0
[ 1035246ms] [ERROR] Failed to load resource: net::ERR_CONNECTION_CLOSED @ https://rumt-zh.com/speed/performance?dnsLookup=0&tcp=0&ssl=0&ttfb=830&contentDownload=520&domParse=759&resourceDownload=1070&firstScreenTiming=1520&from=https%3A%2F%2Fbuy.cloud.tencent.com%2Forder%2Fdone%3Ffrom%3DpayDealBtn%26dealName%3D20260426065141641504001%26productFrom%3D%26payMode%3D1%26orderMode%3D0%26isAccountFinanceAgent%3Dfalse%26isBenefitPrePay%3Dfalse&id=nGLOZiKDeLo71dDead&uin=100048431065&version=1.43.57&aid=696bda3c-0e0b-4bcc-a005-f299f1c8d932&env=production&ext1=platform&platform=3&netType=4&vp=1707%20*%20932&sr=1707%20*%201067&sessionId=14ed5188a8694a22a77ff498860aa315&referer=https%3A%2F%2Fbuy.cloud.tencent.com%2Forder%2Fcheck:0
[ 1035292ms] [ERROR] Failed to load resource: net::ERR_CONNECTION_CLOSED @ https://ping.cloud.tencent.com/trafficCollect.php?expKey=stayTime&expValue=2677&uin=100048431065&ul=https%3A%2F%2Fbuy.cloud.tencent.com%2Forder%2Fdone%3Ffrom%3DpayDealBtn%26dealName%3D20260426065141641504001%26productFrom%3D%26payMode%3D1%26orderMode%3D0%26isAccountFinanceAgent%3Dfalse%26isBenefitPrePay%3Dfalse&referer=https%3A%2F%2Fbuy.cloud.tencent.com%2Forder%2Fcheck&fromSource=qcloud.directEnter.login&visitId=9ef819f9c814ce53d099ec8282d2cc8d&landingpage=https%3A%2F%2Fbuy.cloud.tencent.com%2Flowcode%3FbuyType%3Dtcb&language=zh&lastLoginType=&_ga=&pageTitle=%E8%AE%A2%E5%8D%95%E6%94%AF%E4%BB%98-%E8%85%BE%E8%AE%AF%E4%BA%91&from=payDealBtn&from_column=&type=OfficialNetworkTraffic&t=1777206033237:0
[ 1035354ms] [ERROR] Failed to load resource: net::ERR_CONNECTION_CLOSED @ https://main.qcloudimg.com/image/product/2605/16_16/gray.svg:0
[ 1035384ms] [ERROR] Failed to load resource: net::ERR_CONNECTION_CLOSED @ https://main.qcloudimg.com/image/product/2606/16_16/gray.svg:0
[ 1035419ms] [ERROR] Failed to load resource: net::ERR_CONNECTION_CLOSED @ https://main.qcloudimg.com/image/product/2607/16_16/gray.svg:0
[ 1035494ms] [ERROR] Failed to load resource: net::ERR_CONNECTION_CLOSED @ https://rumt-zh.com/collect?from=https%3A%2F%2Fbuy.cloud.tencent.com%2Forder%2Fdone%3Ffrom%3DpayDealBtn%26dealName%3D20260426065141641504001%26productFrom%3D%26payMode%3D1%26orderMode%3D0%26isAccountFinanceAgent%3Dfalse%26isBenefitPrePay%3Dfalse&id=nGLOZiKDeLo71dDead&uin=100048431065&version=1.43.57&aid=696bda3c-0e0b-4bcc-a005-f299f1c8d932&env=production&ext1=platform&platform=3&netType=4&vp=1707%20*%20932&sr=1707%20*%201067&sessionId=14ed5188a8694a22a77ff498860aa315&referer=https%3A%2F%2Fbuy.cloud.tencent.com%2Forder%2Fcheck:0
[ 1035494ms] [ERROR] Failed to load resource: net::ERR_CONNECTION_CLOSED @ https://rumt-zh.com/collect?from=https%3A%2F%2Fbuy.cloud.tencent.com%2Forder%2Fdone%3Ffrom%3DpayDealBtn%26dealName%3D20260426065141641504001%26productFrom%3D%26payMode%3D1%26orderMode%3D0%26isAccountFinanceAgent%3Dfalse%26isBenefitPrePay%3Dfalse&id=nGLOZiKDeLo71dDead&uin=100048431065&version=1.43.57&aid=696bda3c-0e0b-4bcc-a005-f299f1c8d932&env=production&ext1=platform&platform=3&netType=4&vp=1707%20*%20932&sr=1707%20*%201067&sessionId=14ed5188a8694a22a77ff498860aa315&referer=https%3A%2F%2Fbuy.cloud.tencent.com%2Forder%2Fcheck:0
[ 1035548ms] [ERROR] Failed to load resource: net::ERR_CONNECTION_CLOSED @ https://rumt-zh.com/speed/webvitals?FCP=1520&LCP=-1&FID=-1&CLS=-1&INP=-1&TTI=-1&from=https%3A%2F%2Fbuy.cloud.tencent.com%2Forder%2Fdone%3Ffrom%3DpayDealBtn%26dealName%3D20260426065141641504001%26productFrom%3D%26payMode%3D1%26orderMode%3D0%26isAccountFinanceAgent%3Dfalse%26isBenefitPrePay%3Dfalse&id=nGLOZiKDeLo71dDead&uin=100048431065&version=1.43.57&aid=696bda3c-0e0b-4bcc-a005-f299f1c8d932&env=production&ext1=platform&platform=3&netType=4&vp=1707%20*%20932&sr=1707%20*%201067&sessionId=14ed5188a8694a22a77ff498860aa315&referer=https%3A%2F%2Fbuy.cloud.tencent.com%2Forder%2Fcheck:0
[ 1035560ms] [ERROR] Failed to load resource: net::ERR_CONNECTION_CLOSED @ https://sensors.cloud.tencent.com:8106/sa?project=default&token=schemaLimited-zEb9s3Rz:0
[ 1035560ms] [ERROR] Failed to load resource: net::ERR_CONNECTION_CLOSED @ https://sensors.cloud.tencent.com:8106/sa?project=default&token=schemaLimited-zEb9s3Rz:0
[ 1035564ms] [ERROR] Failed to load resource: net::ERR_CONNECTION_CLOSED @ https://main.qcloudimg.com/image/product/2608/16_16/gray.svg:0
[ 1035566ms] [ERROR] Failed to load resource: net::ERR_CONNECTION_CLOSED @ https://main.qcloudimg.com/image/product/504/16_16/gray.svg:0
[ 1035675ms] [ERROR] Failed to load resource: net::ERR_CONNECTION_CLOSED @ https://sensors.cloud.tencent.com:8106/sa?project=default&token=schemaLimited-zEb9s3Rz:0
[ 1038298ms] [ERROR] Failed to load resource: net::ERR_CONNECTION_CLOSED @ https://rumt-zh.com/collect/whitelist?id=nGLOZiKDeLo71dDead&uin=100048431065&version=1.43.57&aid=696bda3c-0e0b-4bcc-a005-f299f1c8d932&env=production&ext1=platform&platform=3&netType=3&vp=1707%20*%20932&sr=1707%20*%201067&sessionId=14ed5188a8694a22a77ff498860aa315&from=https%3A%2F%2Fbuy.cloud.tencent.com%2Forder%2Fdone%3Ffrom%3DpayDealBtn%26dealName%3D20260426065141641504001%26productFrom%3D%26payMode%3D1%26orderMode%3D0%26isAccountFinanceAgent%3Dfalse%26isBenefitPrePay%3Dfalse&referer=https%3A%2F%2Fbuy.cloud.tencent.com%2Forder%2Fcheck:0
[ 1038598ms] [ERROR] Failed to load resource: net::ERR_CONNECTION_CLOSED @ https://rumt-zh.com/rateConfig?id=nGLOZiKDeLo71dDead&uin=100048431065&version=1.43.57&aid=696bda3c-0e0b-4bcc-a005-f299f1c8d932&env=production&ext1=platform&platform=3&netType=3&vp=1707%20*%20932&sr=1707%20*%201067&sessionId=14ed5188a8694a22a77ff498860aa315&from=https%3A%2F%2Fbuy.cloud.tencent.com%2Forder%2Fdone%3Ffrom%3DpayDealBtn%26dealName%3D20260426065141641504001%26productFrom%3D%26payMode%3D1%26orderMode%3D0%26isAccountFinanceAgent%3Dfalse%26isBenefitPrePay%3Dfalse&referer=https%3A%2F%2Fbuy.cloud.tencent.com%2Forder%2Fcheck:0
[ 1038967ms] [ERROR] Failed to load resource: net::ERR_CONNECTION_CLOSED @ https://rumt-zh.com/collect/pv?originFrom=https%3A%2F%2Fbuy.cloud.tencent.com%2Forder%2Fdone%3Ffrom%3DpayDealBtn%26dealName%3D20260426065141641504001%26productFrom%3D%26payMode%3D1%26orderMode%3D0%26isAccountFinanceAgent%3Dfalse%26isBenefitPrePay%3Dfalse&id=nGLOZiKDeLo71dDead&uin=100048431065&version=1.43.57&aid=696bda3c-0e0b-4bcc-a005-f299f1c8d932&env=production&ext1=platform&platform=3&netType=3&vp=1707%20*%20932&sr=1707%20*%201067&sessionId=14ed5188a8694a22a77ff498860aa315&from=https%3A%2F%2Fbuy.cloud.tencent.com%2Forder%2Fdone%3Ffrom%3DpayDealBtn%26dealName%3D20260426065141641504001%26productFrom%3D%26payMode%3D1%26orderMode%3D0%26isAccountFinanceAgent%3Dfalse%26isBenefitPrePay%3Dfalse&referer=https%3A%2F%2Fbuy.cloud.tencent.com%2Forder%2Fcheck:0
[ 1039232ms] [LOG] [decodeBeaconParams] Unexpected end of JSON input @ https://cloudcache.tencent-cloud.com/qcloud/buy/tcb_buy/dist/order/done.7cd03bf2b6f58190e354.js:94
[ 1039352ms] [ERROR] Failed to load resource: net::ERR_CONNECTION_CLOSED @ https://helix.cloud.tencent.com/web-sdk.js:0
[ 1039635ms] [ERROR] Failed to load resource: net::ERR_CONNECTION_CLOSED @ https://ping.cloud.tencent.com/trafficCollect.php?expKey=browse&expValue=https%3A%2F%2Fbuy.cloud.tencent.com%2Forder%2Fdone%3Ffrom%3DpayDealBtn%26dealName%3D20260426065141641504001%26productFrom%3D%26payMode%3D1%26orderMode%3D0%26isAccountFinanceAgent%3Dfalse%26isBenefitPrePay%3Dfalse&uin=100048431065&ul=https%3A%2F%2Fbuy.cloud.tencent.com%2Forder%2Fdone%3Ffrom%3DpayDealBtn%26dealName%3D20260426065141641504001%26productFrom%3D%26payMode%3D1%26orderMode%3D0%26isAccountFinanceAgent%3Dfalse%26isBenefitPrePay%3Dfalse&referer=https%3A%2F%2Fbuy.cloud.tencent.com%2Forder%2Fcheck&fromSource=qcloud.directEnter.login&visitId=9ef819f9c814ce53d099ec8282d2cc8d&landingpage=https%3A%2F%2Fbuy.cloud.tencent.com%2Flowcode%3FbuyType%3Dtcb&language=zh&lastLoginType=&_ga=&pageTitle=%E8%AE%A2%E5%8D%95%E6%94%AF%E4%BB%98-%E8%85%BE%E8%AE%AF%E4%BA%91&from=payDealBtn&from_column=&type=OfficialNetworkTraffic&t=1777206036360:0
[ 1040210ms] [ERROR] Failed to load resource: net::ERR_CONNECTION_CLOSED @ https://rumt-zh.com/speed?from=https%3A%2F%2Fbuy.cloud.tencent.com%2Forder%2Fdone%3Ffrom%3DpayDealBtn%26dealName%3D20260426065141641504001%26productFrom%3D%26payMode%3D1%26orderMode%3D0%26isAccountFinanceAgent%3Dfalse%26isBenefitPrePay%3Dfalse&id=nGLOZiKDeLo71dDead&uin=100048431065&version=1.43.57&aid=696bda3c-0e0b-4bcc-a005-f299f1c8d932&env=production&ext1=platform&platform=3&netType=3&vp=1707%20*%20932&sr=1707%20*%201067&sessionId=14ed5188a8694a22a77ff498860aa315&referer=https%3A%2F%2Fbuy.cloud.tencent.com%2Forder%2Fcheck:0
[ 1040595ms] [ERROR] Failed to load resource: net::ERR_CONNECTION_CLOSED @ https://rumt-zh.com/collect?from=https%3A%2F%2Fbuy.cloud.tencent.com%2Forder%2Fdone%3Ffrom%3DpayDealBtn%26dealName%3D20260426065141641504001%26productFrom%3D%26payMode%3D1%26orderMode%3D0%26isAccountFinanceAgent%3Dfalse%26isBenefitPrePay%3Dfalse&id=nGLOZiKDeLo71dDead&uin=100048431065&version=1.43.57&aid=696bda3c-0e0b-4bcc-a005-f299f1c8d932&env=production&ext1=platform&platform=3&netType=3&vp=1707%20*%20932&sr=1707%20*%201067&sessionId=14ed5188a8694a22a77ff498860aa315&referer=https%3A%2F%2Fbuy.cloud.tencent.com%2Forder%2Fcheck:0
[ 1041080ms] [ERROR] Failed to load resource: net::ERR_CONNECTION_CLOSED @ https://main.qcloudimg.com/image/product/547/16_16/gray.svg:0
[ 1041517ms] [ERROR] Failed to load resource: net::ERR_CONNECTION_CLOSED @ https://main.qcloudimg.com/image/product/500/16_16/gray.svg:0
[ 1041829ms] [ERROR] Failed to load resource: net::ERR_CONNECTION_CLOSED @ https://main.qcloudimg.com/image/product/2980/16_16/gray.svg:0
[ 1041837ms] [ERROR] Failed to load resource: net::ERR_CONNECTION_CLOSED @ https://main.qcloudimg.com/image/product/2478/16_16/gray.svg:0
[ 1042215ms] [ERROR] Failed to load resource: net::ERR_CONNECTION_CLOSED @ https://rumt-zh.com/collect?from=https%3A%2F%2Fbuy.cloud.tencent.com%2Forder%2Fdone%3Ffrom%3DpayDealBtn%26dealName%3D20260426065141641504001%26productFrom%3D%26payMode%3D1%26orderMode%3D0%26isAccountFinanceAgent%3Dfalse%26isBenefitPrePay%3Dfalse&id=nGLOZiKDeLo71dDead&uin=100048431065&version=1.43.57&aid=696bda3c-0e0b-4bcc-a005-f299f1c8d932&env=production&ext1=platform&platform=3&netType=3&vp=1707%20*%20932&sr=1707%20*%201067&sessionId=14ed5188a8694a22a77ff498860aa315&referer=https%3A%2F%2Fbuy.cloud.tencent.com%2Forder%2Fcheck:0
[ 1042474ms] [ERROR] Failed to load resource: net::ERR_CONNECTION_CLOSED @ https://rumt-zh.com/rateConfig?id=nGLOZiKDeLo71dDead&uin=100048431065&version=1.43.57&aid=696bda3c-0e0b-4bcc-a005-f299f1c8d932&env=production&ext1=platform&platform=3&netType=3&vp=1707%20*%20932&sr=1707%20*%201067&sessionId=14ed5188a8694a22a77ff498860aa315&from=https%3A%2F%2Fbuy.cloud.tencent.com%2Forder%2Fdone%3Ffrom%3DpayDealBtn%26dealName%3D20260426065141641504001%26productFrom%3D%26payMode%3D1%26orderMode%3D0%26isAccountFinanceAgent%3Dfalse%26isBenefitPrePay%3Dfalse&referer=https%3A%2F%2Fbuy.cloud.tencent.com%2Forder%2Fcheck:0
[ 1042901ms] [ERROR] Failed to load resource: net::ERR_CONNECTION_CLOSED @ https://rumt-zh.com/collect?from=https%3A%2F%2Fbuy.cloud.tencent.com%2Forder%2Fdone%3Ffrom%3DpayDealBtn%26dealName%3D20260426065141641504001%26productFrom%3D%26payMode%3D1%26orderMode%3D0%26isAccountFinanceAgent%3Dfalse%26isBenefitPrePay%3Dfalse&id=nGLOZiKDeLo71dDead&uin=100048431065&version=1.43.57&aid=696bda3c-0e0b-4bcc-a005-f299f1c8d932&env=production&ext1=platform&platform=3&netType=3&vp=1707%20*%20932&sr=1707%20*%201067&sessionId=14ed5188a8694a22a77ff498860aa315&referer=https%3A%2F%2Fbuy.cloud.tencent.com%2Forder%2Fcheck:0
[ 1043578ms] [ERROR] Failed to load resource: net::ERR_CONNECTION_CLOSED @ https://main.qcloudimg.com/image/product/2387/16_16/gray.svg:0
[ 1043578ms] [ERROR] Failed to load resource: net::ERR_CONNECTION_CLOSED @ https://main.qcloudimg.com/image/product/501/16_16/gray.svg:0
[ 1043747ms] [ERROR] Failed to load resource: net::ERR_CONNECTION_CLOSED @ https://main.qcloudimg.com/image/product/2738/16_16/gray.svg:0
[ 1043749ms] [ERROR] Failed to load resource: net::ERR_CONNECTION_CLOSED @ https://main.qcloudimg.com/image/product/2678/16_16/gray.svg:0
[ 1043936ms] [ERROR] Failed to load resource: net::ERR_CONNECTION_CLOSED @ https://rumt-zh.com/collect?from=https%3A%2F%2Fbuy.cloud.tencent.com%2Forder%2Fdone%3Ffrom%3DpayDealBtn%26dealName%3D20260426065141641504001%26productFrom%3D%26payMode%3D1%26orderMode%3D0%26isAccountFinanceAgent%3Dfalse%26isBenefitPrePay%3Dfalse&id=nGLOZiKDeLo71dDead&uin=100048431065&version=1.43.57&aid=696bda3c-0e0b-4bcc-a005-f299f1c8d932&env=production&ext1=platform&platform=3&netType=3&vp=1707%20*%20932&sr=1707%20*%201067&sessionId=14ed5188a8694a22a77ff498860aa315&referer=https%3A%2F%2Fbuy.cloud.tencent.com%2Forder%2Fcheck:0
[ 1044110ms] [ERROR] Failed to load resource: net::ERR_CONNECTION_CLOSED @ https://main.qcloudimg.com/image/product/2681/16_16/gray.svg:0
[ 1044290ms] [ERROR] Failed to load resource: net::ERR_CONNECTION_CLOSED @ https://main.qcloudimg.com/image/product/2684/16_16/gray.svg:0
[ 1044296ms] [ERROR] Failed to load resource: net::ERR_CONNECTION_CLOSED @ https://main.qcloudimg.com/image/product/2604/16_16/gray.svg:0
[ 1044484ms] [ERROR] Failed to load resource: net::ERR_CONNECTION_CLOSED @ https://rumt-zh.com/collect?from=https%3A%2F%2Fbuy.cloud.tencent.com%2Forder%2Fdone%3Ffrom%3DpayDealBtn%26dealName%3D20260426065141641504001%26productFrom%3D%26payMode%3D1%26orderMode%3D0%26isAccountFinanceAgent%3Dfalse%26isBenefitPrePay%3Dfalse&id=nGLOZiKDeLo71dDead&uin=100048431065&version=1.43.57&aid=696bda3c-0e0b-4bcc-a005-f299f1c8d932&env=production&ext1=platform&platform=3&netType=3&vp=1707%20*%20932&sr=1707%20*%201067&sessionId=14ed5188a8694a22a77ff498860aa315&referer=https%3A%2F%2Fbuy.cloud.tencent.com%2Forder%2Fcheck:0
[ 1044928ms] [ERROR] Failed to load resource: net::ERR_CONNECTION_CLOSED @ https://main.qcloudimg.com/image/product/2605/16_16/gray.svg:0
[ 1045107ms] [ERROR] Failed to load resource: net::ERR_CONNECTION_CLOSED @ https://rumt-zh.com/collect?from=https%3A%2F%2Fbuy.cloud.tencent.com%2Forder%2Fdone%3Ffrom%3DpayDealBtn%26dealName%3D20260426065141641504001%26productFrom%3D%26payMode%3D1%26orderMode%3D0%26isAccountFinanceAgent%3Dfalse%26isBenefitPrePay%3Dfalse&id=nGLOZiKDeLo71dDead&uin=100048431065&version=1.43.57&aid=696bda3c-0e0b-4bcc-a005-f299f1c8d932&env=production&ext1=platform&platform=3&netType=3&vp=1707%20*%20932&sr=1707%20*%201067&sessionId=14ed5188a8694a22a77ff498860aa315&referer=https%3A%2F%2Fbuy.cloud.tencent.com%2Forder%2Fcheck:0
[ 1045472ms] [ERROR] Failed to load resource: net::ERR_CONNECTION_CLOSED @ https://main.qcloudimg.com/image/product/2606/16_16/gray.svg:0
[ 1045640ms] [ERROR] Failed to load resource: net::ERR_CONNECTION_CLOSED @ https://main.qcloudimg.com/image/product/2607/16_16/gray.svg:0
[ 1045643ms] [ERROR] Failed to load resource: net::ERR_CONNECTION_CLOSED @ https://main.qcloudimg.com/image/product/2608/16_16/gray.svg:0
[ 1045645ms] [ERROR] Failed to load resource: net::ERR_CONNECTION_CLOSED @ https://main.qcloudimg.com/image/product/504/16_16/gray.svg:0
[ 1046009ms] [ERROR] Failed to load resource: net::ERR_CONNECTION_CLOSED @ https://main.qcloudimg.com/image/product/508/16_16/gray.svg:0
[ 1046013ms] [ERROR] Failed to load resource: net::ERR_CONNECTION_CLOSED @ https://main.qcloudimg.com/image/product/3035/16_16/gray.svg:0
[ 1046013ms] [ERROR] Failed to load resource: net::ERR_CONNECTION_CLOSED @ https://main.qcloudimg.com/image/product/509/16_16/gray.svg:0
[ 1046217ms] [ERROR] Failed to load resource: net::ERR_CONNECTION_CLOSED @ https://rumt-zh.com/collect?from=https%3A%2F%2Fbuy.cloud.tencent.com%2Forder%2Fdone%3Ffrom%3DpayDealBtn%26dealName%3D20260426065141641504001%26productFrom%3D%26payMode%3D1%26orderMode%3D0%26isAccountFinanceAgent%3Dfalse%26isBenefitPrePay%3Dfalse&id=nGLOZiKDeLo71dDead&uin=100048431065&version=1.43.57&aid=696bda3c-0e0b-4bcc-a005-f299f1c8d932&env=production&ext1=platform&platform=3&netType=3&vp=1707%20*%20932&sr=1707%20*%201067&sessionId=14ed5188a8694a22a77ff498860aa315&referer=https%3A%2F%2Fbuy.cloud.tencent.com%2Forder%2Fcheck:0
[ 1046395ms] [ERROR] Failed to load resource: net::ERR_CONNECTION_CLOSED @ https://main.qcloudimg.com/image/product/2834/16_16/gray.svg:0
[ 1046399ms] [ERROR] Failed to load resource: net::ERR_CONNECTION_CLOSED @ https://main.qcloudimg.com/image/product/2471/16_16/gray.svg:0
[ 1046399ms] [ERROR] Failed to load resource: net::ERR_CONNECTION_CLOSED @ https://main.qcloudimg.com/image/product/518/16_16/gray.svg:0
[ 1046582ms] [ERROR] Failed to load resource: net::ERR_CONNECTION_CLOSED @ https://main.qcloudimg.com/image/product/516/16_16/gray.svg:0
[ 1046765ms] [ERROR] Failed to load resource: net::ERR_CONNECTION_CLOSED @ https://main.qcloudimg.com/image/product/517/16_16/gray.svg:0
[ 1046769ms] [ERROR] Failed to load resource: net::ERR_CONNECTION_CLOSED @ https://rumt-zh.com/collect?from=https%3A%2F%2Fbuy.cloud.tencent.com%2Forder%2Fdone%3Ffrom%3DpayDealBtn%26dealName%3D20260426065141641504001%26productFrom%3D%26payMode%3D1%26orderMode%3D0%26isAccountFinanceAgent%3Dfalse%26isBenefitPrePay%3Dfalse&id=nGLOZiKDeLo71dDead&uin=100048431065&version=1.43.57&aid=696bda3c-0e0b-4bcc-a005-f299f1c8d932&env=production&ext1=platform&platform=3&netType=3&vp=1707%20*%20932&sr=1707%20*%201067&sessionId=14ed5188a8694a22a77ff498860aa315&referer=https%3A%2F%2Fbuy.cloud.tencent.com%2Forder%2Fcheck:0
[ 1046962ms] [ERROR] Failed to load resource: net::ERR_CONNECTION_CLOSED @ https://main.qcloudimg.com/image/product/513/16_16/gray.svg:0
[ 1046971ms] [ERROR] Failed to load resource: net::ERR_CONNECTION_CLOSED @ https://main.qcloudimg.com/image/product/520/16_16/gray.svg:0
[ 1046972ms] [ERROR] Failed to load resource: net::ERR_CONNECTION_CLOSED @ https://main.qcloudimg.com/image/product/3070/16_16/gray.svg:0
[ 1046972ms] [ERROR] Failed to load resource: net::ERR_CONNECTION_CLOSED @ https://main.qcloudimg.com/image/product/524/16_16/gray.svg:0
[ 1047083ms] [ERROR] Failed to load resource: net::ERR_CONNECTION_CLOSED @ https://main.qcloudimg.com/image/product/2406/16_16/gray.svg:0
[ 1047147ms] [ERROR] Failed to load resource: net::ERR_CONNECTION_CLOSED @ https://main.qcloudimg.com/image/product/543/16_16/gray.svg:0
[ 1047335ms] [ERROR] Failed to load resource: net::ERR_CONNECTION_CLOSED @ https://rumt-zh.com/collect?from=https%3A%2F%2Fbuy.cloud.tencent.com%2Forder%2Fdone%3Ffrom%3DpayDealBtn%26dealName%3D20260426065141641504001%26productFrom%3D%26payMode%3D1%26orderMode%3D0%26isAccountFinanceAgent%3Dfalse%26isBenefitPrePay%3Dfalse&id=nGLOZiKDeLo71dDead&uin=100048431065&version=1.43.57&aid=696bda3c-0e0b-4bcc-a005-f299f1c8d932&env=production&ext1=platform&platform=3&netType=3&vp=1707%20*%20932&sr=1707%20*%201067&sessionId=14ed5188a8694a22a77ff498860aa315&referer=https%3A%2F%2Fbuy.cloud.tencent.com%2Forder%2Fcheck:0
[ 1047450ms] [ERROR] Failed to load resource: net::ERR_CONNECTION_CLOSED @ https://main.qcloudimg.com/image/product/542/16_16/gray.svg:0
[ 1047705ms] [ERROR] Failed to load resource: net::ERR_CONNECTION_CLOSED @ https://rumt-zh.com/collect?from=https%3A%2F%2Fbuy.cloud.tencent.com%2Forder%2Fdone%3Ffrom%3DpayDealBtn%26dealName%3D20260426065141641504001%26productFrom%3D%26payMode%3D1%26orderMode%3D0%26isAccountFinanceAgent%3Dfalse%26isBenefitPrePay%3Dfalse&id=nGLOZiKDeLo71dDead&uin=100048431065&version=1.43.57&aid=696bda3c-0e0b-4bcc-a005-f299f1c8d932&env=production&ext1=platform&platform=3&netType=3&vp=1707%20*%20932&sr=1707%20*%201067&sessionId=14ed5188a8694a22a77ff498860aa315&referer=https%3A%2F%2Fbuy.cloud.tencent.com%2Forder%2Fcheck:0
[ 1047813ms] [ERROR] Failed to load resource: net::ERR_CONNECTION_CLOSED @ https://main.qcloudimg.com/image/product/506/16_16/gray.svg:0
[ 1047818ms] [ERROR] Failed to load resource: net::ERR_CONNECTION_CLOSED @ https://main.qcloudimg.com/image/product/529/16_16/gray.svg:0
[ 1047999ms] [ERROR] Failed to load resource: net::ERR_CONNECTION_CLOSED @ https://main.qcloudimg.com/image/product/531/16_16/gray.svg:0
[ 1048001ms] [ERROR] Failed to load resource: net::ERR_CONNECTION_CLOSED @ https://main.qcloudimg.com/image/product/3008/16_16/gray.svg:0
[ 1048135ms] [ERROR] Failed to load resource: net::ERR_CONNECTION_CLOSED @ https://main.qcloudimg.com/image/product/532/16_16/gray.svg:0
[ 1048374ms] [ERROR] Failed to load resource: net::ERR_CONNECTION_CLOSED @ https://main.qcloudimg.com/image/product/534/16_16/gray.svg:0
[ 1048379ms] [ERROR] Failed to load resource: net::ERR_CONNECTION_CLOSED @ https://rumt-zh.com/collect?from=https%3A%2F%2Fbuy.cloud.tencent.com%2Forder%2Fdone%3Ffrom%3DpayDealBtn%26dealName%3D20260426065141641504001%26productFrom%3D%26payMode%3D1%26orderMode%3D0%26isAccountFinanceAgent%3Dfalse%26isBenefitPrePay%3Dfalse&id=nGLOZiKDeLo71dDead&uin=100048431065&version=1.43.57&aid=696bda3c-0e0b-4bcc-a005-f299f1c8d932&env=production&ext1=platform&platform=3&netType=3&vp=1707%20*%20932&sr=1707%20*%201067&sessionId=14ed5188a8694a22a77ff498860aa315&referer=https%3A%2F%2Fbuy.cloud.tencent.com%2Forder%2Fcheck:0
[ 1048502ms] [ERROR] Failed to load resource: net::ERR_CONNECTION_CLOSED @ https://main.qcloudimg.com/image/product/3012/16_16/gray.svg:0
[ 1048574ms] [ERROR] Failed to load resource: net::ERR_CONNECTION_CLOSED @ https://main.qcloudimg.com/image/product/538/16_16/gray.svg:0
[ 1048574ms] [ERROR] Failed to load resource: net::ERR_CONNECTION_CLOSED @ https://main.qcloudimg.com/image/product/536/16_16/gray.svg:0
[ 1048745ms] [ERROR] Failed to load resource: net::ERR_CONNECTION_CLOSED @ https://main.qcloudimg.com/image/product/2530/16_16/gray.svg:0
[ 1048746ms] [ERROR] Failed to load resource: net::ERR_CONNECTION_CLOSED @ https://main.qcloudimg.com/image/product/3039/16_16/gray.svg:0
[ 1048952ms] [ERROR] Failed to load resource: net::ERR_CONNECTION_CLOSED @ https://main.qcloudimg.com/image/product/548/16_16/gray.svg:0
[ 1048977ms] [ERROR] Failed to load resource: net::ERR_CONNECTION_CLOSED @ https://rumt-zh.com/collect?from=https%3A%2F%2Fbuy.cloud.tencent.com%2Forder%2Fdone%3Ffrom%3DpayDealBtn%26dealName%3D20260426065141641504001%26productFrom%3D%26payMode%3D1%26orderMode%3D0%26isAccountFinanceAgent%3Dfalse%26isBenefitPrePay%3Dfalse&id=nGLOZiKDeLo71dDead&uin=100048431065&version=1.43.57&aid=696bda3c-0e0b-4bcc-a005-f299f1c8d932&env=production&ext1=platform&platform=3&netType=3&vp=1707%20*%20932&sr=1707%20*%201067&sessionId=14ed5188a8694a22a77ff498860aa315&referer=https%3A%2F%2Fbuy.cloud.tencent.com%2Forder%2Fcheck:0
[ 1049702ms] [ERROR] Failed to load resource: net::ERR_CONNECTION_CLOSED @ https://rumt-zh.com/collect?from=https%3A%2F%2Fbuy.cloud.tencent.com%2Forder%2Fdone%3Ffrom%3DpayDealBtn%26dealName%3D20260426065141641504001%26productFrom%3D%26payMode%3D1%26orderMode%3D0%26isAccountFinanceAgent%3Dfalse%26isBenefitPrePay%3Dfalse&id=nGLOZiKDeLo71dDead&uin=100048431065&version=1.43.57&aid=696bda3c-0e0b-4bcc-a005-f299f1c8d932&env=production&ext1=platform&platform=3&netType=3&vp=1707%20*%20932&sr=1707%20*%201067&sessionId=14ed5188a8694a22a77ff498860aa315&referer=https%3A%2F%2Fbuy.cloud.tencent.com%2Forder%2Fcheck:0
[ 1050269ms] [ERROR] Failed to load resource: net::ERR_CONNECTION_CLOSED @ https://sensors.cloud.tencent.com:8106/sa?project=default&token=schemaLimited-zEb9s3Rz:0
[ 1051035ms] [ERROR] Failed to load resource: net::ERR_CONNECTION_CLOSED @ https://rumt-zh.com/speed/performance?dnsLookup=0&tcp=0&ssl=0&ttfb=0&contentDownload=0&domParse=185&resourceDownload=11009&firstScreenTiming=2363&from=https%3A%2F%2Fbuy.cloud.tencent.com%2Forder%2Fdone%3Ffrom%3DpayDealBtn%26dealName%3D20260426065141641504001%26productFrom%3D%26payMode%3D1%26orderMode%3D0%26isAccountFinanceAgent%3Dfalse%26isBenefitPrePay%3Dfalse&id=nGLOZiKDeLo71dDead&uin=100048431065&version=1.43.57&aid=696bda3c-0e0b-4bcc-a005-f299f1c8d932&env=production&ext1=platform&platform=3&netType=3&vp=1707%20*%20932&sr=1707%20*%201067&sessionId=14ed5188a8694a22a77ff498860aa315&referer=https%3A%2F%2Fbuy.cloud.tencent.com%2Forder%2Fcheck&:0
[ 1051399ms] [ERROR] Failed to load resource: net::ERR_CONNECTION_CLOSED @ https://rumt-zh.com/speed?from=https%3A%2F%2Fbuy.cloud.tencent.com%2Forder%2Fdone%3Ffrom%3DpayDealBtn%26dealName%3D20260426065141641504001%26productFrom%3D%26payMode%3D1%26orderMode%3D0%26isAccountFinanceAgent%3Dfalse%26isBenefitPrePay%3Dfalse&id=nGLOZiKDeLo71dDead&uin=100048431065&version=1.43.57&aid=696bda3c-0e0b-4bcc-a005-f299f1c8d932&env=production&ext1=platform&platform=3&netType=3&vp=1707%20*%20932&sr=1707%20*%201067&sessionId=14ed5188a8694a22a77ff498860aa315&referer=https%3A%2F%2Fbuy.cloud.tencent.com%2Forder%2Fcheck:0
[ 1051403ms] [ERROR] Failed to load resource: net::ERR_CONNECTION_CLOSED @ https://sensors.cloud.tencent.com:8106/sa?project=default&token=schemaLimited-zEb9s3Rz:0
[ 1051734ms] [ERROR] Failed to load resource: net::ERR_CONNECTION_CLOSED @ https://sensors.cloud.tencent.com:8106/sa?project=default&token=schemaLimited-zEb9s3Rz:0
[ 1053606ms] [ERROR] Failed to load resource: net::ERR_CONNECTION_CLOSED @ https://sensors.cloud.tencent.com:8106/sa?project=default&token=schemaLimited-zEb9s3Rz:0
[ 1072873ms] [ERROR] Failed to load resource: net::ERR_CONNECTION_CLOSED @ https://rumt-zh.com/rateConfig?id=nGLOZiKDeLo71dDead&uin=100048431065&version=1.43.57&aid=696bda3c-0e0b-4bcc-a005-f299f1c8d932&env=production&ext1=platform&platform=3&netType=3&vp=1707%20*%20932&sr=1707%20*%201067&sessionId=14ed5188a8694a22a77ff498860aa315&from=https%3A%2F%2Fbuy.cloud.tencent.com%2Forder%2Fdone%3Ffrom%3DpayDealBtn%26dealName%3D20260426065141641504001%26productFrom%3D%26payMode%3D1%26orderMode%3D0%26isAccountFinanceAgent%3Dfalse%26isBenefitPrePay%3Dfalse&referer=https%3A%2F%2Fbuy.cloud.tencent.com%2Forder%2Fcheck:0
[ 1215607ms] [ERROR] Failed to load resource: net::ERR_CONNECTION_CLOSED @ https://sensors.cloud.tencent.com:8106/sa?project=default&token=schemaLimited-zEb9s3Rz:0
[ 1373689ms] [ERROR] Failed to load resource: net::ERR_CONNECTION_CLOSED @ https://rumt-zh.com/rateConfig?id=nGLOZiKDeLo71dDead&uin=100048431065&version=1.43.57&aid=696bda3c-0e0b-4bcc-a005-f299f1c8d932&env=production&ext1=platform&platform=3&netType=3&vp=1707%20*%20932&sr=1707%20*%201067&sessionId=14ed5188a8694a22a77ff498860aa315&from=https%3A%2F%2Fbuy.cloud.tencent.com%2Forder%2Fdone%3Ffrom%3DpayDealBtn%26dealName%3D20260426065141641504001%26productFrom%3D%26payMode%3D1%26orderMode%3D0%26isAccountFinanceAgent%3Dfalse%26isBenefitPrePay%3Dfalse&referer=https%3A%2F%2Fbuy.cloud.tencent.com%2Forder%2Fcheck:0
[ 1674074ms] [ERROR] Failed to load resource: net::ERR_CONNECTION_CLOSED @ https://rumt-zh.com/rateConfig?id=nGLOZiKDeLo71dDead&uin=100048431065&version=1.43.57&aid=696bda3c-0e0b-4bcc-a005-f299f1c8d932&env=production&ext1=platform&platform=3&netType=3&vp=1707%20*%20932&sr=1707%20*%201067&sessionId=14ed5188a8694a22a77ff498860aa315&from=https%3A%2F%2Fbuy.cloud.tencent.com%2Forder%2Fdone%3Ffrom%3DpayDealBtn%26dealName%3D20260426065141641504001%26productFrom%3D%26payMode%3D1%26orderMode%3D0%26isAccountFinanceAgent%3Dfalse%26isBenefitPrePay%3Dfalse&referer=https%3A%2F%2Fbuy.cloud.tencent.com%2Forder%2Fcheck:0
[ 1878005ms] [ERROR] Failed to load resource: net::ERR_CONNECTION_CLOSED @ https://rumt-zh.com/speed/webvitals?FCP=204&LCP=372&FID=8.5&CLS=-1&INP=-1&TTI=10979.79999999702&from=https%3A%2F%2Fbuy.cloud.tencent.com%2Forder%2Fdone%3Ffrom%3DpayDealBtn%26dealName%3D20260426065141641504001%26productFrom%3D%26payMode%3D1%26orderMode%3D0%26isAccountFinanceAgent%3Dfalse%26isBenefitPrePay%3Dfalse&id=nGLOZiKDeLo71dDead&uin=100048431065&version=1.43.57&aid=696bda3c-0e0b-4bcc-a005-f299f1c8d932&env=production&ext1=platform&platform=3&netType=3&vp=1707%20*%20932&sr=1707%20*%201067&sessionId=14ed5188a8694a22a77ff498860aa315&referer=https%3A%2F%2Fbuy.cloud.tencent.com%2Forder%2Fcheck:0
[ 1878007ms] [ERROR] Failed to load resource: net::ERR_CONNECTION_CLOSED @ https://sensors.cloud.tencent.com:8106/sa?project=default&token=schemaLimited-zEb9s3Rz:0
[ 1878120ms] [ERROR] Failed to load resource: net::ERR_CONNECTION_CLOSED @ https://sensors.cloud.tencent.com:8106/sa?project=default&token=schemaLimited-zEb9s3Rz:0
[ 1878122ms] [ERROR] Failed to load resource: net::ERR_CONNECTION_CLOSED @ https://sensors.cloud.tencent.com:8106/sa?project=default&token=schemaLimited-zEb9s3Rz:0
[ 1878186ms] [ERROR] Failed to load resource: net::ERR_CONNECTION_CLOSED @ https://ping.cloud.tencent.com/trafficCollect.php?expKey=stayTime&expValue=839439&uin=100048431065&ul=https%3A%2F%2Fbuy.cloud.tencent.com%2Forder%2Fdone%3Ffrom%3DpayDealBtn%26dealName%3D20260426065141641504001%26productFrom%3D%26payMode%3D1%26orderMode%3D0%26isAccountFinanceAgent%3Dfalse%26isBenefitPrePay%3Dfalse&referer=https%3A%2F%2Fbuy.cloud.tencent.com%2Forder%2Fcheck&fromSource=qcloud.directEnter.login&visitId=9ef819f9c814ce53d099ec8282d2cc8d&landingpage=https%3A%2F%2Fbuy.cloud.tencent.com%2Flowcode%3FbuyType%3Dtcb&language=zh&lastLoginType=&_ga=&pageTitle=%E8%AE%A2%E5%8D%95%E6%94%AF%E4%BB%98-%E8%85%BE%E8%AE%AF%E4%BA%91&from=payDealBtn&from_column=&type=OfficialNetworkTraffic&t=1777206875796:0
[ 1881582ms] [ERROR] Failed to load resource: net::ERR_CONNECTION_CLOSED @ https://oth.str.beacon.qq.com/trpc.beacon.configserver.BeaconConfigService/QueryConfig:0
[ 1881715ms] [ERROR] Failed to load resource: net::ERR_CONNECTION_CLOSED @ https://rumt-zh.com/collect/whitelist?id=nGLOZiKDeLo71dDead&uin=100048431065&version=1.43.57&aid=696bda3c-0e0b-4bcc-a005-f299f1c8d932&env=production&ext1=platform&platform=3&netType=3&vp=1707%20*%20932&sr=1707%20*%201067&sessionId=14ed5188a8694a22a77ff498860aa315&from=https%3A%2F%2Fbuy.cloud.tencent.com%2Forder%2Fdone%3Ffrom%3DpayDealBtn%26dealName%3D20260426065141641504001%26productFrom%3D%26payMode%3D1%26orderMode%3D0%26isAccountFinanceAgent%3Dfalse%26isBenefitPrePay%3Dfalse&referer=https%3A%2F%2Fbuy.cloud.tencent.com%2Forder%2Fdone%3Ffrom%3DpayDealBtn%26dealName%3D20260426065141641504001%26productFrom%3D%26payMode%3D1%26orderMode%3D0%26isAccountFinanceAgent%3Dfalse%26isBenefitPrePay%3Dfalse:0
[ 1881786ms] [ERROR] Failed to load resource: net::ERR_CONNECTION_CLOSED @ https://rumt-zh.com/rateConfig?id=nGLOZiKDeLo71dDead&uin=100048431065&version=1.43.57&aid=696bda3c-0e0b-4bcc-a005-f299f1c8d932&env=production&ext1=platform&platform=3&netType=3&vp=1707%20*%20932&sr=1707%20*%201067&sessionId=14ed5188a8694a22a77ff498860aa315&from=https%3A%2F%2Fbuy.cloud.tencent.com%2Forder%2Fdone%3Ffrom%3DpayDealBtn%26dealName%3D20260426065141641504001%26productFrom%3D%26payMode%3D1%26orderMode%3D0%26isAccountFinanceAgent%3Dfalse%26isBenefitPrePay%3Dfalse&referer=https%3A%2F%2Fbuy.cloud.tencent.com%2Forder%2Fdone%3Ffrom%3DpayDealBtn%26dealName%3D20260426065141641504001%26productFrom%3D%26payMode%3D1%26orderMode%3D0%26isAccountFinanceAgent%3Dfalse%26isBenefitPrePay%3Dfalse:0
[ 1882477ms] [ERROR] Failed to load resource: net::ERR_CONNECTION_CLOSED @ https://rumt-zh.com/collect/pv?originFrom=https%3A%2F%2Fbuy.cloud.tencent.com%2Forder%2Fdone%3Ffrom%3DpayDealBtn%26dealName%3D20260426065141641504001%26productFrom%3D%26payMode%3D1%26orderMode%3D0%26isAccountFinanceAgent%3Dfalse%26isBenefitPrePay%3Dfalse&id=nGLOZiKDeLo71dDead&uin=100048431065&version=1.43.57&aid=696bda3c-0e0b-4bcc-a005-f299f1c8d932&env=production&ext1=platform&platform=3&netType=3&vp=1707%20*%20932&sr=1707%20*%201067&sessionId=14ed5188a8694a22a77ff498860aa315&from=https%3A%2F%2Fbuy.cloud.tencent.com%2Forder%2Fdone%3Ffrom%3DpayDealBtn%26dealName%3D20260426065141641504001%26productFrom%3D%26payMode%3D1%26orderMode%3D0%26isAccountFinanceAgent%3Dfalse%26isBenefitPrePay%3Dfalse&referer=https%3A%2F%2Fbuy.cloud.tencent.com%2Forder%2Fdone%3Ffrom%3DpayDealBtn%26dealName%3D20260426065141641504001%26productFrom%3D%26payMode%3D1%26orderMode%3D0%26isAccountFinanceAgent%3Dfalse%26isBenefitPrePay%3Dfalse:0
[ 1883036ms] [ERROR] Failed to load resource: net::ERR_CONNECTION_CLOSED @ https://rumt-zh.com/collect?from=https%3A%2F%2Fbuy.cloud.tencent.com%2Forder%2Fdone%3Ffrom%3DpayDealBtn%26dealName%3D20260426065141641504001%26productFrom%3D%26payMode%3D1%26orderMode%3D0%26isAccountFinanceAgent%3Dfalse%26isBenefitPrePay%3Dfalse&id=nGLOZiKDeLo71dDead&uin=100048431065&version=1.43.57&aid=696bda3c-0e0b-4bcc-a005-f299f1c8d932&env=production&ext1=platform&platform=3&netType=3&vp=1707%20*%20932&sr=1707%20*%201067&sessionId=14ed5188a8694a22a77ff498860aa315&referer=https%3A%2F%2Fbuy.cloud.tencent.com%2Forder%2Fdone%3Ffrom%3DpayDealBtn%26dealName%3D20260426065141641504001%26productFrom%3D%26payMode%3D1%26orderMode%3D0%26isAccountFinanceAgent%3Dfalse%26isBenefitPrePay%3Dfalse:0
[ 1883297ms] [LOG] [decodeBeaconParams] Unexpected end of JSON input @ https://cloudcache.tencent-cloud.com/qcloud/buy/tcb_buy/dist/order/done.7cd03bf2b6f58190e354.js:94
[ 1883390ms] [ERROR] Failed to load resource: net::ERR_CONNECTION_CLOSED @ https://rumt-zh.com/speed?from=https%3A%2F%2Fbuy.cloud.tencent.com%2Forder%2Fdone%3Ffrom%3DpayDealBtn%26dealName%3D20260426065141641504001%26productFrom%3D%26payMode%3D1%26orderMode%3D0%26isAccountFinanceAgent%3Dfalse%26isBenefitPrePay%3Dfalse&id=nGLOZiKDeLo71dDead&uin=100048431065&version=1.43.57&aid=696bda3c-0e0b-4bcc-a005-f299f1c8d932&env=production&ext1=platform&platform=3&netType=3&vp=1707%20*%20932&sr=1707%20*%201067&sessionId=14ed5188a8694a22a77ff498860aa315&referer=https%3A%2F%2Fbuy.cloud.tencent.com%2Forder%2Fdone%3Ffrom%3DpayDealBtn%26dealName%3D20260426065141641504001%26productFrom%3D%26payMode%3D1%26orderMode%3D0%26isAccountFinanceAgent%3Dfalse%26isBenefitPrePay%3Dfalse:0
[ 1883420ms] [ERROR] Failed to load resource: net::ERR_CONNECTION_CLOSED @ https://ping.cloud.tencent.com/trafficCollect.php?expKey=browse&expValue=https%3A%2F%2Fbuy.cloud.tencent.com%2Forder%2Fdone%3Ffrom%3DpayDealBtn%26dealName%3D20260426065141641504001%26productFrom%3D%26payMode%3D1%26orderMode%3D0%26isAccountFinanceAgent%3Dfalse%26isBenefitPrePay%3Dfalse&uin=100048431065&ul=https%3A%2F%2Fbuy.cloud.tencent.com%2Forder%2Fdone%3Ffrom%3DpayDealBtn%26dealName%3D20260426065141641504001%26productFrom%3D%26payMode%3D1%26orderMode%3D0%26isAccountFinanceAgent%3Dfalse%26isBenefitPrePay%3Dfalse&referer=https%3A%2F%2Fbuy.cloud.tencent.com%2Forder%2Fdone%3Ffrom%3DpayDealBtn%26dealName%3D20260426065141641504001%26productFrom%3D%26payMode%3D1%26orderMode%3D0%26isAccountFinanceAgent%3Dfalse%26isBenefitPrePay%3Dfalse&fromSource=qcloud.directEnter.login&visitId=9ef819f9c814ce53d099ec8282d2cc8d&landingpage=https%3A%2F%2Fbuy.cloud.tencent.com%2Flowcode%3FbuyType%3Dtcb&language=zh&lastLoginType=&_ga=&pageTitle=%E8%AE%A2%E5%8D%95%E6%94%AF%E4%BB%98-%E8%85%BE%E8%AE%AF%E4%BA%91&from=payDealBtn&from_column=&type=OfficialNetworkTraffic&t=1777206879405:0
[ 1883681ms] [ERROR] Failed to load resource: net::ERR_CONNECTION_CLOSED @ https://helix.cloud.tencent.com/web-sdk.js:0
[ 1884075ms] [ERROR] Failed to load resource: net::ERR_CONNECTION_CLOSED @ https://rumt-zh.com/collect?from=https%3A%2F%2Fbuy.cloud.tencent.com%2Forder%2Fdone%3Ffrom%3DpayDealBtn%26dealName%3D20260426065141641504001%26productFrom%3D%26payMode%3D1%26orderMode%3D0%26isAccountFinanceAgent%3Dfalse%26isBenefitPrePay%3Dfalse&id=nGLOZiKDeLo71dDead&uin=100048431065&version=1.43.57&aid=696bda3c-0e0b-4bcc-a005-f299f1c8d932&env=production&ext1=platform&platform=3&netType=3&vp=1707%20*%20932&sr=1707%20*%201067&sessionId=14ed5188a8694a22a77ff498860aa315&referer=https%3A%2F%2Fbuy.cloud.tencent.com%2Forder%2Fdone%3Ffrom%3DpayDealBtn%26dealName%3D20260426065141641504001%26productFrom%3D%26payMode%3D1%26orderMode%3D0%26isAccountFinanceAgent%3Dfalse%26isBenefitPrePay%3Dfalse:0
[ 1884604ms] [ERROR] Failed to load resource: net::ERR_CONNECTION_CLOSED @ https://main.qcloudimg.com/image/product/547/16_16/gray.svg:0
[ 1884605ms] [ERROR] Failed to load resource: net::ERR_CONNECTION_CLOSED @ https://rumt-zh.com/speed?from=https%3A%2F%2Fbuy.cloud.tencent.com%2Forder%2Fdone%3Ffrom%3DpayDealBtn%26dealName%3D20260426065141641504001%26productFrom%3D%26payMode%3D1%26orderMode%3D0%26isAccountFinanceAgent%3Dfalse%26isBenefitPrePay%3Dfalse&id=nGLOZiKDeLo71dDead&uin=100048431065&version=1.43.57&aid=696bda3c-0e0b-4bcc-a005-f299f1c8d932&env=production&ext1=platform&platform=3&netType=3&vp=1707%20*%20932&sr=1707%20*%201067&sessionId=14ed5188a8694a22a77ff498860aa315&referer=https%3A%2F%2Fbuy.cloud.tencent.com%2Forder%2Fdone%3Ffrom%3DpayDealBtn%26dealName%3D20260426065141641504001%26productFrom%3D%26payMode%3D1%26orderMode%3D0%26isAccountFinanceAgent%3Dfalse%26isBenefitPrePay%3Dfalse:0
[ 1885481ms] [ERROR] Failed to load resource: net::ERR_CONNECTION_CLOSED @ https://rumt-zh.com/collect?from=https%3A%2F%2Fbuy.cloud.tencent.com%2Forder%2Fdone%3Ffrom%3DpayDealBtn%26dealName%3D20260426065141641504001%26productFrom%3D%26payMode%3D1%26orderMode%3D0%26isAccountFinanceAgent%3Dfalse%26isBenefitPrePay%3Dfalse&id=nGLOZiKDeLo71dDead&uin=100048431065&version=1.43.57&aid=696bda3c-0e0b-4bcc-a005-f299f1c8d932&env=production&ext1=platform&platform=3&netType=3&vp=1707%20*%20932&sr=1707%20*%201067&sessionId=14ed5188a8694a22a77ff498860aa315&referer=https%3A%2F%2Fbuy.cloud.tencent.com%2Forder%2Fdone%3Ffrom%3DpayDealBtn%26dealName%3D20260426065141641504001%26productFrom%3D%26payMode%3D1%26orderMode%3D0%26isAccountFinanceAgent%3Dfalse%26isBenefitPrePay%3Dfalse:0
[ 1885519ms] [ERROR] Failed to load resource: net::ERR_CONNECTION_CLOSED @ https://rumt-zh.com/rateConfig?id=nGLOZiKDeLo71dDead&uin=100048431065&version=1.43.57&aid=696bda3c-0e0b-4bcc-a005-f299f1c8d932&env=production&ext1=platform&platform=3&netType=3&vp=1707%20*%20932&sr=1707%20*%201067&sessionId=14ed5188a8694a22a77ff498860aa315&from=https%3A%2F%2Fbuy.cloud.tencent.com%2Forder%2Fdone%3Ffrom%3DpayDealBtn%26dealName%3D20260426065141641504001%26productFrom%3D%26payMode%3D1%26orderMode%3D0%26isAccountFinanceAgent%3Dfalse%26isBenefitPrePay%3Dfalse&referer=https%3A%2F%2Fbuy.cloud.tencent.com%2Forder%2Fdone%3Ffrom%3DpayDealBtn%26dealName%3D20260426065141641504001%26productFrom%3D%26payMode%3D1%26orderMode%3D0%26isAccountFinanceAgent%3Dfalse%26isBenefitPrePay%3Dfalse:0
[ 1885993ms] [ERROR] Failed to load resource: net::ERR_CONNECTION_CLOSED @ https://rumt-zh.com/collect?from=https%3A%2F%2Fbuy.cloud.tencent.com%2Forder%2Fdone%3Ffrom%3DpayDealBtn%26dealName%3D20260426065141641504001%26productFrom%3D%26payMode%3D1%26orderMode%3D0%26isAccountFinanceAgent%3Dfalse%26isBenefitPrePay%3Dfalse&id=nGLOZiKDeLo71dDead&uin=100048431065&version=1.43.57&aid=696bda3c-0e0b-4bcc-a005-f299f1c8d932&env=production&ext1=platform&platform=3&netType=3&vp=1707%20*%20932&sr=1707%20*%201067&sessionId=14ed5188a8694a22a77ff498860aa315&referer=https%3A%2F%2Fbuy.cloud.tencent.com%2Forder%2Fdone%3Ffrom%3DpayDealBtn%26dealName%3D20260426065141641504001%26productFrom%3D%26payMode%3D1%26orderMode%3D0%26isAccountFinanceAgent%3Dfalse%26isBenefitPrePay%3Dfalse:0
[ 1886298ms] [ERROR] Failed to load resource: net::ERR_CONNECTION_CLOSED @ https://rumt-zh.com/speed?from=https%3A%2F%2Fbuy.cloud.tencent.com%2Forder%2Fdone%3Ffrom%3DpayDealBtn%26dealName%3D20260426065141641504001%26productFrom%3D%26payMode%3D1%26orderMode%3D0%26isAccountFinanceAgent%3Dfalse%26isBenefitPrePay%3Dfalse&id=nGLOZiKDeLo71dDead&uin=100048431065&version=1.43.57&aid=696bda3c-0e0b-4bcc-a005-f299f1c8d932&env=production&ext1=platform&platform=3&netType=3&vp=1707%20*%20932&sr=1707%20*%201067&sessionId=14ed5188a8694a22a77ff498860aa315&referer=https%3A%2F%2Fbuy.cloud.tencent.com%2Forder%2Fdone%3Ffrom%3DpayDealBtn%26dealName%3D20260426065141641504001%26productFrom%3D%26payMode%3D1%26orderMode%3D0%26isAccountFinanceAgent%3Dfalse%26isBenefitPrePay%3Dfalse:0
[ 1886360ms] [ERROR] Failed to load resource: net::ERR_CONNECTION_CLOSED @ https://rumt-zh.com/collect?from=https%3A%2F%2Fbuy.cloud.tencent.com%2Forder%2Fdone%3Ffrom%3DpayDealBtn%26dealName%3D20260426065141641504001%26productFrom%3D%26payMode%3D1%26orderMode%3D0%26isAccountFinanceAgent%3Dfalse%26isBenefitPrePay%3Dfalse&id=nGLOZiKDeLo71dDead&uin=100048431065&version=1.43.57&aid=696bda3c-0e0b-4bcc-a005-f299f1c8d932&env=production&ext1=platform&platform=3&netType=3&vp=1707%20*%20932&sr=1707%20*%201067&sessionId=14ed5188a8694a22a77ff498860aa315&referer=https%3A%2F%2Fbuy.cloud.tencent.com%2Forder%2Fdone%3Ffrom%3DpayDealBtn%26dealName%3D20260426065141641504001%26productFrom%3D%26payMode%3D1%26orderMode%3D0%26isAccountFinanceAgent%3Dfalse%26isBenefitPrePay%3Dfalse:0
[ 1887113ms] [ERROR] Failed to load resource: net::ERR_CONNECTION_CLOSED @ https://main.qcloudimg.com/image/product/500/16_16/gray.svg:0
[ 1887114ms] [ERROR] Failed to load resource: net::ERR_CONNECTION_CLOSED @ https://main.qcloudimg.com/image/product/2980/16_16/gray.svg:0
[ 1887294ms] [ERROR] Failed to load resource: net::ERR_CONNECTION_CLOSED @ https://main.qcloudimg.com/image/product/2478/16_16/gray.svg:0
[ 1887355ms] [ERROR] Failed to load resource: net::ERR_CONNECTION_CLOSED @ https://main.qcloudimg.com/image/product/2387/16_16/gray.svg:0
[ 1887664ms] [ERROR] Failed to load resource: net::ERR_CONNECTION_CLOSED @ https://rumt-zh.com/collect?from=https%3A%2F%2Fbuy.cloud.tencent.com%2Forder%2Fdone%3Ffrom%3DpayDealBtn%26dealName%3D20260426065141641504001%26productFrom%3D%26payMode%3D1%26orderMode%3D0%26isAccountFinanceAgent%3Dfalse%26isBenefitPrePay%3Dfalse&id=nGLOZiKDeLo71dDead&uin=100048431065&version=1.43.57&aid=696bda3c-0e0b-4bcc-a005-f299f1c8d932&env=production&ext1=platform&platform=3&netType=3&vp=1707%20*%20932&sr=1707%20*%201067&sessionId=14ed5188a8694a22a77ff498860aa315&referer=https%3A%2F%2Fbuy.cloud.tencent.com%2Forder%2Fdone%3Ffrom%3DpayDealBtn%26dealName%3D20260426065141641504001%26productFrom%3D%26payMode%3D1%26orderMode%3D0%26isAccountFinanceAgent%3Dfalse%26isBenefitPrePay%3Dfalse:0
[ 1887667ms] [ERROR] Failed to load resource: net::ERR_CONNECTION_CLOSED @ https://main.qcloudimg.com/image/product/501/16_16/gray.svg:0
[ 1887667ms] [ERROR] Failed to load resource: net::ERR_CONNECTION_CLOSED @ https://main.qcloudimg.com/image/product/2738/16_16/gray.svg:0
[ 1887667ms] [ERROR] Failed to load resource: net::ERR_CONNECTION_CLOSED @ https://main.qcloudimg.com/image/product/2678/16_16/gray.svg:0
[ 1887667ms] [ERROR] Failed to load resource: net::ERR_CONNECTION_CLOSED @ https://main.qcloudimg.com/image/product/2681/16_16/gray.svg:0
[ 1887884ms] [ERROR] Failed to load resource: net::ERR_CONNECTION_CLOSED @ https://main.qcloudimg.com/image/product/2684/16_16/gray.svg:0
[ 1888042ms] [ERROR] Failed to load resource: net::ERR_CONNECTION_CLOSED @ https://rumt-zh.com/collect?from=https%3A%2F%2Fbuy.cloud.tencent.com%2Forder%2Fdone%3Ffrom%3DpayDealBtn%26dealName%3D20260426065141641504001%26productFrom%3D%26payMode%3D1%26orderMode%3D0%26isAccountFinanceAgent%3Dfalse%26isBenefitPrePay%3Dfalse&id=nGLOZiKDeLo71dDead&uin=100048431065&version=1.43.57&aid=696bda3c-0e0b-4bcc-a005-f299f1c8d932&env=production&ext1=platform&platform=3&netType=3&vp=1707%20*%20932&sr=1707%20*%201067&sessionId=14ed5188a8694a22a77ff498860aa315&referer=https%3A%2F%2Fbuy.cloud.tencent.com%2Forder%2Fdone%3Ffrom%3DpayDealBtn%26dealName%3D20260426065141641504001%26productFrom%3D%26payMode%3D1%26orderMode%3D0%26isAccountFinanceAgent%3Dfalse%26isBenefitPrePay%3Dfalse:0
[ 1888497ms] [WARNING] document.domain mutation is ignored because the surrounding agent cluster is origin-keyed. @ https://console.cloud.tencent.com/expense/deal?payMode=1:50
[ 1890249ms] [ERROR] Failed to load resource: net::ERR_CONNECTION_CLOSED @ https://oth.str.beacon.qq.com/trpc.beacon.configserver.BeaconConfigService/QueryConfig:0
[ 1891212ms] [ERROR] Failed to load resource: net::ERR_CONNECTION_CLOSED @ https://sensors.cloud.tencent.com:8106/sa.gif?project=default&token=schemaLimited-zEb9s3Rz:0
[ 1891527ms] [ERROR] Failed to load resource: net::ERR_CONNECTION_CLOSED @ https://sensors.cloud.tencent.com:8106/sa.gif?project=default&token=schemaLimited-zEb9s3Rz:0
[ 1895425ms] [ERROR] Failed to load resource: net::ERR_CONNECTION_CLOSED @ https://sensors.cloud.tencent.com:8106/sa.gif?project=default&token=schemaLimited-zEb9s3Rz:0
[ 1899756ms] [ERROR] Failed to load resource: net::ERR_CONNECTION_CLOSED @ https://cloudcache.tencentcs.com/qccomponent/_cloudcache_tencentcs_com_idc.js:0
[ 1901902ms] [ERROR] Failed to load resource: net::ERR_CONNECTION_CLOSED @ https://oth.str.beacon.qq.com/trpc.beacon.configserver.BeaconConfigService/QueryConfig:0
[ 1901903ms] [ERROR] Failed to load resource: net::ERR_CONNECTION_CLOSED @ https://main.qcloudimg.com/scripts/qccomponents/nav-product-tree.json:0
[ 1902360ms] [ERROR] Failed to load resource: net::ERR_CONNECTION_CLOSED @ https://helix.cloud.tencent.com/web-sdk.js:0
[ 1902702ms] [ERROR] Failed to load resource: net::ERR_CONNECTION_CLOSED @ https://main.qcloudimg.com/scripts/qccomponents/nav-product-tree.json:0
[ 1902712ms] [WARNING] Retrying %d (classic): %s 1 https://cloudcache.tencent-cloud.com/web-sdk.js @ https://console.cloud.tencent.com/expense/deal?payMode=1:1023
[ 1903481ms] [ERROR] Failed to load resource: net::ERR_CONNECTION_CLOSED @ https://sensors.cloud.tencent.com:8106/sa.gif?project=default&token=schemaLimited-zEb9s3Rz:0
[ 1903561ms] [ERROR] Failed to load resource: net::ERR_CONNECTION_CLOSED @ https://main.qcloudimg.com/qcloud/main/scripts/release/common/tag.publish.json?random=0.8409576080026444:0
[ 1903562ms] [ERROR] TypeError: Failed to fetch
    at https://cloudcache.tencent-cloud.com/qcloud/app/qcconsole_web/insight/insight-client.ae58d4552.js:1:56623
    at https://cloudcache.tencent-cloud.com/qcloud/app/qcconsole_web/insight/insight-client.ae58d4552.js:1:24944
    at new Promise (<anonymous>)
    at new e (https://cloudcache.tencent-cloud.com/qcloud/app/qcconsole_web/insight/insight-client.ae58d4552.js:1:24917)
    at https://cloudcache.tencent-cloud.com/qcloud/app/qcconsole_web/insight/insight-client.ae58d4552.js:1:56597
    at window.fetch (https://cloudcache.tencent-cloud.com/qcloud/tea/sdk/ban.zh.b82594aab1.js?max_age=31536000:1:2266994)
    at https://cloudcache.tencent-cloud.com/qcloud/tea/sdk/ai-assistant.zh.1e42f61afa.js?max_age=31536000:1:3306652
    at https://cloudcache.tencent-cloud.com/qcloud/tea/sdk/ai-assistant.zh.1e42f61afa.js?max_age=31536000:1:3305838
    at Object.next (https://cloudcache.tencent-cloud.com/qcloud/tea/sdk/ai-assistant.zh.1e42f61afa.js?max_age=31536000:1:3305943)
    at https://cloudcache.tencent-cloud.com/qcloud/tea/sdk/ai-assistant.zh.1e42f61afa.js?max_age=31536000:1:3304785
    at https://cloudcache.tencent-cloud.com/qcloud/app/qcconsole_web/insight/insight-client.ae58d4552.js:1:24944
    at new Promise (<anonymous>)
    at new e (https://cloudcache.tencent-cloud.com/qcloud/app/qcconsole_web/insight/insight-client.ae58d4552.js:1:24917)
    at pg (https://cloudcache.tencent-cloud.com/qcloud/tea/sdk/ai-assistant.zh.1e42f61afa.js?max_age=31536000:1:3304522)
    at hg (https://cloudcache.tencent-cloud.com/qcloud/tea/sdk/ai-assistant.zh.1e42f61afa.js?max_age=31536000:1:3306546)
    at Object.<anonymous> (https://cloudcache.tencent-cloud.com/qcloud/tea/sdk/ai-assistant.zh.1e42f61afa.js?max_age=31536000:1:3306210)
    at https://cloudcache.tencent-cloud.com/qcloud/tea/sdk/ai-assistant.zh.1e42f61afa.js?max_age=31536000:1:3305838
    at Object.next (https://cloudcache.tencent-cloud.com/qcloud/tea/sdk/ai-assistant.zh.1e42f61afa.js?max_age=31536000:1:3305943)
    at https://cloudcache.tencent-cloud.com/qcloud/tea/sdk/ai-assistant.zh.1e42f61afa.js?max_age=31536000:1:3304785
    at https://cloudcache.tencent-cloud.com/qcloud/app/qcconsole_web/insight/insight-client.ae58d4552.js:1:24944
    at new Promise (<anonymous>)
    at new e (https://cloudcache.tencent-cloud.com/qcloud/app/qcconsole_web/insight/insight-client.ae58d4552.js:1:24917)
    at pg (https://cloudcache.tencent-cloud.com/qcloud/tea/sdk/ai-assistant.zh.1e42f61afa.js?max_age=31536000:1:3304522)
    at Object.load (https://cloudcache.tencent-cloud.com/qcloud/tea/sdk/ai-assistant.zh.1e42f61afa.js?max_age=31536000:1:3306081)
    at Object.init (https://cloudcache.tencent-cloud.com/qcloud/tea/sdk/ai-assistant.zh.1e42f61afa.js?max_age=31536000:1:6174173)
    at https://cloudcache.tencent-cloud.com/qcloud/tea/sdk/menus.zh.c961e00b62.js?max_age=31536000:1:4511390
    at https://cloudcache.tencent-cloud.com/qcloud/tea/sdk/menus.zh.c961e00b62.js?max_age=31536000:1:4510984
    at Object.next (https://cloudcache.tencent-cloud.com/qcloud/tea/sdk/menus.zh.c961e00b62.js?max_age=31536000:1:4511089)
    at a (https://cloudcache.tencent-cloud.com/qcloud/tea/sdk/menus.zh.c961e00b62.js?max_age=31536000:1:4509796) @ https://cloudcache.tencent-cloud.com/qcloud/app/qcconsole_web/insight/insight-client.ae58d4552.js:0
[ 1903709ms] [ERROR] Failed to load resource: the server responded with a status of 404 () @ https://cloudcache.tencent-cloud.com/web-sdk.js:0
[ 1904185ms] [ERROR] Failed to load resource: net::ERR_CONNECTION_CLOSED @ https://cloudcache.tencentcs.com/web-sdk.js:0
[ 1904595ms] [ERROR] Failed to load resource: the server responded with a status of 404 () @ https://cloudcache.tencent-cloud.cn/web-sdk.js:0
[ 1905115ms] [WARNING] document.domain mutation is ignored because the surrounding agent cluster is origin-keyed. @ https://cloud.tencent.com/act/resource/opc-ads?p=https%3A%2F%2Fconsole.cloud.tencent.com%2Fexpense%2Fdeal%3FpayMode%3D1&dd=100048431065&pd=10001&tm=light&cs=:2
[ 1905134ms] [ERROR] Failed to load resource: the server responded with a status of 404 () @ https://cloudcache.tencentcs.cn/web-sdk.js:0
[ 1905134ms] [WARNING] Retrying %d (classic): %s 2 https://cloudcache.tencent-cloud.com/web-sdk.js @ https://console.cloud.tencent.com/expense/deal?payMode=1:1006
[ 1905270ms] [WARNING] document.domain mutation is ignored because the surrounding agent cluster is origin-keyed. @ https://slscache.tencent-cloud.cn/qcact-ssr/1azSIPRi4JLt7YjU9nP5q/_next/static/chunks/pages/resource-a477a56e92a15f6d5357.js:0
[ 1906070ms] [ERROR] Failed to load resource: net::ERR_CONNECTION_CLOSED @ https://cloudcache.tencentcs.com/web-sdk.js:0
[ 1906072ms] [WARNING] Retrying %d (classic): %s 3 https://cloudcache.tencentcs.com/web-sdk.js @ https://console.cloud.tencent.com/expense/deal?payMode=1:1006
[ 1906606ms] [ERROR] Failed to load resource: the server responded with a status of 404 () @ https://cloudcache.tencent-cloud.cn/web-sdk.js:0
[ 1906607ms] [WARNING] Retrying %d (classic): %s 4 https://cloudcache.tencent-cloud.com/web-sdk.js @ https://console.cloud.tencent.com/expense/deal?payMode=1:1023
[ 1907142ms] [WARNING] Retrying %d (classic): %s 5 https://cloudcache.tencent-cloud.com/web-sdk.js @ https://console.cloud.tencent.com/expense/deal?payMode=1:1023
[ 1907663ms] [ERROR] Failed to load resource: the server responded with a status of 404 () @ https://cloudcache.tencent-cloud.com/web-sdk.js:0
[ 1907664ms] [WARNING] Retrying %d (xhr): %s 6 https://cloudcache.tencent-cloud.com/web-sdk.js @ https://console.cloud.tencent.com/expense/deal?payMode=1:1039
[ 1908697ms] [ERROR] Failed to load resource: the server responded with a status of 404 () @ https://cloudcache.tencent-cloud.com/web-sdk.js?r=0.9165527646917767:0
[ 1913513ms] [ERROR] Failed to load resource: net::ERR_CONNECTION_CLOSED @ https://ping.cloud.tencent.com/trafficCollect.php?uin=100048431065&ul=https%3A%2F%2Fconsole.cloud.tencent.com%2Fexpense%2Fdeal&referer=https%3A%2F%2Fbuy.cloud.tencent.com%2Forder%2Fdone%3Ffrom%3DpayDealBtn%26dealName%3D20260426065141641504001%26productFrom%3D%26payMode%3D1%26orderMode%3D0%26isAccountFinanceAgent%3Dfalse%26isBenefitPrePay%3Dfalse&fromSource=qcloud.directEnter.login&visitId=9ef819f9c814ce53d099ec8282d2cc8d&landingpage=&language=zh&lastLoginType=&_ga=&pageTitle=%E6%88%91%E7%9A%84%E8%AE%A2%E5%8D%95%20-%20%E8%AE%A2%E5%8D%95%E7%AE%A1%E7%90%86%20-%20%E8%B4%B9%E7%94%A8%E4%B8%AD%E5%BF%83%20-%20%E6%8E%A7%E5%88%B6%E5%8F%B0&type=OfficialNetworkTraffic&expKey=browse&expValue=https%3A%2F%2Fconsole.cloud.tencent.com%2Fexpense%2Fdeal%3FpayMode%3D1&url=https%3A%2F%2Fconsole.cloud.tencent.com%2Fexpense%2Fdeal&t=1777206901467:0
[ 2111783ms] [ERROR] Failed to load resource: net::ERR_CONNECTION_CLOSED @ https://sensors.cloud.tencent.com:8106/sa.gif?project=default&token=schemaLimited-zEb9s3Rz:0
[ 2117066ms] [ERROR] Failed to load resource: net::ERR_CONNECTION_CLOSED @ https://sensors.cloud.tencent.com:8106/sa.gif?project=default&token=schemaLimited-zEb9s3Rz:0
